candidate_id,role,location,experience,education,first_source,application_date
1,Sales Executive,Pune,Senior,Master,Referral,2025-11-16
2,HR Specialist,Delhi,Senior,Master,Agency,2025-11-03
3,Software Engineer,Bangalore,Mid,Master,Referral,2024-05-16
4,Software Engineer,Pune,Mid,Bachelor,LinkedIn,2023-09-22
5,Sales Executive,Chennai,Mid,Diploma,CareerSite,2024-03-21
6,Data Analyst,Bangalore,Entry,Bachelor,LinkedIn,2025-06-30
7,Sales Executive,Pune,Entry,PhD,Referral,2023-01-19
8,Product Manager,Bangalore,Mid,PhD,CareerSite,2023-05-16
9,Sales Executive,Delhi,Entry,Diploma,Referral,2025-12-12
10,Data Analyst,Chennai,Entry,Master,LinkedIn,2025-04-09
11,Data Analyst,Bangalore,Senior,Master,CareerSite,2025-06-15
12,Data Analyst,Delhi,Mid,Diploma,Referral,2024-05-02
13,Sales Executive,Bangalore,Mid,Diploma,Agency,2025-12-03
14,Product Manager,Bangalore,Mid,Master,Naukri,2025-01-24
15,HR Specialist,Delhi,Senior,PhD,Referral,2024-07-29
16,Data Analyst,Delhi,Entry,Master,Referral,2025-07-14
17,Data Analyst,Delhi,Senior,Diploma,LinkedIn,2025-08-28
18,Software Engineer,Pune,Entry,Master,CareerSite,2023-07-06
19,Data Analyst,Bangalore,Senior,PhD,Referral,2024-12-18
20,Data Analyst,Delhi,Entry,Master,Naukri,2024-07-13
21,Sales Executive,Bangalore,Entry,Bachelor,Naukri,2025-08-19
22,Software Engineer,Mumbai,Mid,PhD,Agency,2024-09-19
23,Data Analyst,Bangalore,Entry,Diploma,Naukri,2023-06-02
24,Data Analyst,Delhi,Mid,PhD,Referral,2024-02-19
25,Data Analyst,Pune,Mid,PhD,Referral,2025-02-12
26,HR Specialist,Delhi,Entry,Diploma,Naukri,2023-11-11
27,HR Specialist,Pune,Entry,Master,Naukri,2023-04-14
28,Data Analyst,Delhi,Senior,PhD,LinkedIn,2025-05-26
29,Sales Executive,Chennai,Entry,Bachelor,LinkedIn,2023-07-11
30,Sales Executive,Delhi,Mid,Master,LinkedIn,2024-04-04
31,Sales Executive,Chennai,Entry,Diploma,LinkedIn,2024-04-29
32,HR Specialist,Bangalore,Mid,PhD,Naukri,2023-03-19
33,HR Specialist,Chennai,Mid,PhD,CareerSite,2024-08-24
34,Sales Executive,Mumbai,Entry,Master,LinkedIn,2023-04-21
35,HR Specialist,Pune,Entry,PhD,LinkedIn,2025-06-12
36,Data Analyst,Bangalore,Senior,Bachelor,CareerSite,2024-10-06
37,HR Specialist,Delhi,Entry,PhD,LinkedIn,2025-07-16
38,Data Analyst,Chennai,Senior,Diploma,Naukri,2024-11-26
39,Sales Executive,Pune,Mid,PhD,Referral,2026-01-01
40,Data Analyst,Bangalore,Mid,Diploma,LinkedIn,2025-09-11
41,Software Engineer,Delhi,Entry,Bachelor,Referral,2024-01-25
42,HR Specialist,Bangalore,Senior,Bachelor,Referral,2025-04-09
43,Sales Executive,Chennai,Entry,Diploma,CareerSite,2023-11-12
44,Product Manager,Bangalore,Mid,Master,CareerSite,2023-03-14
45,Sales Executive,Delhi,Entry,Diploma,LinkedIn,2025-11-26
46,Software Engineer,Mumbai,Mid,Diploma,LinkedIn,2023-06-23
47,Sales Executive,Pune,Entry,PhD,LinkedIn,2023-02-14
48,Sales Executive,Mumbai,Entry,Bachelor,Referral,2025-12-17
49,Data Analyst,Pune,Mid,Bachelor,CareerSite,2025-05-10
50,HR Specialist,Bangalore,Senior,Master,Referral,2023-05-12
51,Software Engineer,Mumbai,Entry,Master,CareerSite,2024-09-11
52,HR Specialist,Pune,Mid,Bachelor,LinkedIn,2023-06-03
53,Data Analyst,Mumbai,Senior,PhD,CareerSite,2025-11-08
54,Sales Executive,Pune,Senior,PhD,LinkedIn,2024-12-07
55,Product Manager,Chennai,Senior,Bachelor,LinkedIn,2025-06-19
56,Software Engineer,Delhi,Senior,PhD,LinkedIn,2025-08-18
57,HR Specialist,Chennai,Mid,PhD,Referral,2024-05-21
58,Software Engineer,Delhi,Entry,Bachelor,LinkedIn,2024-03-13
59,Sales Executive,Bangalore,Senior,Bachelor,Referral,2024-10-10
60,Product Manager,Chennai,Senior,PhD,LinkedIn,2023-04-24
61,Sales Executive,Delhi,Mid,PhD,CareerSite,2025-11-29
62,Software Engineer,Chennai,Senior,Bachelor,Referral,2025-11-28
63,Software Engineer,Chennai,Mid,Diploma,LinkedIn,2025-10-27
64,Sales Executive,Mumbai,Mid,Master,LinkedIn,2023-06-08
65,HR Specialist,Bangalore,Mid,Master,Naukri,2025-04-07
66,Data Analyst,Pune,Entry,Bachelor,Naukri,2025-06-19
67,Software Engineer,Delhi,Senior,PhD,Naukri,2025-09-21
68,Software Engineer,Pune,Mid,Diploma,CareerSite,2024-11-11
69,Sales Executive,Chennai,Senior,Bachelor,LinkedIn,2025-04-14
70,Product Manager,Delhi,Senior,Master,Referral,2025-03-12
71,Software Engineer,Bangalore,Entry,Diploma,Referral,2023-11-02
72,Data Analyst,Chennai,Mid,PhD,Naukri,2024-11-08
73,Data Analyst,Mumbai,Entry,Master,CareerSite,2025-10-11
74,Data Analyst,Delhi,Senior,Master,CareerSite,2024-08-15
75,HR Specialist,Bangalore,Senior,Bachelor,LinkedIn,2025-10-07
76,Product Manager,Pune,Entry,Bachelor,LinkedIn,2024-05-26
77,Sales Executive,Mumbai,Entry,Diploma,Naukri,2025-02-28
78,Data Analyst,Bangalore,Entry,Diploma,Naukri,2023-10-29
79,HR Specialist,Delhi,Mid,PhD,Referral,2023-09-11
80,Sales Executive,Delhi,Mid,Bachelor,CareerSite,2023-11-18
81,Data Analyst,Pune,Entry,Master,LinkedIn,2025-06-23
82,Data Analyst,Pune,Senior,Diploma,Referral,2025-12-12
83,Sales Executive,Chennai,Mid,Master,Naukri,2023-11-01
84,Software Engineer,Delhi,Senior,Diploma,Naukri,2025-06-26
85,Sales Executive,Delhi,Entry,PhD,Referral,2024-10-04
86,HR Specialist,Mumbai,Senior,PhD,Naukri,2025-07-18
87,Product Manager,Mumbai,Mid,Bachelor,Naukri,2025-11-16
88,Data Analyst,Pune,Entry,Bachelor,Agency,2023-01-03
89,Data Analyst,Pune,Entry,Master,Agency,2024-08-04
90,Sales Executive,Pune,Senior,Master,Agency,2023-09-28
91,HR Specialist,Mumbai,Senior,Master,Referral,2023-05-15
92,HR Specialist,Bangalore,Senior,PhD,LinkedIn,2025-07-06
93,Sales Executive,Chennai,Senior,PhD,Referral,2025-01-02
94,Software Engineer,Bangalore,Senior,Bachelor,LinkedIn,2025-10-19
95,Sales Executive,Bangalore,Mid,Master,Referral,2024-07-26
96,Sales Executive,Mumbai,Entry,Bachelor,LinkedIn,2025-09-25
97,HR Specialist,Delhi,Mid,Bachelor,CareerSite,2025-12-21
98,Data Analyst,Bangalore,Senior,PhD,Naukri,2025-11-08
99,Sales Executive,Pune,Entry,Diploma,Referral,2026-01-01
100,Software Engineer,Delhi,Senior,PhD,LinkedIn,2024-03-10
101,Data Analyst,Pune,Entry,Bachelor,Referral,2023-10-18
102,Product Manager,Delhi,Entry,Bachelor,Naukri,2024-06-27
103,Software Engineer,Pune,Senior,PhD,Referral,2025-08-19
104,HR Specialist,Chennai,Senior,Master,LinkedIn,2025-10-06
105,Product Manager,Bangalore,Mid,Diploma,Naukri,2025-04-18
106,HR Specialist,Delhi,Senior,Bachelor,LinkedIn,2025-03-06
107,Software Engineer,Pune,Senior,Master,LinkedIn,2024-10-17
108,HR Specialist,Mumbai,Mid,PhD,Naukri,2026-01-01
109,HR Specialist,Mumbai,Entry,PhD,LinkedIn,2025-11-13
110,Product Manager,Delhi,Senior,Diploma,Naukri,2026-01-01
111,Sales Executive,Delhi,Senior,PhD,Referral,2025-08-24
112,Data Analyst,Delhi,Mid,Diploma,Naukri,2025-10-21
113,Product Manager,Chennai,Mid,PhD,LinkedIn,2024-10-14
114,Data Analyst,Bangalore,Entry,Master,Referral,2025-11-11
115,HR Specialist,Bangalore,Mid,PhD,LinkedIn,2025-07-29
116,Product Manager,Mumbai,Mid,Diploma,Naukri,2025-10-06
117,HR Specialist,Delhi,Senior,Master,Naukri,2025-06-21
118,Product Manager,Delhi,Senior,Diploma,LinkedIn,2025-09-19
119,Software Engineer,Mumbai,Senior,Diploma,LinkedIn,2025-04-24
120,HR Specialist,Chennai,Entry,Diploma,LinkedIn,2023-04-10
121,Software Engineer,Chennai,Entry,Diploma,Agency,2024-02-11
122,Sales Executive,Bangalore,Mid,Diploma,Naukri,2024-11-10
123,HR Specialist,Chennai,Mid,Master,CareerSite,2025-02-24
124,Sales Executive,Chennai,Mid,PhD,LinkedIn,2024-07-26
125,Data Analyst,Bangalore,Mid,Diploma,LinkedIn,2025-06-01
126,HR Specialist,Chennai,Senior,Bachelor,CareerSite,2024-10-08
127,Data Analyst,Bangalore,Senior,Bachelor,CareerSite,2025-02-19
128,Software Engineer,Delhi,Senior,PhD,LinkedIn,2025-01-30
129,Software Engineer,Chennai,Senior,Diploma,LinkedIn,2023-05-19
130,Software Engineer,Pune,Mid,PhD,Naukri,2025-01-27
131,Sales Executive,Chennai,Entry,PhD,CareerSite,2025-07-13
132,Sales Executive,Chennai,Entry,Bachelor,LinkedIn,2024-01-27
133,Software Engineer,Pune,Senior,Master,Referral,2023-05-14
134,Product Manager,Delhi,Senior,Bachelor,LinkedIn,2025-08-20
135,Sales Executive,Pune,Entry,PhD,Naukri,2024-10-20
136,HR Specialist,Mumbai,Mid,Master,LinkedIn,2025-10-01
137,HR Specialist,Chennai,Senior,PhD,Naukri,2025-07-12
138,Software Engineer,Delhi,Senior,Diploma,LinkedIn,2023-08-11
139,Data Analyst,Pune,Senior,Bachelor,Referral,2025-12-07
140,Product Manager,Chennai,Entry,Master,Naukri,2025-10-02
141,Product Manager,Chennai,Entry,Master,LinkedIn,2025-09-05
142,Software Engineer,Bangalore,Senior,Diploma,CareerSite,2025-03-24
143,Data Analyst,Bangalore,Entry,Bachelor,LinkedIn,2023-07-07
144,Sales Executive,Delhi,Mid,Diploma,Naukri,2025-03-19
145,Software Engineer,Mumbai,Mid,Diploma,LinkedIn,2025-09-10
146,Data Analyst,Mumbai,Mid,Master,LinkedIn,2024-01-02
147,Data Analyst,Delhi,Mid,Master,Naukri,2024-05-25
148,Sales Executive,Delhi,Entry,Bachelor,Referral,2025-01-24
149,Data Analyst,Pune,Mid,Diploma,LinkedIn,2025-04-22
150,Product Manager,Delhi,Mid,PhD,LinkedIn,2024-02-24
151,Product Manager,Delhi,Mid,Master,LinkedIn,2025-10-20
152,Data Analyst,Delhi,Entry,Master,LinkedIn,2024-01-20
153,Software Engineer,Chennai,Entry,Bachelor,Referral,2025-10-11
154,HR Specialist,Pune,Entry,PhD,Agency,2023-06-05
155,Data Analyst,Mumbai,Senior,Diploma,LinkedIn,2025-07-22
156,Data Analyst,Chennai,Senior,Diploma,Referral,2023-03-26
157,Sales Executive,Mumbai,Mid,Diploma,Naukri,2024-11-15
158,Software Engineer,Mumbai,Mid,PhD,Referral,2024-04-11
159,Sales Executive,Chennai,Entry,Master,Naukri,2025-05-27
160,Product Manager,Bangalore,Mid,Diploma,LinkedIn,2024-02-22
161,Software Engineer,Pune,Entry,Bachelor,Agency,2025-08-01
162,HR Specialist,Chennai,Senior,Bachelor,Naukri,2025-09-25
163,Product Manager,Bangalore,Entry,PhD,Naukri,2025-03-30
164,HR Specialist,Bangalore,Mid,Master,LinkedIn,2025-03-21
165,Data Analyst,Bangalore,Mid,Bachelor,Naukri,2025-04-27
166,HR Specialist,Pune,Entry,Diploma,Agency,2023-03-03
167,Sales Executive,Delhi,Mid,Diploma,CareerSite,2024-01-08
168,Data Analyst,Delhi,Senior,PhD,Naukri,2025-09-02
169,Sales Executive,Chennai,Mid,Diploma,Referral,2025-04-17
170,Product Manager,Chennai,Entry,Master,Referral,2023-06-11
171,Software Engineer,Pune,Entry,PhD,LinkedIn,2024-07-19
172,Software Engineer,Chennai,Senior,Bachelor,Referral,2023-11-15
173,Product Manager,Chennai,Senior,PhD,LinkedIn,2024-11-14
174,Sales Executive,Pune,Mid,Diploma,Naukri,2024-03-13
175,HR Specialist,Pune,Senior,Diploma,LinkedIn,2025-05-26
176,Sales Executive,Delhi,Mid,Master,LinkedIn,2024-10-24
177,HR Specialist,Chennai,Senior,Bachelor,LinkedIn,2024-04-30
178,Software Engineer,Chennai,Senior,Bachelor,Naukri,2024-11-30
179,Sales Executive,Chennai,Senior,Bachelor,LinkedIn,2024-02-02
180,Data Analyst,Delhi,Senior,Bachelor,CareerSite,2024-05-03
181,HR Specialist,Pune,Mid,Diploma,LinkedIn,2024-11-09
182,Sales Executive,Delhi,Mid,Bachelor,LinkedIn,2023-11-06
183,Sales Executive,Pune,Senior,Diploma,LinkedIn,2025-08-01
184,Data Analyst,Mumbai,Entry,Diploma,Naukri,2025-05-14
185,Sales Executive,Chennai,Entry,Bachelor,Agency,2025-11-05
186,Software Engineer,Mumbai,Mid,Master,Referral,2025-03-03
187,HR Specialist,Delhi,Entry,PhD,Naukri,2024-08-26
188,Product Manager,Pune,Senior,Bachelor,Naukri,2025-11-16
189,Data Analyst,Pune,Entry,Bachelor,LinkedIn,2024-04-30
190,Software Engineer,Mumbai,Senior,PhD,Referral,2025-02-04
191,Data Analyst,Chennai,Senior,Master,CareerSite,2023-08-15
192,Sales Executive,Mumbai,Mid,Master,CareerSite,2025-01-02
193,Software Engineer,Delhi,Entry,PhD,Referral,2025-08-05
194,Data Analyst,Chennai,Mid,Master,Naukri,2024-02-14
195,HR Specialist,Mumbai,Entry,Bachelor,Referral,2025-09-21
196,Product Manager,Delhi,Senior,PhD,Referral,2023-10-09
197,Data Analyst,Mumbai,Entry,PhD,LinkedIn,2024-02-04
198,Product Manager,Delhi,Senior,Master,Referral,2025-10-02
199,Product Manager,Bangalore,Senior,Master,LinkedIn,2024-05-09
200,Product Manager,Chennai,Entry,Master,Naukri,2025-12-19
201,Sales Executive,Bangalore,Mid,Bachelor,Referral,2023-11-25
202,Data Analyst,Chennai,Entry,Bachelor,LinkedIn,2025-07-22
203,Product Manager,Pune,Senior,Bachelor,LinkedIn,2025-09-09
204,HR Specialist,Delhi,Senior,Diploma,CareerSite,2023-07-11
205,Data Analyst,Pune,Senior,Master,Agency,2025-05-15
206,Data Analyst,Bangalore,Entry,Bachelor,LinkedIn,2024-06-02
207,Software Engineer,Mumbai,Entry,Diploma,LinkedIn,2023-02-14
208,Product Manager,Bangalore,Entry,PhD,Referral,2023-11-04
209,HR Specialist,Mumbai,Entry,Bachelor,LinkedIn,2025-01-15
210,Data Analyst,Mumbai,Mid,Bachelor,Referral,2025-09-30
211,HR Specialist,Bangalore,Mid,Master,Referral,2025-02-25
212,Software Engineer,Mumbai,Entry,Diploma,LinkedIn,2024-02-14
213,HR Specialist,Mumbai,Entry,PhD,Referral,2025-11-09
214,Sales Executive,Bangalore,Mid,Bachelor,LinkedIn,2025-09-17
215,HR Specialist,Delhi,Mid,Master,Referral,2024-05-26
216,Software Engineer,Delhi,Entry,Diploma,CareerSite,2025-07-31
217,Product Manager,Mumbai,Senior,PhD,CareerSite,2023-06-10
218,HR Specialist,Pune,Senior,Bachelor,Naukri,2025-01-16
219,Software Engineer,Delhi,Entry,Bachelor,LinkedIn,2023-02-04
220,HR Specialist,Bangalore,Entry,PhD,Naukri,2025-09-17
221,Product Manager,Mumbai,Senior,PhD,Naukri,2024-01-10
222,Product Manager,Bangalore,Senior,Diploma,LinkedIn,2023-10-12
223,Data Analyst,Pune,Mid,Diploma,Naukri,2023-06-11
224,Product Manager,Chennai,Mid,PhD,LinkedIn,2025-03-30
225,Sales Executive,Bangalore,Senior,Diploma,Naukri,2024-01-23
226,Product Manager,Mumbai,Senior,Bachelor,Agency,2024-06-02
227,Data Analyst,Delhi,Senior,Diploma,Naukri,2025-09-15
228,Product Manager,Pune,Mid,PhD,LinkedIn,2024-12-04
229,Product Manager,Pune,Senior,PhD,LinkedIn,2023-12-11
230,Sales Executive,Delhi,Entry,Bachelor,LinkedIn,2025-07-14
231,HR Specialist,Chennai,Senior,Master,Naukri,2025-07-22
232,Software Engineer,Chennai,Mid,Master,LinkedIn,2025-11-27
233,Data Analyst,Bangalore,Senior,Bachelor,Naukri,2025-08-05
234,Software Engineer,Pune,Senior,Bachelor,LinkedIn,2023-02-11
235,Software Engineer,Delhi,Entry,PhD,Naukri,2024-12-01
236,Data Analyst,Pune,Mid,Master,LinkedIn,2023-11-17
237,Product Manager,Mumbai,Entry,Bachelor,CareerSite,2024-01-09
238,HR Specialist,Mumbai,Senior,Bachelor,Naukri,2025-08-30
239,Data Analyst,Delhi,Entry,Bachelor,Naukri,2025-01-26
240,HR Specialist,Bangalore,Entry,Bachelor,CareerSite,2025-01-14
241,Data Analyst,Bangalore,Mid,Diploma,Naukri,2023-05-16
242,Data Analyst,Delhi,Entry,Diploma,Referral,2025-03-11
243,Sales Executive,Pune,Entry,Diploma,Referral,2023-03-06
244,Sales Executive,Mumbai,Mid,Diploma,LinkedIn,2024-02-20
245,Software Engineer,Mumbai,Mid,Bachelor,Referral,2024-03-14
246,Data Analyst,Delhi,Senior,Diploma,LinkedIn,2024-02-13
247,Product Manager,Bangalore,Entry,Diploma,Naukri,2023-12-31
248,Sales Executive,Delhi,Mid,Diploma,LinkedIn,2023-11-28
249,HR Specialist,Bangalore,Mid,PhD,Agency,2023-04-02
250,Product Manager,Mumbai,Senior,Bachelor,Naukri,2025-03-28
251,Data Analyst,Pune,Entry,PhD,Naukri,2025-09-24
252,Software Engineer,Pune,Mid,Master,LinkedIn,2025-10-21
253,Product Manager,Chennai,Entry,Diploma,Naukri,2024-06-05
254,Data Analyst,Pune,Senior,Bachelor,Referral,2024-03-06
255,Product Manager,Mumbai,Mid,Bachelor,Naukri,2023-04-30
256,Software Engineer,Chennai,Senior,Diploma,Referral,2025-12-08
257,Product Manager,Chennai,Mid,PhD,LinkedIn,2023-01-18
258,Data Analyst,Mumbai,Mid,Diploma,Referral,2024-01-01
259,Sales Executive,Delhi,Entry,Diploma,Naukri,2024-07-15
260,Product Manager,Mumbai,Senior,Master,Referral,2024-04-23
261,HR Specialist,Pune,Entry,PhD,LinkedIn,2025-11-16
262,HR Specialist,Pune,Senior,Master,CareerSite,2024-04-21
263,Product Manager,Delhi,Mid,Bachelor,LinkedIn,2024-10-13
264,HR Specialist,Pune,Senior,Bachelor,Naukri,2025-08-21
265,HR Specialist,Chennai,Entry,Bachelor,Naukri,2025-06-22
266,Sales Executive,Pune,Entry,Bachelor,LinkedIn,2023-09-02
267,Sales Executive,Chennai,Mid,Diploma,Referral,2024-01-08
268,Software Engineer,Bangalore,Entry,PhD,Naukri,2024-03-07
269,Data Analyst,Bangalore,Senior,Diploma,Naukri,2025-11-07
270,Software Engineer,Chennai,Senior,PhD,LinkedIn,2023-06-25
271,Data Analyst,Delhi,Senior,Bachelor,LinkedIn,2025-06-07
272,Product Manager,Chennai,Senior,Diploma,LinkedIn,2024-09-01
273,Product Manager,Mumbai,Entry,Diploma,LinkedIn,2025-12-07
274,Sales Executive,Mumbai,Senior,Bachelor,CareerSite,2023-05-26
275,HR Specialist,Chennai,Entry,Bachelor,LinkedIn,2025-12-14
276,Product Manager,Chennai,Entry,Diploma,LinkedIn,2025-05-14
277,Sales Executive,Pune,Mid,Master,LinkedIn,2023-11-06
278,Data Analyst,Bangalore,Mid,Diploma,LinkedIn,2025-12-04
279,Product Manager,Chennai,Senior,PhD,LinkedIn,2024-03-13
280,Product Manager,Pune,Mid,PhD,Naukri,2025-02-11
281,Product Manager,Mumbai,Entry,PhD,Naukri,2025-01-13
282,Software Engineer,Bangalore,Entry,Bachelor,Referral,2024-10-10
283,Data Analyst,Mumbai,Entry,PhD,LinkedIn,2025-04-16
284,Data Analyst,Bangalore,Senior,Diploma,Naukri,2024-10-18
285,Software Engineer,Pune,Mid,Master,CareerSite,2023-03-30
286,Product Manager,Pune,Senior,Master,Naukri,2025-10-28
287,Sales Executive,Bangalore,Entry,Master,Referral,2023-08-19
288,Data Analyst,Chennai,Senior,Master,Naukri,2025-06-01
289,Product Manager,Pune,Senior,Bachelor,LinkedIn,2024-07-10
290,Product Manager,Chennai,Entry,Master,LinkedIn,2025-10-16
291,Data Analyst,Chennai,Mid,Diploma,LinkedIn,2025-06-07
292,Sales Executive,Chennai,Entry,Bachelor,Agency,2025-10-01
293,Data Analyst,Delhi,Mid,PhD,Naukri,2024-08-31
294,Data Analyst,Bangalore,Mid,Master,Naukri,2025-04-11
295,Product Manager,Delhi,Senior,PhD,CareerSite,2025-03-14
296,Software Engineer,Bangalore,Senior,Master,Naukri,2025-12-30
297,Sales Executive,Chennai,Entry,Diploma,Naukri,2024-01-02
298,Software Engineer,Bangalore,Senior,PhD,Naukri,2025-12-11
299,HR Specialist,Bangalore,Entry,Master,Referral,2025-07-30
300,Product Manager,Mumbai,Mid,Bachelor,Referral,2025-07-23
301,HR Specialist,Bangalore,Mid,Diploma,LinkedIn,2025-09-10
302,Software Engineer,Chennai,Entry,PhD,Agency,2025-07-25
303,HR Specialist,Mumbai,Senior,Diploma,Referral,2023-03-27
304,Data Analyst,Delhi,Senior,Diploma,LinkedIn,2025-02-21
305,HR Specialist,Bangalore,Entry,PhD,Referral,2025-05-14
306,Sales Executive,Pune,Mid,Bachelor,LinkedIn,2024-03-06
307,HR Specialist,Pune,Mid,Master,Referral,2024-04-03
308,Data Analyst,Mumbai,Entry,Diploma,LinkedIn,2023-08-05
309,HR Specialist,Pune,Senior,PhD,LinkedIn,2024-12-07
310,Sales Executive,Delhi,Senior,PhD,LinkedIn,2024-04-18
311,Sales Executive,Pune,Senior,Bachelor,LinkedIn,2025-01-22
312,Sales Executive,Mumbai,Mid,PhD,LinkedIn,2024-12-01
313,HR Specialist,Chennai,Senior,Master,Naukri,2023-02-15
314,Product Manager,Pune,Senior,PhD,Referral,2023-01-25
315,Software Engineer,Chennai,Senior,Master,CareerSite,2024-11-23
316,Sales Executive,Mumbai,Senior,Diploma,Naukri,2023-10-04
317,Software Engineer,Mumbai,Senior,Bachelor,Naukri,2024-05-19
318,HR Specialist,Pune,Entry,PhD,LinkedIn,2025-11-09
319,Product Manager,Delhi,Mid,Master,LinkedIn,2025-07-15
320,HR Specialist,Chennai,Senior,Master,LinkedIn,2024-03-24
321,Sales Executive,Mumbai,Mid,PhD,Naukri,2023-04-24
322,Sales Executive,Delhi,Senior,Bachelor,LinkedIn,2025-05-16
323,Product Manager,Pune,Entry,PhD,LinkedIn,2024-05-03
324,HR Specialist,Mumbai,Mid,Bachelor,LinkedIn,2023-08-26
325,HR Specialist,Pune,Entry,Master,LinkedIn,2023-11-26
326,Software Engineer,Mumbai,Mid,Bachelor,LinkedIn,2025-08-05
327,Software Engineer,Chennai,Mid,Bachelor,CareerSite,2023-07-15
328,Sales Executive,Bangalore,Senior,PhD,Referral,2024-05-25
329,Software Engineer,Delhi,Entry,PhD,Naukri,2025-11-06
330,Sales Executive,Bangalore,Mid,PhD,CareerSite,2024-08-08
331,Product Manager,Delhi,Entry,Diploma,Naukri,2025-09-15
332,Data Analyst,Mumbai,Entry,Master,Naukri,2025-07-30
333,HR Specialist,Chennai,Senior,Master,Naukri,2025-09-06
334,Product Manager,Pune,Senior,Master,LinkedIn,2024-10-22
335,Sales Executive,Pune,Senior,Bachelor,Referral,2024-10-17
336,HR Specialist,Pune,Senior,Bachelor,LinkedIn,2025-06-25
337,Software Engineer,Bangalore,Senior,PhD,LinkedIn,2024-12-13
338,Software Engineer,Mumbai,Senior,Diploma,Referral,2024-06-18
339,Software Engineer,Chennai,Mid,Master,LinkedIn,2025-05-04
340,HR Specialist,Pune,Mid,PhD,LinkedIn,2024-04-20
341,Product Manager,Pune,Senior,Diploma,LinkedIn,2024-10-23
342,HR Specialist,Mumbai,Mid,Diploma,LinkedIn,2023-06-23
343,Software Engineer,Mumbai,Entry,PhD,Naukri,2023-06-29
344,Product Manager,Chennai,Mid,PhD,Referral,2024-06-13
345,Software Engineer,Pune,Mid,PhD,Referral,2025-11-03
346,Software Engineer,Delhi,Senior,Master,Referral,2025-09-25
347,Product Manager,Mumbai,Entry,Diploma,LinkedIn,2024-11-23
348,Sales Executive,Chennai,Senior,Bachelor,CareerSite,2024-09-06
349,Sales Executive,Chennai,Senior,Diploma,Referral,2024-10-13
350,Sales Executive,Bangalore,Senior,Master,Agency,2025-12-17
351,Sales Executive,Bangalore,Mid,PhD,LinkedIn,2024-10-12
352,Product Manager,Chennai,Mid,Bachelor,LinkedIn,2023-08-24
353,Data Analyst,Pune,Entry,PhD,CareerSite,2023-11-30
354,Sales Executive,Delhi,Mid,Master,Naukri,2024-06-06
355,HR Specialist,Chennai,Mid,Diploma,CareerSite,2024-11-12
356,Sales Executive,Delhi,Mid,Master,Agency,2025-09-17
357,Product Manager,Bangalore,Senior,Master,CareerSite,2023-02-02
358,Sales Executive,Chennai,Mid,Bachelor,LinkedIn,2025-07-11
359,Software Engineer,Pune,Mid,Diploma,CareerSite,2024-05-11
360,Product Manager,Bangalore,Mid,PhD,LinkedIn,2024-09-15
361,Data Analyst,Delhi,Mid,PhD,LinkedIn,2024-01-08
362,HR Specialist,Bangalore,Entry,PhD,Naukri,2024-05-21
363,Software Engineer,Bangalore,Entry,Master,Naukri,2023-07-21
364,Data Analyst,Pune,Senior,PhD,LinkedIn,2023-06-24
365,Software Engineer,Pune,Entry,Diploma,Naukri,2024-04-12
366,Sales Executive,Bangalore,Entry,PhD,LinkedIn,2025-03-11
367,Software Engineer,Chennai,Mid,PhD,CareerSite,2025-06-15
368,HR Specialist,Pune,Entry,Master,Naukri,2025-04-19
369,Product Manager,Mumbai,Entry,PhD,LinkedIn,2025-01-14
370,HR Specialist,Chennai,Mid,Master,LinkedIn,2025-08-18
371,HR Specialist,Pune,Mid,PhD,LinkedIn,2024-07-21
372,Sales Executive,Delhi,Entry,PhD,Naukri,2024-01-16
373,HR Specialist,Delhi,Mid,Diploma,Naukri,2024-07-29
374,Data Analyst,Pune,Mid,Master,LinkedIn,2023-12-15
375,Sales Executive,Chennai,Mid,PhD,LinkedIn,2024-04-29
376,Software Engineer,Bangalore,Entry,Diploma,Referral,2025-07-25
377,Software Engineer,Bangalore,Mid,PhD,Naukri,2025-07-22
378,HR Specialist,Chennai,Mid,Diploma,Naukri,2025-09-02
379,HR Specialist,Delhi,Entry,Bachelor,Referral,2024-08-21
380,HR Specialist,Bangalore,Senior,Master,LinkedIn,2023-11-30
381,Data Analyst,Chennai,Senior,PhD,LinkedIn,2025-10-16
382,Data Analyst,Chennai,Senior,Bachelor,LinkedIn,2024-02-14
383,Software Engineer,Mumbai,Senior,Bachelor,LinkedIn,2024-09-02
384,Product Manager,Bangalore,Entry,Diploma,Naukri,2024-05-29
385,Product Manager,Chennai,Mid,PhD,Referral,2024-10-10
386,Product Manager,Pune,Mid,Diploma,LinkedIn,2025-05-06
387,Product Manager,Pune,Senior,Diploma,Referral,2023-11-11
388,Product Manager,Delhi,Entry,PhD,Naukri,2025-10-22
389,Data Analyst,Chennai,Mid,Bachelor,Naukri,2024-12-15
390,Software Engineer,Delhi,Senior,Bachelor,Referral,2025-02-22
391,Data Analyst,Mumbai,Entry,PhD,Referral,2024-01-20
392,Product Manager,Delhi,Entry,Master,Naukri,2024-11-09
393,Sales Executive,Mumbai,Entry,PhD,Referral,2023-06-28
394,Product Manager,Mumbai,Senior,PhD,Referral,2024-08-11
395,Software Engineer,Pune,Mid,Diploma,Naukri,2024-11-07
396,HR Specialist,Mumbai,Entry,Master,LinkedIn,2025-11-17
397,Data Analyst,Chennai,Senior,PhD,CareerSite,2024-10-09
398,Software Engineer,Mumbai,Senior,PhD,Naukri,2023-09-10
399,HR Specialist,Delhi,Senior,PhD,Referral,2024-10-23
400,Sales Executive,Mumbai,Entry,Master,LinkedIn,2024-06-25
401,HR Specialist,Delhi,Senior,Master,LinkedIn,2025-01-05
402,Sales Executive,Chennai,Entry,Diploma,Naukri,2023-02-05
403,Software Engineer,Delhi,Entry,Bachelor,LinkedIn,2023-04-20
404,HR Specialist,Mumbai,Senior,Bachelor,LinkedIn,2025-06-04
405,Sales Executive,Chennai,Senior,Master,Naukri,2025-04-29
406,Product Manager,Mumbai,Senior,Bachelor,Naukri,2023-02-27
407,Product Manager,Delhi,Senior,Bachelor,LinkedIn,2025-09-23
408,HR Specialist,Mumbai,Mid,Master,Referral,2025-08-12
409,Data Analyst,Bangalore,Entry,Bachelor,LinkedIn,2023-06-24
410,Product Manager,Chennai,Senior,PhD,Referral,2023-12-10
411,Sales Executive,Chennai,Senior,Bachelor,Referral,2023-03-19
412,Data Analyst,Pune,Entry,Diploma,Naukri,2023-08-04
413,Software Engineer,Mumbai,Entry,PhD,Naukri,2023-01-11
414,HR Specialist,Bangalore,Mid,Bachelor,LinkedIn,2024-06-09
415,Product Manager,Bangalore,Entry,Master,Naukri,2025-08-24
416,HR Specialist,Chennai,Mid,Diploma,LinkedIn,2023-08-09
417,HR Specialist,Pune,Senior,Bachelor,Referral,2025-01-07
418,Sales Executive,Pune,Entry,Diploma,Referral,2025-06-14
419,Software Engineer,Delhi,Senior,Bachelor,CareerSite,2025-01-15
420,Software Engineer,Mumbai,Mid,PhD,Referral,2023-06-06
421,Data Analyst,Delhi,Entry,Diploma,Naukri,2025-03-29
422,Data Analyst,Chennai,Senior,Master,Agency,2025-07-20
423,Product Manager,Pune,Senior,Master,LinkedIn,2025-08-26
424,Data Analyst,Chennai,Mid,PhD,LinkedIn,2023-07-19
425,Product Manager,Pune,Entry,PhD,LinkedIn,2025-03-25
426,Product Manager,Delhi,Senior,Diploma,Referral,2023-08-03
427,Software Engineer,Mumbai,Mid,Master,CareerSite,2025-02-13
428,HR Specialist,Bangalore,Entry,Diploma,LinkedIn,2024-11-25
429,Sales Executive,Bangalore,Mid,Bachelor,LinkedIn,2023-03-10
430,Data Analyst,Pune,Entry,PhD,Naukri,2024-04-14
431,Data Analyst,Chennai,Entry,Diploma,Referral,2025-10-30
432,Data Analyst,Pune,Senior,Master,Naukri,2024-09-15
433,Software Engineer,Bangalore,Entry,Diploma,LinkedIn,2025-02-12
434,Data Analyst,Pune,Entry,Master,LinkedIn,2025-10-05
435,Software Engineer,Bangalore,Mid,Master,Naukri,2025-05-08
436,Data Analyst,Bangalore,Senior,Master,LinkedIn,2025-08-22
437,Product Manager,Bangalore,Mid,Bachelor,LinkedIn,2024-08-17
438,Data Analyst,Mumbai,Mid,Master,LinkedIn,2025-07-21
439,Sales Executive,Delhi,Senior,Bachelor,CareerSite,2023-06-02
440,Data Analyst,Mumbai,Senior,Bachelor,LinkedIn,2024-06-14
441,Sales Executive,Bangalore,Mid,Master,LinkedIn,2023-11-12
442,Software Engineer,Chennai,Senior,PhD,Referral,2025-06-01
443,Sales Executive,Pune,Entry,Diploma,LinkedIn,2025-11-12
444,Product Manager,Bangalore,Senior,Master,Naukri,2024-12-08
445,Data Analyst,Bangalore,Mid,Diploma,Naukri,2023-12-14
446,HR Specialist,Pune,Mid,PhD,LinkedIn,2023-09-28
447,Software Engineer,Bangalore,Entry,Bachelor,LinkedIn,2025-01-22
448,Software Engineer,Chennai,Entry,Bachelor,LinkedIn,2025-06-10
449,Data Analyst,Bangalore,Mid,Bachelor,LinkedIn,2024-08-09
450,HR Specialist,Bangalore,Mid,Master,Naukri,2023-01-13
451,Product Manager,Bangalore,Senior,PhD,LinkedIn,2024-07-13
452,Data Analyst,Bangalore,Entry,Master,CareerSite,2025-06-02
453,HR Specialist,Mumbai,Entry,Bachelor,LinkedIn,2023-03-18
454,Data Analyst,Delhi,Senior,Bachelor,Naukri,2025-11-27
455,Sales Executive,Delhi,Mid,Master,Naukri,2025-11-13
456,Product Manager,Chennai,Mid,Diploma,Referral,2024-01-04
457,Product Manager,Chennai,Entry,Bachelor,Referral,2025-05-03
458,Sales Executive,Mumbai,Mid,Diploma,Referral,2024-08-08
459,Product Manager,Mumbai,Entry,Bachelor,Referral,2023-10-20
460,Software Engineer,Chennai,Entry,Diploma,LinkedIn,2023-03-16
461,HR Specialist,Chennai,Mid,PhD,Referral,2023-05-16
462,Sales Executive,Delhi,Mid,Bachelor,Referral,2025-06-17
463,Software Engineer,Bangalore,Senior,Master,CareerSite,2025-10-25
464,Software Engineer,Bangalore,Mid,PhD,Referral,2023-12-23
465,Data Analyst,Chennai,Entry,PhD,LinkedIn,2024-09-24
466,Software Engineer,Chennai,Entry,Master,LinkedIn,2023-04-30
467,Software Engineer,Chennai,Mid,PhD,Agency,2024-03-27
468,Sales Executive,Mumbai,Mid,Master,LinkedIn,2023-08-10
469,HR Specialist,Pune,Entry,Bachelor,Naukri,2025-07-29
470,Sales Executive,Chennai,Senior,Bachelor,CareerSite,2024-03-11
471,HR Specialist,Mumbai,Senior,PhD,LinkedIn,2025-03-02
472,Product Manager,Chennai,Entry,Bachelor,Referral,2023-07-27
473,Data Analyst,Delhi,Entry,Diploma,Referral,2023-08-17
474,Software Engineer,Chennai,Mid,Bachelor,Naukri,2024-11-27
475,Product Manager,Bangalore,Senior,Master,LinkedIn,2025-11-06
476,HR Specialist,Pune,Entry,PhD,LinkedIn,2023-12-09
477,Software Engineer,Delhi,Senior,Diploma,LinkedIn,2025-08-13
478,Software Engineer,Bangalore,Mid,Master,LinkedIn,2023-11-24
479,Product Manager,Mumbai,Senior,Master,LinkedIn,2025-05-25
480,HR Specialist,Delhi,Senior,PhD,Referral,2025-10-02
481,Sales Executive,Delhi,Entry,Diploma,Referral,2025-04-28
482,HR Specialist,Delhi,Mid,Master,Naukri,2025-07-29
483,Software Engineer,Bangalore,Senior,Master,LinkedIn,2025-12-06
484,Data Analyst,Delhi,Senior,Bachelor,Naukri,2025-09-15
485,Product Manager,Delhi,Senior,PhD,LinkedIn,2025-04-24
486,Software Engineer,Bangalore,Mid,Diploma,Naukri,2023-05-11
487,Data Analyst,Chennai,Entry,Master,CareerSite,2024-11-12
488,Sales Executive,Delhi,Entry,Master,Referral,2025-02-21
489,Sales Executive,Bangalore,Senior,Bachelor,LinkedIn,2023-05-09
490,Sales Executive,Mumbai,Senior,Master,LinkedIn,2025-11-12
491,HR Specialist,Mumbai,Entry,Bachelor,LinkedIn,2025-08-25
492,Data Analyst,Delhi,Senior,Bachelor,LinkedIn,2023-12-01
493,HR Specialist,Bangalore,Entry,Diploma,LinkedIn,2023-02-12
494,Product Manager,Delhi,Mid,Diploma,LinkedIn,2025-04-03
495,Product Manager,Mumbai,Mid,Diploma,CareerSite,2024-09-27
496,Data Analyst,Bangalore,Senior,Diploma,Referral,2024-08-04
497,HR Specialist,Bangalore,Mid,Bachelor,Referral,2025-11-19
498,HR Specialist,Pune,Mid,Master,Referral,2024-11-05
499,Sales Executive,Pune,Mid,PhD,CareerSite,2023-12-17
500,HR Specialist,Bangalore,Senior,PhD,LinkedIn,2024-08-01
501,Data Analyst,Delhi,Entry,PhD,LinkedIn,2025-02-27
502,Product Manager,Mumbai,Mid,Master,Referral,2023-03-08
503,Sales Executive,Chennai,Entry,Bachelor,Referral,2024-05-15
504,Software Engineer,Pune,Senior,Bachelor,Referral,2025-10-02
505,Sales Executive,Mumbai,Senior,Bachelor,Naukri,2024-05-28
506,HR Specialist,Bangalore,Entry,PhD,Naukri,2023-12-03
507,HR Specialist,Pune,Mid,PhD,Naukri,2024-12-09
508,HR Specialist,Chennai,Senior,Bachelor,Naukri,2023-04-30
509,Software Engineer,Mumbai,Senior,Diploma,LinkedIn,2023-05-06
510,Software Engineer,Mumbai,Entry,PhD,LinkedIn,2024-12-04
511,HR Specialist,Mumbai,Senior,Master,CareerSite,2025-01-23
512,Software Engineer,Delhi,Entry,Master,LinkedIn,2023-04-25
513,Sales Executive,Pune,Senior,Master,LinkedIn,2025-11-07
514,Sales Executive,Mumbai,Senior,PhD,LinkedIn,2025-02-23
515,Sales Executive,Mumbai,Entry,Bachelor,Referral,2025-01-07
516,HR Specialist,Delhi,Mid,Bachelor,Naukri,2025-03-09
517,Data Analyst,Mumbai,Entry,Bachelor,CareerSite,2024-03-20
518,HR Specialist,Bangalore,Senior,Master,Referral,2023-02-08
519,HR Specialist,Bangalore,Mid,Master,Referral,2023-06-11
520,Software Engineer,Delhi,Mid,Master,Naukri,2025-06-18
521,HR Specialist,Chennai,Mid,Diploma,LinkedIn,2025-11-12
522,Software Engineer,Mumbai,Senior,Bachelor,Naukri,2025-04-21
523,Software Engineer,Bangalore,Entry,Bachelor,Agency,2025-10-31
524,Data Analyst,Pune,Entry,PhD,Referral,2024-08-28
525,HR Specialist,Delhi,Entry,Bachelor,Naukri,2023-05-04
526,Data Analyst,Bangalore,Senior,PhD,LinkedIn,2023-09-18
527,Product Manager,Delhi,Senior,Master,Referral,2025-03-08
528,Software Engineer,Mumbai,Mid,Master,CareerSite,2023-09-19
529,Data Analyst,Pune,Entry,Master,Referral,2025-08-18
530,Product Manager,Mumbai,Senior,Master,Naukri,2024-02-17
531,HR Specialist,Pune,Entry,Diploma,Naukri,2023-07-11
532,Data Analyst,Pune,Entry,Bachelor,Agency,2025-12-10
533,Data Analyst,Pune,Senior,PhD,Naukri,2024-04-16
534,Sales Executive,Pune,Mid,Bachelor,LinkedIn,2023-03-12
535,Product Manager,Chennai,Mid,PhD,Agency,2024-11-04
536,Software Engineer,Pune,Mid,PhD,CareerSite,2024-11-30
537,Data Analyst,Mumbai,Mid,Bachelor,LinkedIn,2024-11-27
538,Software Engineer,Delhi,Senior,Bachelor,Referral,2025-08-04
539,Data Analyst,Pune,Entry,PhD,LinkedIn,2024-05-05
540,Software Engineer,Mumbai,Mid,Diploma,LinkedIn,2023-06-13
541,Product Manager,Pune,Mid,Master,LinkedIn,2024-11-26
542,Product Manager,Pune,Senior,Master,LinkedIn,2024-06-13
543,Sales Executive,Pune,Senior,Diploma,LinkedIn,2025-01-10
544,Sales Executive,Mumbai,Mid,Master,LinkedIn,2024-07-17
545,Software Engineer,Mumbai,Senior,Master,CareerSite,2023-08-16
546,Sales Executive,Bangalore,Mid,Bachelor,Referral,2025-12-23
547,Software Engineer,Delhi,Senior,Diploma,LinkedIn,2025-07-21
548,Sales Executive,Mumbai,Entry,Bachelor,LinkedIn,2025-06-17
549,Data Analyst,Pune,Senior,PhD,LinkedIn,2024-10-16
550,HR Specialist,Pune,Senior,Bachelor,Naukri,2023-03-26
551,Sales Executive,Chennai,Entry,PhD,LinkedIn,2025-04-22
552,Sales Executive,Bangalore,Mid,Master,LinkedIn,2024-11-07
553,HR Specialist,Chennai,Mid,Diploma,Naukri,2025-12-22
554,HR Specialist,Bangalore,Mid,PhD,LinkedIn,2025-08-16
555,Data Analyst,Bangalore,Senior,Bachelor,CareerSite,2025-03-13
556,Sales Executive,Pune,Senior,Diploma,Agency,2025-10-28
557,Product Manager,Chennai,Senior,Master,Referral,2025-07-22
558,Product Manager,Bangalore,Mid,Diploma,Agency,2024-09-16
559,Sales Executive,Chennai,Entry,Diploma,LinkedIn,2023-12-30
560,Sales Executive,Pune,Entry,Master,LinkedIn,2024-07-02
561,Sales Executive,Mumbai,Mid,Diploma,Referral,2025-01-20
562,HR Specialist,Pune,Senior,Diploma,Naukri,2025-10-11
563,HR Specialist,Mumbai,Entry,Diploma,LinkedIn,2023-08-14
564,Product Manager,Pune,Mid,Master,LinkedIn,2023-11-23
565,Product Manager,Delhi,Entry,PhD,Agency,2024-06-13
566,Sales Executive,Delhi,Senior,Diploma,LinkedIn,2023-02-27
567,Product Manager,Delhi,Senior,Master,LinkedIn,2025-09-09
568,Product Manager,Mumbai,Mid,Bachelor,LinkedIn,2023-08-14
569,Data Analyst,Pune,Senior,Master,Naukri,2025-02-18
570,Software Engineer,Delhi,Senior,Master,Referral,2023-09-12
571,Software Engineer,Bangalore,Mid,Diploma,LinkedIn,2024-07-03
572,Sales Executive,Mumbai,Mid,Diploma,Referral,2024-03-21
573,Data Analyst,Chennai,Senior,Master,Agency,2024-02-26
574,Sales Executive,Mumbai,Senior,Diploma,Naukri,2025-03-04
575,Product Manager,Mumbai,Mid,Diploma,CareerSite,2023-09-30
576,Sales Executive,Delhi,Senior,Diploma,LinkedIn,2024-12-26
577,Data Analyst,Mumbai,Mid,Master,Referral,2025-07-20
578,HR Specialist,Bangalore,Mid,Diploma,LinkedIn,2025-12-27
579,HR Specialist,Bangalore,Entry,Bachelor,LinkedIn,2025-03-11
580,Software Engineer,Bangalore,Senior,Bachelor,Referral,2024-05-02
581,Sales Executive,Mumbai,Senior,Master,LinkedIn,2024-05-21
582,Software Engineer,Bangalore,Mid,Diploma,LinkedIn,2026-01-01
583,Data Analyst,Delhi,Senior,PhD,Referral,2025-11-01
584,Sales Executive,Chennai,Mid,PhD,Referral,2024-11-13
585,Software Engineer,Bangalore,Entry,PhD,LinkedIn,2023-02-06
586,Data Analyst,Mumbai,Mid,Diploma,Naukri,2024-12-13
587,HR Specialist,Delhi,Senior,Diploma,Naukri,2023-01-29
588,Software Engineer,Delhi,Senior,Master,LinkedIn,2023-06-08
589,HR Specialist,Mumbai,Mid,Master,LinkedIn,2023-03-10
590,Product Manager,Delhi,Entry,Diploma,LinkedIn,2024-06-30
591,Software Engineer,Bangalore,Mid,Master,Naukri,2024-11-17
592,HR Specialist,Pune,Senior,Master,Naukri,2024-07-01
593,Product Manager,Bangalore,Mid,PhD,Naukri,2025-11-09
594,Software Engineer,Delhi,Senior,PhD,LinkedIn,2025-10-11
595,Data Analyst,Pune,Entry,Bachelor,Referral,2024-04-19
596,Software Engineer,Bangalore,Mid,Bachelor,LinkedIn,2024-12-25
597,Sales Executive,Chennai,Senior,PhD,LinkedIn,2023-09-20
598,Software Engineer,Mumbai,Entry,PhD,CareerSite,2025-09-15
599,Sales Executive,Delhi,Entry,Bachelor,LinkedIn,2026-01-01
600,Software Engineer,Chennai,Entry,Bachelor,LinkedIn,2023-10-14
601,HR Specialist,Bangalore,Entry,Master,LinkedIn,2025-06-26
602,HR Specialist,Pune,Entry,Master,CareerSite,2025-02-16
603,HR Specialist,Delhi,Senior,Master,LinkedIn,2024-06-14
604,Product Manager,Pune,Senior,PhD,Naukri,2025-09-17
605,Data Analyst,Delhi,Senior,Master,Naukri,2025-01-15
606,Data Analyst,Chennai,Entry,Master,Referral,2024-01-21
607,Data Analyst,Pune,Mid,Master,Referral,2024-05-22
608,Software Engineer,Chennai,Senior,Master,Naukri,2023-08-11
609,HR Specialist,Delhi,Senior,Bachelor,Naukri,2024-09-23
610,Software Engineer,Pune,Entry,Diploma,LinkedIn,2023-06-18
611,HR Specialist,Pune,Senior,PhD,LinkedIn,2025-01-07
612,HR Specialist,Mumbai,Mid,Bachelor,Referral,2025-01-25
613,Software Engineer,Delhi,Entry,Bachelor,Referral,2024-06-13
614,Product Manager,Chennai,Senior,Bachelor,LinkedIn,2023-01-26
615,Sales Executive,Pune,Entry,Bachelor,Referral,2024-09-22
616,Software Engineer,Chennai,Mid,Bachelor,Referral,2024-05-09
617,Data Analyst,Mumbai,Senior,Diploma,Agency,2025-04-11
618,HR Specialist,Delhi,Entry,Master,LinkedIn,2026-01-01
619,Software Engineer,Bangalore,Mid,Master,Naukri,2023-11-11
620,HR Specialist,Bangalore,Entry,Master,LinkedIn,2024-07-18
621,Data Analyst,Pune,Senior,Bachelor,LinkedIn,2025-06-29
622,Sales Executive,Chennai,Mid,Diploma,LinkedIn,2023-05-08
623,Sales Executive,Bangalore,Entry,Master,LinkedIn,2025-04-28
624,Software Engineer,Pune,Mid,Master,CareerSite,2025-10-31
625,Product Manager,Mumbai,Entry,Master,LinkedIn,2024-08-22
626,Sales Executive,Chennai,Senior,Diploma,Naukri,2024-10-16
627,Product Manager,Pune,Entry,Diploma,Naukri,2025-07-30
628,Product Manager,Bangalore,Mid,Master,Referral,2025-08-16
629,HR Specialist,Chennai,Senior,PhD,Naukri,2023-07-29
630,Software Engineer,Pune,Entry,Master,Naukri,2025-01-10
631,Data Analyst,Delhi,Senior,Master,Referral,2024-08-12
632,HR Specialist,Mumbai,Mid,PhD,Naukri,2025-07-24
633,Software Engineer,Chennai,Mid,Master,Naukri,2024-09-12
634,Sales Executive,Delhi,Entry,Bachelor,LinkedIn,2023-06-29
635,Software Engineer,Bangalore,Senior,Diploma,CareerSite,2023-11-16
636,Product Manager,Bangalore,Senior,Master,LinkedIn,2024-05-21
637,HR Specialist,Pune,Entry,Bachelor,Agency,2024-03-24
638,Data Analyst,Mumbai,Mid,Diploma,Naukri,2024-04-11
639,Sales Executive,Bangalore,Senior,Bachelor,CareerSite,2024-08-29
640,Data Analyst,Mumbai,Senior,PhD,Referral,2025-08-05
641,HR Specialist,Chennai,Senior,Diploma,Referral,2024-03-09
642,HR Specialist,Bangalore,Entry,Master,LinkedIn,2025-06-04
643,Data Analyst,Pune,Senior,Diploma,Referral,2025-08-04
644,Sales Executive,Delhi,Mid,Diploma,Naukri,2024-12-17
645,Product Manager,Delhi,Senior,Bachelor,Naukri,2024-10-09
646,Software Engineer,Pune,Mid,Bachelor,Naukri,2025-05-24
647,Sales Executive,Pune,Senior,Diploma,LinkedIn,2023-01-22
648,Product Manager,Delhi,Mid,Bachelor,CareerSite,2025-10-06
649,Data Analyst,Delhi,Senior,Master,Naukri,2025-04-08
650,Product Manager,Pune,Mid,Bachelor,Naukri,2025-11-20
651,Sales Executive,Chennai,Senior,PhD,LinkedIn,2025-05-13
652,Data Analyst,Pune,Mid,Bachelor,Naukri,2025-05-09
653,Sales Executive,Chennai,Senior,PhD,LinkedIn,2025-01-25
654,HR Specialist,Bangalore,Senior,Master,Agency,2025-04-26
655,Sales Executive,Chennai,Mid,Diploma,Naukri,2025-03-19
656,Product Manager,Chennai,Entry,Bachelor,LinkedIn,2025-07-06
657,Software Engineer,Bangalore,Senior,Bachelor,Naukri,2024-06-08
658,Product Manager,Pune,Mid,Master,Naukri,2025-06-10
659,Software Engineer,Bangalore,Mid,PhD,LinkedIn,2025-10-04
660,Sales Executive,Mumbai,Senior,Master,Referral,2025-07-26
661,Software Engineer,Bangalore,Entry,PhD,LinkedIn,2025-12-15
662,HR Specialist,Chennai,Mid,Bachelor,CareerSite,2025-06-18
663,Sales Executive,Chennai,Mid,Diploma,CareerSite,2025-07-11
664,Software Engineer,Pune,Mid,Diploma,Naukri,2025-06-27
665,Data Analyst,Pune,Senior,Bachelor,LinkedIn,2025-08-17
666,Data Analyst,Delhi,Entry,PhD,Naukri,2025-09-09
667,Product Manager,Bangalore,Mid,PhD,Naukri,2023-06-04
668,HR Specialist,Chennai,Senior,PhD,LinkedIn,2024-03-22
669,Product Manager,Delhi,Entry,Master,CareerSite,2024-11-01
670,Data Analyst,Chennai,Mid,Master,CareerSite,2023-09-21
671,Data Analyst,Mumbai,Senior,Bachelor,Naukri,2023-05-26
672,Software Engineer,Delhi,Entry,Master,LinkedIn,2024-09-02
673,Product Manager,Pune,Entry,Diploma,Referral,2024-08-21
674,Software Engineer,Chennai,Senior,Bachelor,Naukri,2023-11-26
675,Sales Executive,Delhi,Entry,Master,LinkedIn,2025-01-23
676,Product Manager,Pune,Senior,Diploma,LinkedIn,2025-06-12
677,Data Analyst,Delhi,Senior,Bachelor,LinkedIn,2023-03-25
678,HR Specialist,Mumbai,Senior,Bachelor,Naukri,2024-11-08
679,Product Manager,Chennai,Entry,PhD,Referral,2025-09-02
680,Product Manager,Chennai,Entry,Master,CareerSite,2023-02-13
681,Product Manager,Bangalore,Entry,Master,LinkedIn,2025-07-08
682,Data Analyst,Bangalore,Senior,Master,CareerSite,2024-11-20
683,Software Engineer,Delhi,Senior,PhD,Naukri,2025-08-18
684,HR Specialist,Chennai,Senior,Bachelor,Naukri,2024-05-01
685,Data Analyst,Bangalore,Mid,Bachelor,CareerSite,2024-09-16
686,Software Engineer,Pune,Entry,Bachelor,CareerSite,2024-09-07
687,Product Manager,Pune,Mid,Bachelor,Referral,2023-11-13
688,HR Specialist,Pune,Entry,PhD,Naukri,2024-08-26
689,Data Analyst,Delhi,Entry,Diploma,Referral,2025-08-29
690,Product Manager,Chennai,Mid,Diploma,Naukri,2025-11-08
691,HR Specialist,Pune,Entry,Master,Naukri,2025-03-22
692,Product Manager,Delhi,Entry,PhD,LinkedIn,2024-08-30
693,HR Specialist,Bangalore,Entry,Bachelor,Referral,2025-03-06
694,Data Analyst,Bangalore,Mid,Bachelor,LinkedIn,2025-09-09
695,Sales Executive,Chennai,Senior,Bachelor,LinkedIn,2024-01-02
696,Software Engineer,Mumbai,Entry,Bachelor,LinkedIn,2025-03-21
697,Data Analyst,Pune,Entry,Diploma,LinkedIn,2025-10-15
698,Product Manager,Mumbai,Mid,Bachelor,Referral,2023-09-01
699,Data Analyst,Bangalore,Entry,Bachelor,Referral,2025-04-11
700,HR Specialist,Pune,Mid,Diploma,Referral,2025-03-21
701,Software Engineer,Mumbai,Mid,PhD,CareerSite,2024-08-03
702,Product Manager,Delhi,Senior,PhD,Referral,2024-11-19
703,Sales Executive,Bangalore,Entry,Diploma,Naukri,2023-06-07
704,HR Specialist,Mumbai,Senior,PhD,Naukri,2023-02-17
705,Sales Executive,Chennai,Mid,Bachelor,LinkedIn,2023-04-16
706,HR Specialist,Delhi,Senior,PhD,LinkedIn,2024-03-23
707,Software Engineer,Bangalore,Mid,Bachelor,Naukri,2025-08-24
708,Software Engineer,Chennai,Mid,Bachelor,CareerSite,2023-01-17
709,Software Engineer,Mumbai,Senior,Bachelor,Naukri,2025-11-19
710,Product Manager,Chennai,Senior,Master,Naukri,2025-03-11
711,Data Analyst,Mumbai,Entry,Bachelor,LinkedIn,2024-06-04
712,Data Analyst,Delhi,Senior,Diploma,Naukri,2023-09-08
713,Data Analyst,Mumbai,Mid,Bachelor,Referral,2023-10-29
714,Software Engineer,Bangalore,Senior,PhD,LinkedIn,2024-04-24
715,HR Specialist,Bangalore,Senior,Bachelor,Naukri,2025-03-13
716,Data Analyst,Bangalore,Senior,Bachelor,LinkedIn,2024-04-05
717,Software Engineer,Chennai,Senior,Master,LinkedIn,2024-05-02
718,HR Specialist,Bangalore,Mid,Bachelor,Referral,2023-12-14
719,Data Analyst,Mumbai,Senior,PhD,LinkedIn,2025-12-06
720,Product Manager,Mumbai,Entry,Master,Naukri,2025-08-16
721,HR Specialist,Chennai,Mid,Bachelor,LinkedIn,2025-06-29
722,HR Specialist,Mumbai,Entry,PhD,LinkedIn,2024-09-24
723,HR Specialist,Delhi,Mid,Bachelor,Referral,2025-03-27
724,Data Analyst,Mumbai,Senior,Master,Naukri,2023-12-12
725,Data Analyst,Delhi,Entry,Bachelor,LinkedIn,2024-10-09
726,Software Engineer,Delhi,Mid,PhD,LinkedIn,2026-01-01
727,Sales Executive,Mumbai,Senior,Master,LinkedIn,2025-04-17
728,Data Analyst,Chennai,Entry,Bachelor,LinkedIn,2023-10-12
729,HR Specialist,Pune,Senior,Diploma,Referral,2023-11-02
730,Software Engineer,Bangalore,Senior,Master,LinkedIn,2025-07-18
731,HR Specialist,Delhi,Entry,PhD,Referral,2024-11-22
732,Software Engineer,Delhi,Mid,Master,LinkedIn,2025-02-17
733,Software Engineer,Bangalore,Mid,PhD,Referral,2025-07-13
734,HR Specialist,Bangalore,Mid,PhD,LinkedIn,2025-05-23
735,Product Manager,Bangalore,Entry,PhD,CareerSite,2025-10-30
736,HR Specialist,Chennai,Entry,PhD,LinkedIn,2023-06-12
737,Sales Executive,Bangalore,Senior,Bachelor,Naukri,2024-08-29
738,Data Analyst,Pune,Mid,Bachelor,Referral,2023-09-20
739,Software Engineer,Delhi,Senior,Bachelor,Naukri,2024-10-04
740,HR Specialist,Bangalore,Mid,Bachelor,LinkedIn,2024-02-21
741,Product Manager,Bangalore,Senior,Master,Referral,2025-06-07
742,Product Manager,Pune,Mid,Diploma,Referral,2025-03-30
743,Data Analyst,Delhi,Senior,Master,Naukri,2023-10-02
744,Software Engineer,Pune,Mid,PhD,Referral,2025-12-05
745,Product Manager,Mumbai,Mid,PhD,LinkedIn,2024-03-25
746,Software Engineer,Delhi,Senior,Master,Naukri,2023-10-21
747,Product Manager,Mumbai,Mid,PhD,Naukri,2025-01-18
748,Data Analyst,Chennai,Entry,Diploma,LinkedIn,2025-01-23
749,Product Manager,Mumbai,Entry,Bachelor,LinkedIn,2023-12-30
750,HR Specialist,Pune,Entry,Diploma,LinkedIn,2025-11-02
751,Sales Executive,Mumbai,Mid,Master,LinkedIn,2023-12-23
752,HR Specialist,Chennai,Senior,Master,Naukri,2023-08-10
753,Sales Executive,Mumbai,Mid,Master,LinkedIn,2023-12-27
754,Software Engineer,Delhi,Mid,Master,CareerSite,2024-10-24
755,Product Manager,Pune,Senior,Diploma,LinkedIn,2025-12-28
756,Data Analyst,Bangalore,Mid,PhD,Referral,2024-11-02
757,Sales Executive,Pune,Entry,Diploma,LinkedIn,2023-09-21
758,Software Engineer,Pune,Entry,Diploma,Naukri,2025-09-10
759,Software Engineer,Pune,Mid,PhD,Referral,2025-05-13
760,HR Specialist,Mumbai,Senior,Master,LinkedIn,2024-10-28
761,Sales Executive,Delhi,Entry,PhD,LinkedIn,2023-07-29
762,HR Specialist,Mumbai,Entry,PhD,LinkedIn,2025-09-18
763,Sales Executive,Mumbai,Mid,Diploma,Naukri,2024-10-29
764,HR Specialist,Chennai,Entry,Diploma,Referral,2025-05-07
765,Product Manager,Pune,Senior,Master,Naukri,2025-05-01
766,HR Specialist,Delhi,Mid,PhD,LinkedIn,2023-07-15
767,Product Manager,Delhi,Senior,Bachelor,Agency,2024-07-03
768,Sales Executive,Delhi,Mid,Master,CareerSite,2024-06-08
769,Product Manager,Delhi,Senior,PhD,LinkedIn,2024-04-13
770,Software Engineer,Delhi,Mid,PhD,Referral,2025-09-08
771,Product Manager,Delhi,Mid,Bachelor,LinkedIn,2025-02-23
772,Data Analyst,Pune,Mid,Master,Naukri,2024-12-06
773,Sales Executive,Bangalore,Entry,PhD,Naukri,2025-02-01
774,HR Specialist,Pune,Senior,Bachelor,Agency,2024-12-02
775,Sales Executive,Chennai,Senior,PhD,CareerSite,2023-03-11
776,Sales Executive,Bangalore,Senior,Diploma,CareerSite,2025-10-25
777,Data Analyst,Bangalore,Entry,Bachelor,Referral,2023-07-19
778,HR Specialist,Chennai,Entry,Bachelor,CareerSite,2024-11-09
779,Software Engineer,Pune,Entry,Master,LinkedIn,2025-09-01
780,HR Specialist,Chennai,Entry,Master,Referral,2024-05-12
781,Product Manager,Delhi,Mid,Master,Referral,2025-11-23
782,HR Specialist,Pune,Mid,Master,LinkedIn,2025-06-03
783,HR Specialist,Mumbai,Entry,Bachelor,Referral,2025-04-27
784,Sales Executive,Pune,Mid,PhD,Naukri,2023-03-31
785,Product Manager,Mumbai,Senior,PhD,LinkedIn,2023-11-20
786,Sales Executive,Pune,Senior,Master,Naukri,2025-03-28
787,HR Specialist,Pune,Mid,PhD,Naukri,2024-05-11
788,Sales Executive,Bangalore,Mid,Diploma,LinkedIn,2023-03-13
789,Software Engineer,Mumbai,Senior,PhD,Referral,2025-01-22
790,HR Specialist,Mumbai,Entry,PhD,Naukri,2025-06-28
791,Product Manager,Chennai,Mid,Master,Naukri,2024-07-31
792,HR Specialist,Bangalore,Mid,PhD,Referral,2023-11-02
793,Sales Executive,Pune,Mid,PhD,LinkedIn,2023-06-23
794,HR Specialist,Bangalore,Senior,Bachelor,Referral,2023-01-27
795,HR Specialist,Pune,Mid,Diploma,LinkedIn,2024-01-02
796,Data Analyst,Chennai,Entry,Diploma,Referral,2025-09-12
797,HR Specialist,Pune,Entry,PhD,Referral,2025-11-09
798,Product Manager,Bangalore,Senior,Bachelor,Naukri,2023-04-18
799,Data Analyst,Chennai,Mid,Diploma,LinkedIn,2024-11-01
800,Product Manager,Delhi,Senior,PhD,Naukri,2023-10-05
801,Sales Executive,Mumbai,Entry,Bachelor,LinkedIn,2025-02-12
802,HR Specialist,Delhi,Mid,Master,LinkedIn,2023-01-20
803,HR Specialist,Chennai,Mid,Diploma,Naukri,2023-06-01
804,HR Specialist,Chennai,Entry,Diploma,Referral,2023-06-29
805,Software Engineer,Mumbai,Senior,Master,LinkedIn,2024-05-21
806,Sales Executive,Chennai,Senior,Bachelor,Referral,2024-08-16
807,Product Manager,Pune,Mid,Bachelor,CareerSite,2024-09-22
808,HR Specialist,Mumbai,Mid,Master,CareerSite,2024-04-26
809,Data Analyst,Chennai,Entry,Master,Naukri,2024-10-05
810,HR Specialist,Pune,Senior,Diploma,LinkedIn,2023-02-23
811,HR Specialist,Bangalore,Entry,PhD,LinkedIn,2025-07-28
812,Software Engineer,Pune,Entry,Master,LinkedIn,2024-01-11
813,Sales Executive,Bangalore,Senior,PhD,LinkedIn,2025-08-20
814,Software Engineer,Pune,Entry,Diploma,Naukri,2024-10-14
815,Product Manager,Chennai,Entry,PhD,LinkedIn,2025-09-12
816,HR Specialist,Mumbai,Mid,Master,Referral,2024-09-28
817,Data Analyst,Delhi,Senior,PhD,Naukri,2023-01-23
818,HR Specialist,Chennai,Senior,Diploma,LinkedIn,2023-11-03
819,Data Analyst,Chennai,Entry,PhD,Naukri,2024-12-22
820,Software Engineer,Chennai,Entry,Diploma,Naukri,2024-01-12
821,Product Manager,Bangalore,Entry,Bachelor,Referral,2023-10-21
822,Sales Executive,Pune,Mid,Master,Naukri,2025-05-09
823,HR Specialist,Pune,Mid,Bachelor,Naukri,2023-09-25
824,Software Engineer,Bangalore,Senior,PhD,Naukri,2024-04-22
825,Software Engineer,Chennai,Senior,Diploma,Referral,2025-11-01
826,Data Analyst,Bangalore,Senior,PhD,Naukri,2025-08-15
827,HR Specialist,Pune,Senior,Bachelor,Referral,2025-06-02
828,Software Engineer,Delhi,Mid,Diploma,CareerSite,2024-10-22
829,Sales Executive,Bangalore,Entry,Bachelor,LinkedIn,2023-05-21
830,Software Engineer,Chennai,Senior,Diploma,Naukri,2025-11-02
831,Product Manager,Pune,Mid,Diploma,CareerSite,2024-12-25
832,Software Engineer,Pune,Entry,PhD,Referral,2025-11-10
833,HR Specialist,Bangalore,Mid,Master,Naukri,2025-10-25
834,Data Analyst,Delhi,Mid,Diploma,LinkedIn,2024-12-22
835,HR Specialist,Mumbai,Entry,Bachelor,Naukri,2023-11-04
836,Product Manager,Chennai,Entry,Master,CareerSite,2024-10-08
837,Product Manager,Delhi,Mid,Master,Referral,2025-12-04
838,Product Manager,Bangalore,Mid,Diploma,Naukri,2023-06-22
839,Product Manager,Mumbai,Entry,Diploma,Referral,2024-07-18
840,Software Engineer,Mumbai,Entry,Diploma,Naukri,2024-01-21
841,Product Manager,Delhi,Senior,Master,Referral,2023-11-22
842,Software Engineer,Delhi,Entry,Master,Referral,2024-07-01
843,Product Manager,Pune,Entry,PhD,Naukri,2023-11-08
844,Data Analyst,Mumbai,Senior,Diploma,Referral,2023-07-06
845,Sales Executive,Bangalore,Senior,Master,LinkedIn,2023-11-07
846,Sales Executive,Delhi,Entry,Diploma,CareerSite,2026-01-01
847,Product Manager,Delhi,Entry,Master,Naukri,2024-03-25
848,Product Manager,Delhi,Entry,PhD,Naukri,2023-11-05
849,Product Manager,Chennai,Entry,Diploma,Referral,2024-01-23
850,Software Engineer,Bangalore,Mid,PhD,Naukri,2025-08-29
851,Data Analyst,Bangalore,Entry,PhD,LinkedIn,2025-02-26
852,Data Analyst,Pune,Senior,Master,Referral,2026-01-01
853,Product Manager,Mumbai,Entry,Master,Referral,2025-05-14
854,Sales Executive,Pune,Mid,Master,LinkedIn,2025-02-16
855,HR Specialist,Mumbai,Senior,Master,LinkedIn,2025-05-05
856,HR Specialist,Mumbai,Senior,Master,LinkedIn,2025-11-20
857,HR Specialist,Mumbai,Mid,Bachelor,Naukri,2024-01-07
858,Sales Executive,Chennai,Entry,Diploma,LinkedIn,2024-09-10
859,Data Analyst,Chennai,Senior,Master,Naukri,2023-10-24
860,Data Analyst,Chennai,Senior,Master,Naukri,2025-07-16
861,HR Specialist,Chennai,Senior,Master,LinkedIn,2025-02-03
862,Product Manager,Delhi,Mid,Diploma,Referral,2025-12-02
863,Software Engineer,Chennai,Mid,Master,Referral,2025-01-10
864,Sales Executive,Chennai,Entry,Diploma,Naukri,2024-05-06
865,Product Manager,Delhi,Mid,PhD,LinkedIn,2025-03-08
866,Sales Executive,Delhi,Senior,Bachelor,Naukri,2025-09-14
867,Software Engineer,Bangalore,Entry,Bachelor,Naukri,2024-06-28
868,Software Engineer,Chennai,Senior,Diploma,Naukri,2023-07-02
869,HR Specialist,Chennai,Senior,Master,LinkedIn,2024-08-30
870,Software Engineer,Pune,Senior,Bachelor,LinkedIn,2023-09-14
871,HR Specialist,Bangalore,Mid,PhD,LinkedIn,2025-03-08
872,Data Analyst,Pune,Mid,PhD,LinkedIn,2024-08-30
873,Sales Executive,Pune,Mid,Diploma,Naukri,2025-11-14
874,Sales Executive,Bangalore,Mid,Master,Referral,2023-09-16
875,Software Engineer,Bangalore,Mid,Master,LinkedIn,2025-06-22
876,Sales Executive,Pune,Senior,Diploma,CareerSite,2024-06-16
877,Product Manager,Pune,Entry,Master,LinkedIn,2024-12-31
878,Sales Executive,Bangalore,Entry,Bachelor,LinkedIn,2025-01-03
879,Software Engineer,Delhi,Entry,Bachelor,LinkedIn,2023-10-08
880,Product Manager,Chennai,Entry,PhD,LinkedIn,2023-02-26
881,Product Manager,Bangalore,Mid,Master,Naukri,2024-12-19
882,Data Analyst,Chennai,Senior,Bachelor,LinkedIn,2025-12-01
883,Software Engineer,Chennai,Entry,Master,CareerSite,2025-01-12
884,Sales Executive,Chennai,Mid,Master,Naukri,2023-09-01
885,Software Engineer,Mumbai,Mid,PhD,LinkedIn,2025-06-24
886,Sales Executive,Bangalore,Senior,Master,Naukri,2023-12-08
887,Sales Executive,Bangalore,Entry,Bachelor,Referral,2024-06-25
888,Sales Executive,Mumbai,Mid,Bachelor,Referral,2025-03-19
889,Data Analyst,Bangalore,Entry,Bachelor,LinkedIn,2024-08-12
890,Product Manager,Delhi,Entry,PhD,Naukri,2024-10-22
891,Data Analyst,Delhi,Mid,PhD,Agency,2025-05-06
892,Product Manager,Chennai,Entry,Master,LinkedIn,2023-04-16
893,Software Engineer,Chennai,Entry,Bachelor,Referral,2024-08-16
894,Software Engineer,Chennai,Mid,Diploma,Referral,2023-06-24
895,Sales Executive,Pune,Senior,Master,LinkedIn,2025-06-12
896,Data Analyst,Chennai,Mid,PhD,LinkedIn,2024-01-17
897,Data Analyst,Delhi,Entry,PhD,CareerSite,2023-08-06
898,Sales Executive,Pune,Senior,Diploma,Naukri,2025-03-05
899,HR Specialist,Chennai,Mid,Diploma,Naukri,2023-07-19
900,Software Engineer,Bangalore,Mid,PhD,LinkedIn,2025-07-03
901,Product Manager,Bangalore,Mid,Diploma,LinkedIn,2023-07-07
902,Data Analyst,Bangalore,Entry,Bachelor,CareerSite,2023-10-21
903,Software Engineer,Delhi,Entry,Bachelor,Naukri,2024-08-23
904,Data Analyst,Delhi,Entry,Master,Naukri,2023-05-11
905,Software Engineer,Mumbai,Senior,Master,Referral,2023-01-17
906,Sales Executive,Bangalore,Entry,PhD,LinkedIn,2023-10-07
907,Software Engineer,Chennai,Entry,Master,Naukri,2024-10-12
908,HR Specialist,Pune,Entry,Bachelor,Naukri,2024-01-22
909,Data Analyst,Mumbai,Senior,Diploma,Agency,2025-07-08
910,Data Analyst,Chennai,Entry,Master,Referral,2024-06-01
911,Product Manager,Bangalore,Senior,PhD,Referral,2025-01-23
912,Software Engineer,Pune,Entry,Bachelor,Referral,2025-04-16
913,Software Engineer,Chennai,Senior,Diploma,LinkedIn,2025-11-04
914,Sales Executive,Mumbai,Senior,PhD,Referral,2026-01-01
915,Sales Executive,Pune,Mid,Master,CareerSite,2024-12-26
916,Product Manager,Chennai,Mid,PhD,Naukri,2025-03-10
917,Data Analyst,Delhi,Mid,Diploma,Agency,2024-11-29
918,HR Specialist,Delhi,Entry,Diploma,Naukri,2024-07-03
919,Data Analyst,Delhi,Entry,PhD,Agency,2025-12-13
920,Data Analyst,Pune,Mid,Master,Naukri,2023-10-17
921,Software Engineer,Bangalore,Mid,Diploma,LinkedIn,2025-11-27
922,Software Engineer,Chennai,Senior,Diploma,Naukri,2025-12-24
923,Data Analyst,Delhi,Mid,PhD,LinkedIn,2025-10-19
924,Software Engineer,Delhi,Entry,PhD,LinkedIn,2025-09-04
925,Product Manager,Bangalore,Entry,Master,LinkedIn,2024-08-02
926,Software Engineer,Mumbai,Mid,PhD,LinkedIn,2023-09-23
927,Sales Executive,Bangalore,Entry,Master,LinkedIn,2024-09-04
928,Product Manager,Mumbai,Entry,PhD,LinkedIn,2025-09-26
929,Sales Executive,Chennai,Senior,PhD,CareerSite,2024-11-18
930,Sales Executive,Chennai,Mid,PhD,Referral,2025-08-12
931,Sales Executive,Chennai,Entry,Bachelor,LinkedIn,2024-08-27
932,Product Manager,Delhi,Senior,PhD,Naukri,2025-01-11
933,Data Analyst,Delhi,Mid,Bachelor,LinkedIn,2025-05-14
934,Data Analyst,Pune,Mid,Diploma,CareerSite,2025-08-03
935,Product Manager,Delhi,Entry,Bachelor,LinkedIn,2025-09-09
936,Data Analyst,Delhi,Mid,Bachelor,LinkedIn,2024-06-03
937,HR Specialist,Mumbai,Mid,PhD,Naukri,2026-01-01
938,Software Engineer,Pune,Senior,PhD,LinkedIn,2025-09-09
939,HR Specialist,Chennai,Mid,Diploma,LinkedIn,2023-02-26
940,HR Specialist,Pune,Entry,Master,LinkedIn,2024-08-28
941,HR Specialist,Delhi,Mid,Master,LinkedIn,2024-01-02
942,Software Engineer,Delhi,Mid,Master,Referral,2024-04-20
943,HR Specialist,Mumbai,Mid,Master,Referral,2023-11-15
944,Product Manager,Mumbai,Senior,Diploma,Referral,2025-08-18
945,Software Engineer,Bangalore,Entry,PhD,Naukri,2023-07-31
946,HR Specialist,Delhi,Entry,Diploma,Referral,2023-01-23
947,Product Manager,Mumbai,Entry,Diploma,Naukri,2024-03-17
948,Sales Executive,Chennai,Senior,Diploma,Naukri,2025-06-16
949,Product Manager,Delhi,Mid,PhD,LinkedIn,2023-11-28
950,Product Manager,Chennai,Entry,Master,LinkedIn,2023-12-06
951,Product Manager,Mumbai,Mid,Diploma,Naukri,2024-07-16
952,Software Engineer,Pune,Mid,Master,LinkedIn,2025-11-04
953,Data Analyst,Mumbai,Senior,PhD,Naukri,2023-06-09
954,Sales Executive,Mumbai,Senior,PhD,CareerSite,2024-10-05
955,Software Engineer,Pune,Entry,Master,LinkedIn,2024-11-13
956,Product Manager,Bangalore,Mid,Diploma,Naukri,2025-06-04
957,Sales Executive,Bangalore,Entry,Bachelor,Naukri,2023-03-14
958,HR Specialist,Mumbai,Entry,Master,Naukri,2024-01-04
959,Sales Executive,Delhi,Entry,Master,Referral,2024-04-18
960,Data Analyst,Bangalore,Entry,Diploma,Naukri,2025-11-14
961,Product Manager,Mumbai,Senior,Master,Naukri,2024-12-29
962,Software Engineer,Pune,Senior,Bachelor,CareerSite,2024-08-16
963,Data Analyst,Delhi,Mid,Diploma,CareerSite,2024-03-01
964,Data Analyst,Bangalore,Senior,Master,LinkedIn,2024-09-15
965,Software Engineer,Mumbai,Entry,Master,Naukri,2025-02-12
966,Product Manager,Delhi,Mid,Bachelor,CareerSite,2025-08-25
967,HR Specialist,Pune,Mid,Diploma,Naukri,2023-05-01
968,Data Analyst,Delhi,Mid,PhD,Naukri,2024-11-10
969,Data Analyst,Delhi,Mid,Master,CareerSite,2024-09-24
970,Software Engineer,Chennai,Senior,Master,CareerSite,2026-01-01
971,Sales Executive,Bangalore,Senior,Diploma,LinkedIn,2024-06-20
972,Data Analyst,Bangalore,Senior,Diploma,Referral,2023-02-05
973,Data Analyst,Delhi,Senior,Diploma,LinkedIn,2024-03-18
974,Data Analyst,Pune,Mid,PhD,LinkedIn,2024-06-09
975,Data Analyst,Delhi,Mid,Master,CareerSite,2023-11-25
976,Sales Executive,Pune,Senior,Bachelor,CareerSite,2024-02-08
977,Data Analyst,Chennai,Senior,Diploma,LinkedIn,2024-11-06
978,Product Manager,Chennai,Entry,Bachelor,Naukri,2024-04-20
979,HR Specialist,Bangalore,Entry,PhD,CareerSite,2023-08-29
980,Software Engineer,Pune,Entry,Diploma,Naukri,2024-02-01
981,Sales Executive,Chennai,Senior,Bachelor,Referral,2025-10-14
982,Software Engineer,Delhi,Senior,PhD,Referral,2025-01-06
983,Sales Executive,Chennai,Senior,PhD,Naukri,2023-12-10
984,Software Engineer,Bangalore,Mid,Bachelor,Naukri,2024-04-16
985,Sales Executive,Delhi,Mid,Bachelor,CareerSite,2025-10-17
986,Software Engineer,Chennai,Senior,Master,Referral,2024-03-23
987,Data Analyst,Delhi,Mid,Diploma,Referral,2024-11-19
988,Software Engineer,Bangalore,Mid,Master,LinkedIn,2024-08-12
989,HR Specialist,Bangalore,Senior,PhD,Referral,2025-03-26
990,HR Specialist,Delhi,Senior,Diploma,LinkedIn,2025-07-30
991,HR Specialist,Pune,Mid,Master,Naukri,2024-06-05
992,Product Manager,Mumbai,Entry,Master,Referral,2025-12-06
993,Sales Executive,Bangalore,Entry,Master,LinkedIn,2023-02-13
994,HR Specialist,Bangalore,Senior,PhD,LinkedIn,2023-12-28
995,HR Specialist,Pune,Mid,Master,Naukri,2025-02-27
996,Software Engineer,Mumbai,Mid,Diploma,Naukri,2024-03-03
997,Data Analyst,Delhi,Senior,Diploma,Referral,2024-10-06
998,Data Analyst,Pune,Entry,Diploma,Referral,2025-07-17
999,Software Engineer,Bangalore,Mid,PhD,Naukri,2023-09-02
1000,Software Engineer,Chennai,Entry,Diploma,CareerSite,2023-09-26
1001,HR Specialist,Delhi,Mid,Master,Naukri,2025-09-21
1002,Data Analyst,Pune,Mid,PhD,CareerSite,2025-11-30
1003,Software Engineer,Bangalore,Senior,Master,LinkedIn,2025-08-11
1004,HR Specialist,Pune,Mid,Master,LinkedIn,2023-12-04
1005,Data Analyst,Chennai,Entry,PhD,LinkedIn,2023-11-14
1006,Sales Executive,Mumbai,Entry,Diploma,Naukri,2025-09-28
1007,Product Manager,Chennai,Senior,Master,Naukri,2025-11-15
1008,HR Specialist,Bangalore,Entry,Diploma,Referral,2024-08-08
1009,Sales Executive,Bangalore,Entry,PhD,Naukri,2025-04-19
1010,HR Specialist,Chennai,Mid,PhD,CareerSite,2024-05-19
1011,Data Analyst,Chennai,Senior,Diploma,Referral,2025-10-25
1012,Sales Executive,Pune,Entry,PhD,LinkedIn,2023-07-11
1013,Data Analyst,Delhi,Mid,PhD,LinkedIn,2025-01-20
1014,Software Engineer,Mumbai,Entry,PhD,Naukri,2025-11-06
1015,Software Engineer,Pune,Senior,Bachelor,LinkedIn,2025-01-11
1016,Product Manager,Bangalore,Senior,Master,Naukri,2024-03-17
1017,Data Analyst,Bangalore,Entry,PhD,Agency,2025-09-27
1018,Software Engineer,Mumbai,Mid,Bachelor,CareerSite,2024-04-16
1019,Product Manager,Mumbai,Mid,Diploma,LinkedIn,2024-11-25
1020,Data Analyst,Mumbai,Senior,Master,LinkedIn,2024-10-17
1021,HR Specialist,Delhi,Senior,PhD,LinkedIn,2025-09-15
1022,Software Engineer,Mumbai,Mid,Master,LinkedIn,2025-10-19
1023,Software Engineer,Chennai,Entry,PhD,LinkedIn,2025-09-14
1024,Sales Executive,Chennai,Senior,Master,LinkedIn,2024-05-27
1025,Sales Executive,Chennai,Mid,PhD,CareerSite,2025-11-23
1026,Product Manager,Bangalore,Mid,Master,Naukri,2025-02-14
1027,HR Specialist,Delhi,Mid,Master,Referral,2025-08-30
1028,HR Specialist,Mumbai,Mid,Bachelor,Naukri,2024-07-03
1029,Data Analyst,Bangalore,Senior,PhD,Referral,2023-05-23
1030,HR Specialist,Delhi,Mid,Diploma,CareerSite,2025-10-09
1031,Product Manager,Pune,Mid,Master,Naukri,2025-03-28
1032,Product Manager,Chennai,Senior,Master,LinkedIn,2024-06-28
1033,Data Analyst,Pune,Entry,Bachelor,Naukri,2024-12-31
1034,Software Engineer,Delhi,Mid,Master,Naukri,2025-08-08
1035,Sales Executive,Pune,Entry,PhD,Referral,2025-06-20
1036,HR Specialist,Delhi,Entry,Bachelor,Referral,2024-05-04
1037,Product Manager,Mumbai,Mid,Bachelor,Referral,2025-12-15
1038,Product Manager,Chennai,Senior,Bachelor,Naukri,2025-11-25
1039,Data Analyst,Chennai,Mid,PhD,Naukri,2023-11-11
1040,Sales Executive,Pune,Senior,Diploma,LinkedIn,2025-02-10
1041,HR Specialist,Chennai,Senior,Diploma,Referral,2024-11-02
1042,Product Manager,Bangalore,Mid,Bachelor,Naukri,2023-07-05
1043,Software Engineer,Bangalore,Mid,Diploma,Referral,2024-07-16
1044,Sales Executive,Delhi,Senior,PhD,Naukri,2024-07-05
1045,Sales Executive,Pune,Mid,Diploma,Referral,2024-03-06
1046,Software Engineer,Delhi,Senior,Master,LinkedIn,2024-03-12
1047,Data Analyst,Chennai,Senior,Diploma,LinkedIn,2025-03-26
1048,HR Specialist,Mumbai,Entry,Master,Naukri,2025-04-16
1049,Data Analyst,Mumbai,Mid,PhD,Naukri,2023-01-06
1050,Product Manager,Delhi,Mid,Master,LinkedIn,2025-05-16
1051,Sales Executive,Bangalore,Entry,Bachelor,LinkedIn,2023-02-08
1052,Data Analyst,Mumbai,Senior,Diploma,LinkedIn,2025-04-13
1053,Sales Executive,Mumbai,Senior,PhD,CareerSite,2025-02-19
1054,Data Analyst,Bangalore,Senior,PhD,LinkedIn,2025-11-28
1055,HR Specialist,Pune,Entry,Diploma,LinkedIn,2023-02-24
1056,Data Analyst,Bangalore,Entry,Master,LinkedIn,2023-04-08
1057,Data Analyst,Pune,Mid,Bachelor,LinkedIn,2025-06-23
1058,Sales Executive,Delhi,Mid,Bachelor,LinkedIn,2025-06-17
1059,Product Manager,Bangalore,Mid,Master,Referral,2024-10-02
1060,Sales Executive,Chennai,Mid,Bachelor,LinkedIn,2024-02-25
1061,HR Specialist,Mumbai,Mid,Bachelor,LinkedIn,2025-11-09
1062,Software Engineer,Pune,Senior,Bachelor,LinkedIn,2023-04-28
1063,Sales Executive,Chennai,Mid,Bachelor,Naukri,2025-01-30
1064,HR Specialist,Chennai,Entry,Master,LinkedIn,2024-09-12
1065,Software Engineer,Bangalore,Entry,Bachelor,Referral,2025-10-18
1066,Software Engineer,Bangalore,Senior,PhD,Referral,2025-07-31
1067,Product Manager,Delhi,Mid,Diploma,Referral,2023-04-12
1068,HR Specialist,Chennai,Mid,Master,LinkedIn,2023-01-12
1069,HR Specialist,Delhi,Entry,Diploma,Referral,2025-03-04
1070,Software Engineer,Pune,Senior,Master,Referral,2025-07-29
1071,HR Specialist,Delhi,Mid,PhD,Referral,2025-05-12
1072,HR Specialist,Mumbai,Entry,Diploma,Naukri,2024-07-21
1073,Software Engineer,Pune,Mid,Master,Referral,2025-05-18
1074,Product Manager,Delhi,Senior,Diploma,Referral,2024-10-07
1075,Sales Executive,Delhi,Senior,Master,CareerSite,2025-12-26
1076,Software Engineer,Chennai,Senior,Bachelor,Referral,2024-11-23
1077,Data Analyst,Pune,Entry,Bachelor,LinkedIn,2026-01-01
1078,Product Manager,Bangalore,Entry,Diploma,LinkedIn,2024-07-03
1079,Product Manager,Mumbai,Senior,Master,LinkedIn,2024-01-05
1080,Software Engineer,Pune,Entry,Diploma,Referral,2025-02-13
1081,Software Engineer,Bangalore,Mid,Bachelor,Referral,2025-12-30
1082,Product Manager,Chennai,Senior,Bachelor,Naukri,2025-08-03
1083,Product Manager,Chennai,Senior,Bachelor,Naukri,2024-04-02
1084,Sales Executive,Pune,Senior,Diploma,LinkedIn,2023-06-10
1085,Software Engineer,Bangalore,Entry,Master,Referral,2025-12-03
1086,HR Specialist,Delhi,Entry,Bachelor,Naukri,2025-08-07
1087,Data Analyst,Delhi,Senior,Master,Referral,2025-02-01
1088,Software Engineer,Pune,Mid,Master,Referral,2023-10-19
1089,HR Specialist,Mumbai,Entry,Bachelor,LinkedIn,2023-11-09
1090,Sales Executive,Mumbai,Entry,Diploma,LinkedIn,2025-01-05
1091,Product Manager,Mumbai,Senior,Diploma,Referral,2023-11-30
1092,HR Specialist,Bangalore,Mid,Master,Referral,2024-12-20
1093,Data Analyst,Pune,Senior,Master,Naukri,2024-03-20
1094,Data Analyst,Chennai,Mid,Master,LinkedIn,2024-04-09
1095,Sales Executive,Bangalore,Mid,Bachelor,LinkedIn,2024-11-16
1096,Software Engineer,Delhi,Senior,Diploma,Referral,2025-04-30
1097,Software Engineer,Chennai,Mid,Bachelor,Agency,2025-12-23
1098,Sales Executive,Bangalore,Senior,Master,Naukri,2025-04-23
1099,Software Engineer,Chennai,Mid,Diploma,Agency,2025-10-17
1100,Sales Executive,Mumbai,Entry,Diploma,Naukri,2025-08-24
1101,Software Engineer,Bangalore,Mid,Master,Naukri,2024-01-06
1102,HR Specialist,Mumbai,Senior,Bachelor,LinkedIn,2025-06-02
1103,Sales Executive,Pune,Mid,PhD,Referral,2024-07-24
1104,Sales Executive,Bangalore,Entry,PhD,CareerSite,2025-07-01
1105,Sales Executive,Chennai,Entry,Bachelor,Naukri,2025-10-31
1106,Product Manager,Bangalore,Senior,PhD,CareerSite,2023-03-20
1107,Data Analyst,Bangalore,Entry,Diploma,LinkedIn,2023-06-01
1108,Sales Executive,Bangalore,Mid,Master,Agency,2024-11-05
1109,Data Analyst,Mumbai,Mid,Bachelor,LinkedIn,2025-10-23
1110,Software Engineer,Mumbai,Entry,Bachelor,Naukri,2025-05-06
1111,Data Analyst,Mumbai,Mid,Bachelor,LinkedIn,2025-05-01
1112,Product Manager,Bangalore,Mid,Master,Naukri,2025-03-18
1113,Product Manager,Delhi,Mid,PhD,Agency,2024-03-31
1114,Sales Executive,Chennai,Mid,Master,Agency,2024-07-08
1115,Sales Executive,Chennai,Mid,Master,LinkedIn,2023-08-30
1116,Data Analyst,Chennai,Senior,Bachelor,Agency,2025-12-17
1117,Product Manager,Bangalore,Senior,Bachelor,LinkedIn,2025-11-03
1118,Software Engineer,Mumbai,Entry,Diploma,LinkedIn,2024-08-27
1119,Sales Executive,Mumbai,Entry,Bachelor,LinkedIn,2024-12-03
1120,Software Engineer,Pune,Senior,PhD,CareerSite,2023-11-22
1121,Product Manager,Mumbai,Entry,Master,Naukri,2023-10-18
1122,Data Analyst,Mumbai,Entry,PhD,LinkedIn,2025-03-23
1123,HR Specialist,Delhi,Senior,PhD,LinkedIn,2025-12-30
1124,Software Engineer,Chennai,Entry,Bachelor,LinkedIn,2024-03-15
1125,Software Engineer,Chennai,Mid,PhD,CareerSite,2025-02-17
1126,Sales Executive,Bangalore,Mid,Diploma,Agency,2024-09-12
1127,HR Specialist,Bangalore,Senior,Diploma,Referral,2024-09-29
1128,Product Manager,Pune,Senior,Master,LinkedIn,2024-04-11
1129,Sales Executive,Pune,Senior,Bachelor,Naukri,2023-06-08
1130,Software Engineer,Pune,Senior,Master,Naukri,2024-08-27
1131,HR Specialist,Pune,Senior,Diploma,LinkedIn,2025-03-24
1132,HR Specialist,Chennai,Senior,PhD,CareerSite,2024-11-14
1133,Sales Executive,Bangalore,Senior,Master,Referral,2025-12-14
1134,Sales Executive,Mumbai,Entry,Master,Agency,2024-02-15
1135,Product Manager,Chennai,Entry,Master,Referral,2025-10-03
1136,HR Specialist,Pune,Mid,Master,Naukri,2023-08-18
1137,Product Manager,Chennai,Entry,Bachelor,Referral,2024-11-04
1138,Software Engineer,Chennai,Mid,Diploma,Referral,2024-11-30
1139,Product Manager,Chennai,Mid,Bachelor,Naukri,2024-12-24
1140,Sales Executive,Mumbai,Senior,Diploma,Referral,2024-03-16
1141,Product Manager,Mumbai,Entry,Diploma,LinkedIn,2024-06-20
1142,Product Manager,Bangalore,Senior,PhD,Referral,2024-03-06
1143,Data Analyst,Delhi,Mid,Master,Referral,2026-01-01
1144,Sales Executive,Bangalore,Entry,Bachelor,LinkedIn,2024-04-13
1145,Sales Executive,Pune,Mid,Master,LinkedIn,2025-12-07
1146,Software Engineer,Delhi,Entry,PhD,LinkedIn,2023-07-23
1147,Data Analyst,Chennai,Senior,Master,CareerSite,2025-03-03
1148,Product Manager,Delhi,Senior,Master,LinkedIn,2025-03-02
1149,Data Analyst,Pune,Senior,Master,Naukri,2025-12-19
1150,Sales Executive,Pune,Senior,PhD,Referral,2025-05-23
1151,Software Engineer,Pune,Entry,PhD,LinkedIn,2025-05-04
1152,Product Manager,Pune,Mid,Diploma,LinkedIn,2023-12-29
1153,Software Engineer,Delhi,Entry,Bachelor,LinkedIn,2025-11-16
1154,Sales Executive,Pune,Mid,Master,LinkedIn,2023-02-02
1155,Data Analyst,Pune,Entry,PhD,Naukri,2023-06-20
1156,Software Engineer,Chennai,Senior,Bachelor,Referral,2024-11-04
1157,Product Manager,Bangalore,Entry,Bachelor,Naukri,2023-10-18
1158,Product Manager,Chennai,Mid,Diploma,LinkedIn,2024-02-25
1159,Product Manager,Pune,Entry,Master,Naukri,2024-06-14
1160,Software Engineer,Delhi,Mid,Master,LinkedIn,2024-09-04
1161,Product Manager,Chennai,Mid,PhD,LinkedIn,2023-05-03
1162,Data Analyst,Mumbai,Mid,Diploma,Naukri,2025-07-30
1163,Software Engineer,Chennai,Senior,Bachelor,Naukri,2025-08-23
1164,Software Engineer,Delhi,Entry,Bachelor,Referral,2024-08-02
1165,Product Manager,Bangalore,Senior,Master,Naukri,2025-01-16
1166,Sales Executive,Pune,Mid,Bachelor,Agency,2024-07-22
1167,HR Specialist,Bangalore,Entry,Diploma,Naukri,2025-08-19
1168,Sales Executive,Pune,Mid,Bachelor,LinkedIn,2025-07-27
1169,HR Specialist,Pune,Mid,Diploma,Naukri,2024-11-03
1170,HR Specialist,Bangalore,Entry,PhD,LinkedIn,2023-11-19
1171,Software Engineer,Bangalore,Entry,PhD,Referral,2023-08-23
1172,Data Analyst,Bangalore,Entry,PhD,LinkedIn,2026-01-01
1173,Sales Executive,Bangalore,Mid,Bachelor,LinkedIn,2025-08-19
1174,HR Specialist,Pune,Senior,Master,CareerSite,2023-11-19
1175,HR Specialist,Chennai,Mid,Diploma,LinkedIn,2024-06-15
1176,Software Engineer,Mumbai,Mid,Master,Naukri,2024-10-03
1177,Sales Executive,Pune,Senior,Diploma,Naukri,2024-10-12
1178,Software Engineer,Chennai,Senior,Bachelor,LinkedIn,2024-11-25
1179,HR Specialist,Bangalore,Senior,PhD,LinkedIn,2024-04-05
1180,Product Manager,Mumbai,Senior,Diploma,LinkedIn,2025-07-16
1181,Software Engineer,Mumbai,Mid,Bachelor,Naukri,2023-02-19
1182,Software Engineer,Delhi,Mid,Diploma,LinkedIn,2024-07-16
1183,Sales Executive,Mumbai,Mid,Diploma,LinkedIn,2025-12-20
1184,Product Manager,Chennai,Senior,Diploma,Referral,2023-04-28
1185,Sales Executive,Pune,Entry,Diploma,LinkedIn,2025-05-14
1186,Software Engineer,Mumbai,Mid,Diploma,CareerSite,2025-05-29
1187,Software Engineer,Pune,Mid,Diploma,Naukri,2025-10-15
1188,Sales Executive,Bangalore,Senior,Bachelor,Referral,2025-02-21
1189,HR Specialist,Chennai,Senior,Diploma,Referral,2025-11-19
1190,Product Manager,Pune,Entry,Diploma,LinkedIn,2023-04-07
1191,Sales Executive,Mumbai,Senior,PhD,Naukri,2025-06-23
1192,Data Analyst,Bangalore,Mid,Master,LinkedIn,2025-05-24
1193,Product Manager,Bangalore,Mid,PhD,LinkedIn,2025-10-20
1194,HR Specialist,Bangalore,Entry,Bachelor,Referral,2024-03-11
1195,Software Engineer,Pune,Mid,Master,Naukri,2023-09-13
1196,Software Engineer,Delhi,Mid,Diploma,CareerSite,2023-08-21
1197,Data Analyst,Chennai,Senior,Bachelor,Referral,2024-04-18
1198,Product Manager,Pune,Senior,Diploma,Referral,2023-06-24
1199,Software Engineer,Bangalore,Senior,PhD,LinkedIn,2023-10-23
1200,Software Engineer,Mumbai,Senior,Diploma,Referral,2023-10-02
1201,Sales Executive,Bangalore,Senior,Bachelor,Referral,2024-08-19
1202,Software Engineer,Pune,Senior,Diploma,Agency,2024-09-08
1203,HR Specialist,Delhi,Senior,Master,Referral,2025-10-04
1204,Data Analyst,Pune,Mid,Diploma,LinkedIn,2024-05-24
1205,Product Manager,Pune,Senior,Bachelor,Naukri,2024-09-28
1206,Product Manager,Chennai,Mid,Diploma,CareerSite,2025-03-30
1207,Product Manager,Chennai,Entry,PhD,Naukri,2023-08-11
1208,Sales Executive,Pune,Entry,Diploma,LinkedIn,2025-03-25
1209,Sales Executive,Mumbai,Mid,Master,LinkedIn,2025-08-01
1210,Sales Executive,Delhi,Entry,Diploma,Referral,2023-07-01
1211,Software Engineer,Delhi,Senior,Bachelor,Naukri,2024-08-24
1212,HR Specialist,Chennai,Entry,Master,CareerSite,2024-12-14
1213,Data Analyst,Pune,Mid,Master,Referral,2023-08-26
1214,Product Manager,Pune,Entry,Bachelor,LinkedIn,2025-10-28
1215,Sales Executive,Pune,Senior,PhD,LinkedIn,2025-10-01
1216,Data Analyst,Pune,Senior,Diploma,Agency,2023-06-09
1217,Data Analyst,Delhi,Entry,Bachelor,LinkedIn,2025-07-18
1218,Product Manager,Mumbai,Senior,PhD,Referral,2025-08-14
1219,Product Manager,Pune,Senior,Diploma,CareerSite,2025-02-08
1220,HR Specialist,Pune,Mid,PhD,LinkedIn,2024-07-18
1221,HR Specialist,Delhi,Entry,Master,LinkedIn,2023-08-02
1222,HR Specialist,Mumbai,Senior,Diploma,LinkedIn,2023-10-13
1223,Software Engineer,Pune,Mid,PhD,Naukri,2025-10-05
1224,Product Manager,Mumbai,Senior,Bachelor,LinkedIn,2025-09-05
1225,Sales Executive,Delhi,Senior,PhD,Referral,2023-05-16
1226,HR Specialist,Pune,Mid,PhD,LinkedIn,2024-07-27
1227,HR Specialist,Pune,Mid,Master,Referral,2024-11-10
1228,Data Analyst,Bangalore,Senior,PhD,LinkedIn,2025-10-06
1229,Data Analyst,Mumbai,Entry,Master,Naukri,2025-01-23
1230,Product Manager,Pune,Entry,PhD,LinkedIn,2023-06-23
1231,HR Specialist,Bangalore,Mid,Master,Referral,2024-06-21
1232,Software Engineer,Mumbai,Senior,Diploma,Referral,2023-06-17
1233,Data Analyst,Delhi,Senior,Master,Naukri,2025-02-01
1234,Product Manager,Mumbai,Mid,Diploma,LinkedIn,2025-08-22
1235,Data Analyst,Mumbai,Entry,Master,LinkedIn,2023-07-19
1236,Software Engineer,Pune,Entry,Bachelor,Naukri,2025-05-30
1237,Software Engineer,Pune,Mid,Master,LinkedIn,2025-12-29
1238,Product Manager,Pune,Entry,PhD,LinkedIn,2025-11-05
1239,Data Analyst,Mumbai,Entry,Bachelor,Agency,2023-10-13
1240,HR Specialist,Delhi,Entry,Master,Referral,2024-09-05
1241,Product Manager,Bangalore,Mid,PhD,LinkedIn,2024-04-13
1242,Software Engineer,Delhi,Entry,PhD,Referral,2025-10-13
1243,Software Engineer,Pune,Senior,Master,LinkedIn,2025-08-04
1244,Sales Executive,Chennai,Mid,PhD,LinkedIn,2025-06-24
1245,Data Analyst,Bangalore,Mid,Master,CareerSite,2024-08-07
1246,HR Specialist,Delhi,Entry,Master,Referral,2025-03-25
1247,Product Manager,Pune,Entry,Bachelor,CareerSite,2025-12-07
1248,Software Engineer,Delhi,Senior,Master,Naukri,2025-09-27
1249,Software Engineer,Delhi,Entry,Diploma,Agency,2023-08-07
1250,Data Analyst,Bangalore,Senior,Diploma,CareerSite,2023-07-25
1251,Product Manager,Chennai,Mid,Diploma,LinkedIn,2024-04-19
1252,Product Manager,Bangalore,Entry,PhD,LinkedIn,2024-08-13
1253,Sales Executive,Chennai,Senior,Diploma,Naukri,2025-08-20
1254,Product Manager,Delhi,Mid,PhD,Naukri,2024-11-11
1255,Data Analyst,Pune,Entry,Master,Referral,2024-07-24
1256,Data Analyst,Mumbai,Mid,Diploma,LinkedIn,2024-05-08
1257,HR Specialist,Pune,Entry,Bachelor,Agency,2023-05-16
1258,Sales Executive,Delhi,Senior,Bachelor,LinkedIn,2025-10-26
1259,Sales Executive,Chennai,Entry,Master,CareerSite,2024-02-22
1260,Data Analyst,Pune,Entry,Diploma,LinkedIn,2025-04-06
1261,Product Manager,Delhi,Senior,PhD,LinkedIn,2025-11-18
1262,Data Analyst,Pune,Entry,Bachelor,LinkedIn,2025-03-18
1263,Software Engineer,Delhi,Entry,Bachelor,Referral,2024-03-07
1264,Product Manager,Chennai,Senior,Master,Referral,2025-03-31
1265,HR Specialist,Chennai,Senior,PhD,Agency,2023-11-13
1266,Sales Executive,Bangalore,Mid,Bachelor,LinkedIn,2023-09-13
1267,Software Engineer,Pune,Senior,Diploma,Referral,2025-12-15
1268,Software Engineer,Pune,Entry,PhD,LinkedIn,2024-01-24
1269,Data Analyst,Mumbai,Mid,PhD,Naukri,2024-04-23
1270,Sales Executive,Chennai,Senior,Master,LinkedIn,2023-04-20
1271,Data Analyst,Chennai,Senior,Bachelor,Referral,2025-12-22
1272,Product Manager,Pune,Entry,Diploma,CareerSite,2024-01-17
1273,HR Specialist,Mumbai,Entry,Master,Referral,2024-05-16
1274,HR Specialist,Chennai,Mid,PhD,Agency,2025-02-13
1275,Data Analyst,Mumbai,Mid,Master,LinkedIn,2024-12-07
1276,Data Analyst,Bangalore,Senior,Master,Naukri,2024-05-12
1277,HR Specialist,Mumbai,Entry,Master,Referral,2024-07-02
1278,Software Engineer,Bangalore,Entry,PhD,Naukri,2025-02-17
1279,Product Manager,Bangalore,Entry,Master,Referral,2023-10-16
1280,Data Analyst,Delhi,Mid,PhD,LinkedIn,2025-11-02
1281,Software Engineer,Delhi,Mid,Bachelor,Naukri,2023-06-21
1282,Sales Executive,Bangalore,Mid,Bachelor,LinkedIn,2025-12-07
1283,Product Manager,Mumbai,Senior,Master,LinkedIn,2025-12-11
1284,Product Manager,Mumbai,Entry,PhD,Naukri,2023-10-13
1285,HR Specialist,Pune,Mid,Diploma,Referral,2025-01-29
1286,Sales Executive,Delhi,Mid,Bachelor,LinkedIn,2025-09-15
1287,Product Manager,Mumbai,Senior,PhD,CareerSite,2025-09-30
1288,Data Analyst,Delhi,Senior,Bachelor,LinkedIn,2024-05-17
1289,Sales Executive,Pune,Entry,Bachelor,Naukri,2023-08-09
1290,Sales Executive,Mumbai,Mid,Master,Agency,2024-08-29
1291,Data Analyst,Delhi,Mid,Master,Naukri,2023-05-19
1292,Sales Executive,Chennai,Mid,Master,Referral,2024-09-20
1293,Software Engineer,Mumbai,Mid,PhD,Referral,2025-11-17
1294,Software Engineer,Delhi,Entry,Diploma,CareerSite,2025-04-06
1295,Software Engineer,Delhi,Senior,Bachelor,Referral,2025-07-30
1296,Product Manager,Mumbai,Senior,Bachelor,LinkedIn,2023-02-11
1297,Sales Executive,Pune,Mid,Diploma,CareerSite,2025-11-09
1298,Data Analyst,Bangalore,Senior,PhD,LinkedIn,2024-07-01
1299,HR Specialist,Chennai,Entry,PhD,Referral,2025-04-02
1300,Data Analyst,Delhi,Senior,Diploma,CareerSite,2024-12-11
1301,Sales Executive,Delhi,Mid,Bachelor,Naukri,2024-05-17
1302,Product Manager,Mumbai,Mid,PhD,LinkedIn,2024-09-13
1303,Data Analyst,Chennai,Senior,PhD,Naukri,2024-01-25
1304,Sales Executive,Pune,Mid,Bachelor,Naukri,2025-08-10
1305,HR Specialist,Chennai,Senior,Bachelor,Naukri,2025-11-08
1306,Software Engineer,Mumbai,Mid,Diploma,LinkedIn,2024-09-12
1307,Sales Executive,Bangalore,Mid,Diploma,CareerSite,2025-01-25
1308,Product Manager,Bangalore,Entry,Bachelor,Naukri,2023-02-26
1309,Sales Executive,Delhi,Entry,Master,CareerSite,2024-02-21
1310,HR Specialist,Chennai,Senior,Bachelor,LinkedIn,2024-07-01
1311,Software Engineer,Mumbai,Mid,Master,LinkedIn,2025-05-18
1312,Software Engineer,Pune,Senior,Diploma,Naukri,2024-10-29
1313,Software Engineer,Pune,Mid,Diploma,Naukri,2024-07-10
1314,Product Manager,Pune,Entry,Bachelor,LinkedIn,2025-09-20
1315,Software Engineer,Bangalore,Entry,PhD,LinkedIn,2023-08-21
1316,HR Specialist,Pune,Senior,PhD,Referral,2023-05-31
1317,Software Engineer,Mumbai,Senior,Master,LinkedIn,2024-04-01
1318,Sales Executive,Mumbai,Mid,Bachelor,CareerSite,2025-02-07
1319,HR Specialist,Chennai,Entry,Bachelor,CareerSite,2024-02-15
1320,Sales Executive,Chennai,Mid,Master,Referral,2024-04-03
1321,HR Specialist,Chennai,Entry,Master,Naukri,2024-12-06
1322,Software Engineer,Pune,Entry,PhD,LinkedIn,2025-02-07
1323,Software Engineer,Mumbai,Entry,PhD,CareerSite,2023-08-30
1324,Software Engineer,Mumbai,Senior,Diploma,LinkedIn,2025-03-11
1325,Software Engineer,Bangalore,Mid,Diploma,Referral,2024-03-21
1326,Data Analyst,Mumbai,Mid,Bachelor,Naukri,2025-10-05
1327,Data Analyst,Pune,Entry,Diploma,Naukri,2024-01-13
1328,Data Analyst,Chennai,Entry,Master,Naukri,2024-08-10
1329,Sales Executive,Pune,Entry,Diploma,CareerSite,2025-09-04
1330,Data Analyst,Delhi,Senior,Bachelor,Naukri,2023-05-11
1331,Sales Executive,Bangalore,Entry,PhD,LinkedIn,2023-07-11
1332,HR Specialist,Chennai,Entry,Master,CareerSite,2024-03-26
1333,Product Manager,Chennai,Mid,PhD,Referral,2024-07-20
1334,Product Manager,Delhi,Senior,Master,Referral,2024-10-04
1335,HR Specialist,Pune,Senior,Diploma,LinkedIn,2025-12-27
1336,HR Specialist,Delhi,Mid,PhD,Naukri,2023-02-12
1337,Data Analyst,Chennai,Mid,Master,LinkedIn,2023-01-05
1338,Product Manager,Bangalore,Mid,Diploma,Naukri,2025-01-30
1339,Product Manager,Chennai,Entry,Bachelor,Referral,2024-03-11
1340,Product Manager,Delhi,Mid,Bachelor,Naukri,2025-02-06
1341,HR Specialist,Delhi,Senior,Bachelor,LinkedIn,2024-08-01
1342,HR Specialist,Mumbai,Senior,Diploma,LinkedIn,2025-06-21
1343,HR Specialist,Delhi,Entry,Bachelor,Naukri,2023-11-04
1344,Sales Executive,Delhi,Mid,Master,LinkedIn,2024-01-27
1345,HR Specialist,Chennai,Entry,Bachelor,LinkedIn,2025-11-24
1346,Software Engineer,Chennai,Mid,Master,Naukri,2023-09-30
1347,Data Analyst,Bangalore,Mid,Diploma,Referral,2025-09-29
1348,Sales Executive,Mumbai,Entry,Master,Naukri,2024-11-25
1349,Data Analyst,Mumbai,Senior,Bachelor,Naukri,2025-02-04
1350,HR Specialist,Chennai,Mid,Bachelor,Referral,2025-09-04
1351,Data Analyst,Mumbai,Senior,Diploma,LinkedIn,2023-06-15
1352,HR Specialist,Pune,Senior,Master,CareerSite,2025-07-27
1353,Data Analyst,Mumbai,Entry,Bachelor,Referral,2024-07-01
1354,Product Manager,Bangalore,Senior,Bachelor,Naukri,2026-01-01
1355,Software Engineer,Mumbai,Mid,Diploma,LinkedIn,2025-02-10
1356,Product Manager,Bangalore,Senior,PhD,Referral,2025-03-08
1357,HR Specialist,Mumbai,Mid,PhD,Referral,2023-07-26
1358,Software Engineer,Bangalore,Mid,Bachelor,Referral,2023-02-28
1359,Software Engineer,Bangalore,Entry,Bachelor,Naukri,2024-02-05
1360,HR Specialist,Pune,Mid,PhD,CareerSite,2025-11-03
1361,Product Manager,Pune,Mid,Diploma,LinkedIn,2023-04-06
1362,Software Engineer,Delhi,Senior,Bachelor,Naukri,2024-10-14
1363,Software Engineer,Chennai,Entry,Master,Naukri,2024-09-03
1364,Data Analyst,Bangalore,Senior,PhD,Naukri,2023-07-14
1365,HR Specialist,Bangalore,Mid,Bachelor,LinkedIn,2025-09-28
1366,Data Analyst,Bangalore,Mid,Bachelor,LinkedIn,2025-01-24
1367,Software Engineer,Mumbai,Mid,Bachelor,Referral,2025-11-29
1368,HR Specialist,Delhi,Entry,PhD,LinkedIn,2023-03-01
1369,Data Analyst,Pune,Mid,Bachelor,Referral,2025-11-11
1370,Sales Executive,Bangalore,Senior,Master,Referral,2023-07-02
1371,Sales Executive,Mumbai,Senior,PhD,CareerSite,2025-06-17
1372,Sales Executive,Pune,Senior,Bachelor,Agency,2024-11-06
1373,Data Analyst,Pune,Mid,Bachelor,CareerSite,2024-08-15
1374,Product Manager,Mumbai,Senior,PhD,LinkedIn,2023-02-26
1375,Sales Executive,Delhi,Senior,Bachelor,LinkedIn,2025-10-06
1376,Product Manager,Pune,Mid,PhD,LinkedIn,2025-11-18
1377,Software Engineer,Bangalore,Senior,PhD,Referral,2025-01-09
1378,Data Analyst,Chennai,Entry,Bachelor,LinkedIn,2024-11-16
1379,Data Analyst,Chennai,Entry,Bachelor,LinkedIn,2025-02-26
1380,Product Manager,Pune,Senior,PhD,CareerSite,2024-10-23
1381,Data Analyst,Delhi,Entry,Diploma,LinkedIn,2025-07-09
1382,Sales Executive,Bangalore,Entry,Bachelor,CareerSite,2023-09-30
1383,Software Engineer,Mumbai,Senior,PhD,LinkedIn,2025-04-23
1384,HR Specialist,Pune,Mid,Bachelor,Referral,2024-05-19
1385,Sales Executive,Mumbai,Entry,Master,Naukri,2024-08-18
1386,Sales Executive,Pune,Mid,PhD,Naukri,2023-08-04
1387,Product Manager,Chennai,Senior,Bachelor,LinkedIn,2025-09-19
1388,Software Engineer,Pune,Entry,Diploma,CareerSite,2024-05-27
1389,HR Specialist,Bangalore,Mid,PhD,Naukri,2025-05-30
1390,Software Engineer,Pune,Mid,Bachelor,LinkedIn,2025-08-02
1391,Data Analyst,Bangalore,Mid,Diploma,Naukri,2025-05-22
1392,Software Engineer,Mumbai,Senior,Bachelor,LinkedIn,2025-03-17
1393,Software Engineer,Bangalore,Mid,PhD,LinkedIn,2024-05-03
1394,Data Analyst,Chennai,Senior,Diploma,CareerSite,2023-09-20
1395,Software Engineer,Bangalore,Mid,Diploma,Referral,2025-09-11
1396,Software Engineer,Bangalore,Mid,Diploma,Naukri,2025-04-16
1397,HR Specialist,Delhi,Senior,Bachelor,CareerSite,2024-08-19
1398,Product Manager,Mumbai,Senior,Bachelor,LinkedIn,2024-05-23
1399,Data Analyst,Delhi,Entry,PhD,LinkedIn,2025-07-17
1400,Product Manager,Bangalore,Mid,Master,LinkedIn,2023-04-09
1401,Sales Executive,Mumbai,Entry,Diploma,Referral,2025-05-31
1402,Software Engineer,Pune,Entry,Master,LinkedIn,2025-09-25
1403,HR Specialist,Chennai,Entry,PhD,LinkedIn,2023-12-03
1404,Product Manager,Chennai,Entry,PhD,Referral,2023-08-31
1405,HR Specialist,Bangalore,Entry,Master,Naukri,2025-10-10
1406,Software Engineer,Mumbai,Entry,Bachelor,LinkedIn,2024-03-10
1407,Sales Executive,Pune,Mid,Diploma,Referral,2023-06-04
1408,Data Analyst,Chennai,Mid,Master,Referral,2025-05-20
1409,Sales Executive,Delhi,Entry,PhD,Referral,2024-08-26
1410,HR Specialist,Delhi,Senior,Diploma,Naukri,2024-12-06
1411,Software Engineer,Mumbai,Senior,PhD,CareerSite,2023-11-30
1412,HR Specialist,Delhi,Mid,Bachelor,Referral,2025-12-03
1413,Data Analyst,Bangalore,Senior,Bachelor,Naukri,2023-06-14
1414,Product Manager,Bangalore,Entry,PhD,CareerSite,2025-06-10
1415,Software Engineer,Mumbai,Mid,PhD,LinkedIn,2025-05-12
1416,Sales Executive,Delhi,Entry,PhD,LinkedIn,2025-11-13
1417,Product Manager,Bangalore,Mid,Master,LinkedIn,2025-08-28
1418,Software Engineer,Chennai,Mid,Bachelor,LinkedIn,2025-08-05
1419,Sales Executive,Mumbai,Senior,Master,LinkedIn,2025-04-08
1420,Data Analyst,Delhi,Senior,Diploma,LinkedIn,2023-05-02
1421,Software Engineer,Pune,Mid,PhD,LinkedIn,2023-05-10
1422,Sales Executive,Pune,Senior,Master,Agency,2025-09-20
1423,Product Manager,Pune,Entry,PhD,Referral,2024-11-23
1424,Sales Executive,Mumbai,Entry,Diploma,Naukri,2025-08-24
1425,Product Manager,Pune,Mid,Master,LinkedIn,2025-08-20
1426,HR Specialist,Delhi,Entry,PhD,Agency,2025-02-03
1427,Sales Executive,Delhi,Mid,PhD,Referral,2025-02-10
1428,Sales Executive,Mumbai,Entry,PhD,Naukri,2023-11-25
1429,Data Analyst,Delhi,Mid,PhD,Naukri,2023-09-05
1430,HR Specialist,Delhi,Entry,Diploma,LinkedIn,2023-06-29
1431,Data Analyst,Delhi,Entry,PhD,LinkedIn,2025-10-11
1432,Sales Executive,Chennai,Mid,PhD,LinkedIn,2023-11-15
1433,Software Engineer,Bangalore,Entry,Diploma,Referral,2024-04-02
1434,Data Analyst,Chennai,Entry,Diploma,Naukri,2025-11-14
1435,Software Engineer,Mumbai,Entry,Bachelor,CareerSite,2024-04-12
1436,Sales Executive,Chennai,Entry,Master,LinkedIn,2025-01-26
1437,Software Engineer,Delhi,Mid,Diploma,LinkedIn,2024-01-03
1438,Data Analyst,Delhi,Entry,Diploma,Naukri,2023-03-22
1439,Data Analyst,Chennai,Entry,Master,LinkedIn,2024-10-27
1440,Product Manager,Bangalore,Entry,Master,Referral,2025-11-22
1441,Product Manager,Delhi,Entry,PhD,Naukri,2025-12-20
1442,Software Engineer,Mumbai,Entry,PhD,Naukri,2023-01-01
1443,Sales Executive,Chennai,Entry,Master,LinkedIn,2024-02-25
1444,Sales Executive,Pune,Senior,Diploma,Naukri,2025-02-14
1445,HR Specialist,Pune,Mid,Master,Naukri,2025-08-19
1446,HR Specialist,Pune,Senior,Diploma,LinkedIn,2024-09-20
1447,Software Engineer,Pune,Entry,Diploma,Referral,2024-11-29
1448,Software Engineer,Mumbai,Mid,Diploma,Referral,2023-02-28
1449,Sales Executive,Pune,Entry,Bachelor,LinkedIn,2023-10-18
1450,Product Manager,Delhi,Entry,PhD,LinkedIn,2025-11-14
1451,Software Engineer,Mumbai,Mid,Diploma,Naukri,2024-10-14
1452,Data Analyst,Delhi,Entry,PhD,LinkedIn,2025-02-13
1453,Sales Executive,Chennai,Entry,Diploma,LinkedIn,2025-09-28
1454,Sales Executive,Mumbai,Mid,Bachelor,Referral,2023-05-06
1455,Sales Executive,Pune,Senior,Bachelor,Referral,2025-06-16
1456,Product Manager,Pune,Mid,Bachelor,Naukri,2024-08-26
1457,Data Analyst,Delhi,Mid,Bachelor,LinkedIn,2024-08-30
1458,Sales Executive,Bangalore,Mid,PhD,LinkedIn,2025-10-04
1459,Product Manager,Bangalore,Entry,Diploma,Referral,2026-01-01
1460,Product Manager,Delhi,Entry,Master,CareerSite,2024-10-04
1461,Data Analyst,Bangalore,Entry,Bachelor,LinkedIn,2024-10-29
1462,HR Specialist,Bangalore,Mid,Master,LinkedIn,2024-05-19
1463,Sales Executive,Mumbai,Mid,Diploma,LinkedIn,2025-06-26
1464,HR Specialist,Mumbai,Senior,Master,LinkedIn,2024-10-26
1465,Product Manager,Bangalore,Entry,Bachelor,LinkedIn,2023-04-17
1466,Sales Executive,Mumbai,Mid,Diploma,CareerSite,2025-05-14
1467,Sales Executive,Mumbai,Mid,Master,Referral,2024-03-03
1468,Product Manager,Delhi,Mid,Master,CareerSite,2024-11-17
1469,Product Manager,Mumbai,Mid,Bachelor,Referral,2025-06-16
1470,Software Engineer,Pune,Senior,Master,LinkedIn,2025-02-08
1471,Product Manager,Bangalore,Entry,Master,CareerSite,2024-11-20
1472,Software Engineer,Chennai,Entry,Diploma,CareerSite,2024-11-06
1473,Data Analyst,Pune,Mid,PhD,LinkedIn,2023-08-17
1474,Software Engineer,Bangalore,Senior,Master,Agency,2025-10-17
1475,HR Specialist,Delhi,Senior,Bachelor,LinkedIn,2025-04-01
1476,Sales Executive,Bangalore,Senior,Master,Referral,2024-03-25
1477,Sales Executive,Bangalore,Entry,Master,LinkedIn,2024-03-11
1478,Product Manager,Bangalore,Senior,Diploma,Naukri,2025-10-05
1479,HR Specialist,Chennai,Mid,Master,Referral,2024-10-09
1480,Sales Executive,Pune,Entry,Diploma,CareerSite,2023-12-05
1481,Data Analyst,Bangalore,Entry,PhD,Naukri,2025-05-12
1482,Sales Executive,Pune,Entry,Bachelor,CareerSite,2023-03-29
1483,HR Specialist,Mumbai,Mid,Diploma,Referral,2023-12-08
1484,Software Engineer,Bangalore,Senior,PhD,LinkedIn,2025-07-16
1485,HR Specialist,Pune,Senior,PhD,Referral,2025-04-23
1486,Product Manager,Mumbai,Mid,Diploma,LinkedIn,2025-06-12
1487,Data Analyst,Bangalore,Mid,Bachelor,LinkedIn,2023-01-15
1488,Product Manager,Pune,Senior,Diploma,Naukri,2025-01-23
1489,Sales Executive,Chennai,Entry,PhD,Naukri,2023-03-26
1490,Product Manager,Pune,Entry,Bachelor,Naukri,2024-09-10
1491,HR Specialist,Chennai,Mid,Diploma,Naukri,2024-12-30
1492,Data Analyst,Mumbai,Mid,Diploma,Naukri,2024-08-02
1493,Product Manager,Mumbai,Mid,Master,Referral,2024-11-25
1494,Product Manager,Pune,Senior,Bachelor,Referral,2026-01-01
1495,HR Specialist,Chennai,Entry,PhD,LinkedIn,2024-10-31
1496,Data Analyst,Bangalore,Mid,PhD,LinkedIn,2024-12-20
1497,Software Engineer,Delhi,Senior,Master,Naukri,2023-08-15
1498,Data Analyst,Bangalore,Mid,Master,Referral,2024-09-29
1499,HR Specialist,Chennai,Senior,Bachelor,Naukri,2025-08-07
1500,Product Manager,Chennai,Senior,Bachelor,Naukri,2024-11-29
1501,Software Engineer,Mumbai,Mid,Master,LinkedIn,2024-09-11
1502,Software Engineer,Pune,Senior,Diploma,Naukri,2023-09-21
1503,Product Manager,Bangalore,Senior,Diploma,Naukri,2025-07-10
1504,Data Analyst,Delhi,Entry,Bachelor,LinkedIn,2025-05-17
1505,Software Engineer,Pune,Mid,Diploma,LinkedIn,2024-07-26
1506,HR Specialist,Mumbai,Senior,PhD,Referral,2023-08-19
1507,Data Analyst,Delhi,Entry,Master,LinkedIn,2024-05-02
1508,Sales Executive,Chennai,Entry,Diploma,LinkedIn,2024-10-05
1509,Data Analyst,Mumbai,Senior,Diploma,Naukri,2025-07-09
1510,Product Manager,Mumbai,Mid,PhD,CareerSite,2023-01-24
1511,Sales Executive,Bangalore,Senior,Diploma,LinkedIn,2024-06-21
1512,HR Specialist,Pune,Entry,Master,LinkedIn,2025-04-21
1513,HR Specialist,Chennai,Senior,Diploma,Agency,2024-04-09
1514,HR Specialist,Delhi,Entry,Bachelor,Naukri,2023-04-18
1515,Sales Executive,Chennai,Entry,Master,Referral,2024-08-15
1516,HR Specialist,Chennai,Mid,Master,Naukri,2024-12-17
1517,Product Manager,Delhi,Senior,Diploma,Referral,2023-05-14
1518,Data Analyst,Bangalore,Mid,Diploma,LinkedIn,2024-10-16
1519,Data Analyst,Chennai,Mid,Master,Agency,2025-03-27
1520,Sales Executive,Mumbai,Senior,PhD,LinkedIn,2024-04-27
1521,Data Analyst,Delhi,Entry,Master,Naukri,2023-11-07
1522,HR Specialist,Pune,Mid,Bachelor,LinkedIn,2025-05-06
1523,Sales Executive,Mumbai,Entry,Bachelor,Naukri,2024-11-18
1524,HR Specialist,Delhi,Senior,Bachelor,Referral,2024-02-27
1525,Software Engineer,Bangalore,Senior,Master,LinkedIn,2025-11-03
1526,HR Specialist,Pune,Entry,Bachelor,LinkedIn,2025-10-13
1527,HR Specialist,Pune,Mid,Master,LinkedIn,2024-02-14
1528,Sales Executive,Pune,Senior,Diploma,CareerSite,2023-06-09
1529,Sales Executive,Pune,Senior,PhD,LinkedIn,2025-12-17
1530,HR Specialist,Mumbai,Entry,PhD,LinkedIn,2025-01-27
1531,Software Engineer,Pune,Entry,Diploma,LinkedIn,2024-06-28
1532,Sales Executive,Bangalore,Mid,PhD,Naukri,2023-08-20
1533,Product Manager,Pune,Senior,Diploma,Naukri,2023-12-24
1534,Product Manager,Bangalore,Mid,Diploma,LinkedIn,2024-01-16
1535,Data Analyst,Chennai,Senior,Master,Agency,2023-04-23
1536,Software Engineer,Pune,Entry,Bachelor,Referral,2023-01-27
1537,Sales Executive,Mumbai,Entry,Master,Referral,2025-07-03
1538,Sales Executive,Bangalore,Entry,Master,LinkedIn,2025-02-03
1539,HR Specialist,Chennai,Mid,Master,Naukri,2025-12-21
1540,Data Analyst,Pune,Entry,Diploma,Naukri,2024-09-02
1541,HR Specialist,Chennai,Mid,Bachelor,Naukri,2025-10-03
1542,Product Manager,Delhi,Senior,Diploma,LinkedIn,2025-12-03
1543,Software Engineer,Mumbai,Entry,Master,LinkedIn,2024-05-18
1544,Product Manager,Delhi,Senior,PhD,LinkedIn,2025-05-23
1545,Data Analyst,Pune,Mid,Master,LinkedIn,2025-07-23
1546,Product Manager,Bangalore,Senior,Bachelor,Agency,2025-03-11
1547,Sales Executive,Mumbai,Senior,Diploma,Agency,2023-02-17
1548,Software Engineer,Pune,Entry,Diploma,Naukri,2025-02-10
1549,Product Manager,Chennai,Mid,PhD,Referral,2024-02-02
1550,HR Specialist,Chennai,Entry,PhD,LinkedIn,2024-06-11
1551,Sales Executive,Delhi,Mid,Bachelor,LinkedIn,2024-03-26
1552,Software Engineer,Pune,Senior,PhD,Naukri,2025-11-20
1553,Product Manager,Pune,Mid,Bachelor,LinkedIn,2024-05-03
1554,Product Manager,Mumbai,Senior,Bachelor,Naukri,2025-05-24
1555,Product Manager,Chennai,Senior,Master,Referral,2023-05-18
1556,Product Manager,Bangalore,Senior,Bachelor,LinkedIn,2025-09-02
1557,Product Manager,Delhi,Senior,Diploma,LinkedIn,2025-06-28
1558,HR Specialist,Delhi,Entry,Diploma,LinkedIn,2024-02-07
1559,HR Specialist,Chennai,Mid,Master,LinkedIn,2024-11-26
1560,Product Manager,Mumbai,Mid,Bachelor,LinkedIn,2023-11-03
1561,Software Engineer,Delhi,Senior,Bachelor,LinkedIn,2025-09-30
1562,Data Analyst,Bangalore,Mid,Diploma,LinkedIn,2025-02-04
1563,Data Analyst,Pune,Entry,PhD,Naukri,2025-04-06
1564,HR Specialist,Mumbai,Mid,Bachelor,Naukri,2025-01-03
1565,Software Engineer,Chennai,Entry,Bachelor,LinkedIn,2024-03-08
1566,Software Engineer,Pune,Senior,Master,LinkedIn,2023-12-15
1567,Data Analyst,Mumbai,Senior,Diploma,LinkedIn,2023-05-14
1568,Software Engineer,Mumbai,Mid,PhD,LinkedIn,2024-10-07
1569,HR Specialist,Delhi,Entry,Diploma,Naukri,2025-01-12
1570,Product Manager,Mumbai,Mid,Master,CareerSite,2023-03-26
1571,Software Engineer,Delhi,Entry,Diploma,Referral,2025-06-15
1572,Sales Executive,Bangalore,Mid,Bachelor,LinkedIn,2023-09-10
1573,Product Manager,Chennai,Senior,Bachelor,LinkedIn,2023-03-14
1574,Product Manager,Bangalore,Mid,PhD,CareerSite,2023-12-16
1575,HR Specialist,Pune,Entry,Diploma,Agency,2024-07-08
1576,Sales Executive,Bangalore,Senior,PhD,LinkedIn,2025-10-10
1577,Sales Executive,Chennai,Entry,Master,LinkedIn,2025-10-15
1578,Software Engineer,Delhi,Mid,Diploma,CareerSite,2025-01-17
1579,Data Analyst,Mumbai,Entry,Diploma,CareerSite,2025-03-23
1580,Data Analyst,Mumbai,Entry,Bachelor,Naukri,2025-05-15
1581,HR Specialist,Mumbai,Mid,Bachelor,LinkedIn,2024-03-31
1582,HR Specialist,Delhi,Senior,Diploma,Referral,2023-07-20
1583,Software Engineer,Pune,Mid,Master,CareerSite,2025-05-17
1584,Data Analyst,Chennai,Senior,PhD,Naukri,2025-03-16
1585,Sales Executive,Delhi,Mid,Diploma,Naukri,2025-08-07
1586,Product Manager,Bangalore,Senior,Bachelor,LinkedIn,2024-12-22
1587,Sales Executive,Pune,Mid,Diploma,Naukri,2023-02-06
1588,Sales Executive,Pune,Entry,Bachelor,Referral,2025-10-18
1589,Data Analyst,Mumbai,Mid,Diploma,LinkedIn,2023-04-29
1590,HR Specialist,Delhi,Entry,Master,Referral,2023-03-21
1591,Data Analyst,Chennai,Mid,PhD,CareerSite,2023-08-08
1592,HR Specialist,Chennai,Entry,Diploma,Naukri,2024-08-10
1593,HR Specialist,Delhi,Senior,Master,LinkedIn,2024-12-01
1594,HR Specialist,Pune,Senior,Master,Referral,2025-08-06
1595,Product Manager,Chennai,Senior,Diploma,LinkedIn,2025-11-15
1596,Software Engineer,Pune,Entry,Diploma,Referral,2023-06-11
1597,Data Analyst,Chennai,Senior,Master,LinkedIn,2025-10-24
1598,HR Specialist,Delhi,Entry,Bachelor,Naukri,2025-01-18
1599,HR Specialist,Pune,Senior,Diploma,Agency,2024-08-20
1600,Product Manager,Chennai,Senior,PhD,Naukri,2025-07-17
1601,Software Engineer,Chennai,Entry,PhD,LinkedIn,2025-07-09
1602,Sales Executive,Delhi,Entry,Bachelor,Naukri,2024-09-15
1603,Software Engineer,Pune,Senior,PhD,Naukri,2025-09-26
1604,Sales Executive,Mumbai,Entry,Diploma,Agency,2023-09-12
1605,HR Specialist,Pune,Entry,Diploma,Naukri,2024-06-02
1606,Product Manager,Delhi,Entry,Diploma,LinkedIn,2025-06-14
1607,Software Engineer,Chennai,Entry,Diploma,Naukri,2024-06-02
1608,HR Specialist,Pune,Entry,PhD,LinkedIn,2026-01-01
1609,Product Manager,Chennai,Mid,PhD,Agency,2024-06-03
1610,Software Engineer,Bangalore,Senior,Bachelor,CareerSite,2025-02-07
1611,Data Analyst,Mumbai,Mid,PhD,LinkedIn,2023-01-11
1612,Software Engineer,Bangalore,Senior,PhD,CareerSite,2024-01-15
1613,HR Specialist,Delhi,Senior,Master,LinkedIn,2025-10-19
1614,Sales Executive,Chennai,Entry,Master,LinkedIn,2025-09-17
1615,Product Manager,Bangalore,Senior,Bachelor,LinkedIn,2023-11-28
1616,Software Engineer,Mumbai,Entry,Master,LinkedIn,2023-12-22
1617,Product Manager,Bangalore,Mid,Bachelor,Referral,2023-03-19
1618,Software Engineer,Pune,Senior,Bachelor,Naukri,2024-11-13
1619,Data Analyst,Bangalore,Mid,PhD,LinkedIn,2024-08-19
1620,Data Analyst,Bangalore,Entry,Diploma,LinkedIn,2024-04-16
1621,Product Manager,Bangalore,Entry,PhD,LinkedIn,2023-07-19
1622,Software Engineer,Delhi,Senior,Diploma,Referral,2024-09-03
1623,Product Manager,Mumbai,Mid,Diploma,Referral,2024-06-04
1624,HR Specialist,Bangalore,Mid,PhD,LinkedIn,2023-01-30
1625,HR Specialist,Delhi,Senior,Master,Referral,2023-11-23
1626,Software Engineer,Bangalore,Entry,Master,Referral,2025-02-12
1627,Sales Executive,Pune,Senior,Bachelor,Agency,2025-11-14
1628,Sales Executive,Mumbai,Senior,Master,Referral,2023-05-10
1629,Product Manager,Delhi,Mid,Bachelor,LinkedIn,2023-08-25
1630,HR Specialist,Bangalore,Mid,Bachelor,CareerSite,2025-11-03
1631,Sales Executive,Bangalore,Entry,Bachelor,LinkedIn,2025-07-28
1632,HR Specialist,Bangalore,Entry,Master,LinkedIn,2024-07-05
1633,Data Analyst,Chennai,Mid,PhD,Naukri,2023-06-24
1634,Sales Executive,Bangalore,Entry,PhD,LinkedIn,2024-12-19
1635,Data Analyst,Chennai,Entry,Bachelor,CareerSite,2025-08-28
1636,Sales Executive,Bangalore,Senior,Master,LinkedIn,2025-03-10
1637,Software Engineer,Delhi,Entry,Master,Referral,2023-12-26
1638,HR Specialist,Pune,Mid,Diploma,Naukri,2025-12-16
1639,Data Analyst,Mumbai,Mid,PhD,Referral,2024-02-22
1640,Software Engineer,Bangalore,Senior,Diploma,Referral,2023-03-14
1641,HR Specialist,Delhi,Mid,Diploma,Naukri,2025-12-04
1642,Product Manager,Delhi,Entry,Diploma,LinkedIn,2024-12-25
1643,Sales Executive,Bangalore,Entry,PhD,Naukri,2023-09-04
1644,HR Specialist,Delhi,Entry,Bachelor,LinkedIn,2023-01-28
1645,Software Engineer,Bangalore,Senior,Bachelor,Referral,2023-04-28
1646,Product Manager,Mumbai,Senior,Bachelor,LinkedIn,2025-04-01
1647,Data Analyst,Chennai,Entry,Bachelor,CareerSite,2025-01-25
1648,Software Engineer,Chennai,Mid,Diploma,Naukri,2023-09-16
1649,Software Engineer,Pune,Senior,Master,Referral,2024-07-17
1650,Sales Executive,Chennai,Mid,Bachelor,CareerSite,2024-07-11
1651,HR Specialist,Mumbai,Mid,Master,Naukri,2024-02-03
1652,HR Specialist,Pune,Entry,Master,LinkedIn,2023-10-01
1653,Data Analyst,Chennai,Entry,Diploma,Naukri,2025-08-01
1654,HR Specialist,Bangalore,Mid,Diploma,Referral,2023-09-19
1655,Product Manager,Bangalore,Senior,Bachelor,Referral,2024-11-12
1656,Product Manager,Pune,Senior,Bachelor,Referral,2025-08-09
1657,HR Specialist,Bangalore,Entry,PhD,Naukri,2024-01-16
1658,Software Engineer,Pune,Entry,Diploma,LinkedIn,2024-01-17
1659,HR Specialist,Bangalore,Senior,Diploma,LinkedIn,2024-06-29
1660,Sales Executive,Delhi,Entry,Bachelor,Naukri,2024-12-23
1661,Data Analyst,Delhi,Senior,Diploma,LinkedIn,2023-04-13
1662,Product Manager,Delhi,Mid,Diploma,LinkedIn,2024-12-12
1663,HR Specialist,Mumbai,Entry,Diploma,LinkedIn,2025-04-19
1664,HR Specialist,Bangalore,Mid,PhD,LinkedIn,2024-02-16
1665,Product Manager,Chennai,Senior,PhD,LinkedIn,2023-04-20
1666,Product Manager,Mumbai,Entry,Diploma,LinkedIn,2025-09-09
1667,Data Analyst,Bangalore,Entry,Diploma,LinkedIn,2025-08-03
1668,HR Specialist,Bangalore,Senior,Master,CareerSite,2025-04-20
1669,Sales Executive,Pune,Mid,Master,Agency,2025-02-19
1670,HR Specialist,Pune,Mid,Bachelor,LinkedIn,2023-05-30
1671,Sales Executive,Bangalore,Senior,Diploma,LinkedIn,2025-12-31
1672,Sales Executive,Delhi,Senior,Master,Naukri,2024-09-13
1673,Sales Executive,Pune,Senior,PhD,Referral,2025-03-30
1674,HR Specialist,Mumbai,Senior,Master,LinkedIn,2023-02-14
1675,Sales Executive,Pune,Senior,Master,Referral,2025-03-18
1676,Product Manager,Delhi,Entry,Diploma,Naukri,2025-09-11
1677,Product Manager,Bangalore,Mid,PhD,CareerSite,2023-06-15
1678,Product Manager,Pune,Mid,Bachelor,LinkedIn,2024-11-23
1679,Sales Executive,Mumbai,Senior,Diploma,LinkedIn,2024-12-10
1680,Sales Executive,Bangalore,Entry,PhD,LinkedIn,2023-04-24
1681,Sales Executive,Pune,Senior,PhD,Naukri,2024-03-17
1682,Software Engineer,Delhi,Mid,Diploma,Referral,2024-05-23
1683,Data Analyst,Pune,Senior,PhD,Agency,2024-06-18
1684,HR Specialist,Delhi,Mid,Diploma,Referral,2025-04-06
1685,Sales Executive,Mumbai,Mid,Bachelor,LinkedIn,2024-02-24
1686,Software Engineer,Delhi,Senior,Master,Referral,2025-05-21
1687,Data Analyst,Pune,Mid,Bachelor,Naukri,2023-02-05
1688,Product Manager,Mumbai,Entry,Master,LinkedIn,2025-01-08
1689,Product Manager,Delhi,Senior,PhD,Referral,2026-01-01
1690,HR Specialist,Chennai,Mid,Master,Referral,2025-07-27
1691,Product Manager,Bangalore,Senior,Master,Referral,2024-01-07
1692,Sales Executive,Pune,Entry,PhD,LinkedIn,2023-04-03
1693,Software Engineer,Bangalore,Senior,PhD,Naukri,2025-04-27
1694,Data Analyst,Delhi,Mid,Diploma,Referral,2023-06-29
1695,Product Manager,Mumbai,Entry,Bachelor,CareerSite,2024-05-18
1696,HR Specialist,Pune,Senior,Bachelor,Naukri,2025-01-18
1697,Sales Executive,Bangalore,Entry,Bachelor,Naukri,2025-09-20
1698,Sales Executive,Mumbai,Senior,Master,Referral,2025-07-21
1699,Product Manager,Pune,Entry,Diploma,LinkedIn,2023-02-06
1700,Software Engineer,Bangalore,Mid,Diploma,Referral,2024-10-26
1701,Product Manager,Chennai,Senior,PhD,LinkedIn,2023-08-01
1702,HR Specialist,Mumbai,Mid,Bachelor,Naukri,2024-07-11
1703,HR Specialist,Mumbai,Entry,Diploma,CareerSite,2023-10-11
1704,Product Manager,Chennai,Entry,Master,Naukri,2024-12-30
1705,Sales Executive,Mumbai,Entry,PhD,LinkedIn,2025-10-19
1706,Data Analyst,Pune,Senior,PhD,Naukri,2025-08-22
1707,HR Specialist,Chennai,Mid,PhD,Referral,2024-02-27
1708,HR Specialist,Mumbai,Mid,PhD,LinkedIn,2024-09-27
1709,Product Manager,Pune,Senior,Bachelor,LinkedIn,2024-04-28
1710,Data Analyst,Pune,Mid,Bachelor,Naukri,2023-12-11
1711,HR Specialist,Delhi,Mid,PhD,CareerSite,2023-03-19
1712,Sales Executive,Mumbai,Senior,Master,Naukri,2025-05-08
1713,HR Specialist,Mumbai,Senior,Master,Referral,2024-01-30
1714,Sales Executive,Delhi,Entry,Bachelor,Naukri,2024-09-21
1715,Product Manager,Bangalore,Senior,Master,CareerSite,2025-05-09
1716,Software Engineer,Pune,Mid,PhD,Naukri,2023-01-26
1717,Software Engineer,Chennai,Mid,Master,Naukri,2023-08-01
1718,HR Specialist,Mumbai,Entry,PhD,LinkedIn,2024-12-14
1719,Sales Executive,Delhi,Mid,PhD,LinkedIn,2023-10-19
1720,Sales Executive,Delhi,Entry,Bachelor,LinkedIn,2025-01-26
1721,HR Specialist,Chennai,Mid,Diploma,Naukri,2025-07-17
1722,Sales Executive,Delhi,Senior,Diploma,CareerSite,2023-03-24
1723,Product Manager,Delhi,Senior,Diploma,LinkedIn,2025-11-01
1724,HR Specialist,Chennai,Senior,Diploma,Naukri,2024-01-07
1725,Data Analyst,Chennai,Entry,Diploma,LinkedIn,2025-12-14
1726,HR Specialist,Delhi,Senior,Bachelor,CareerSite,2023-05-19
1727,Software Engineer,Delhi,Senior,Master,Referral,2024-07-30
1728,Software Engineer,Chennai,Mid,Master,Referral,2025-03-02
1729,Software Engineer,Chennai,Mid,Bachelor,Referral,2025-09-08
1730,HR Specialist,Mumbai,Entry,Diploma,Referral,2023-12-30
1731,Product Manager,Mumbai,Senior,Diploma,Naukri,2025-12-02
1732,Software Engineer,Pune,Entry,Bachelor,Referral,2023-12-27
1733,Sales Executive,Delhi,Entry,Master,LinkedIn,2025-09-13
1734,Software Engineer,Bangalore,Mid,Diploma,LinkedIn,2024-11-08
1735,Sales Executive,Pune,Senior,Diploma,LinkedIn,2025-01-21
1736,Data Analyst,Bangalore,Mid,PhD,Agency,2023-10-25
1737,Software Engineer,Delhi,Mid,Diploma,Referral,2025-05-29
1738,Software Engineer,Chennai,Mid,PhD,Referral,2025-02-28
1739,Sales Executive,Chennai,Mid,PhD,Referral,2023-08-09
1740,Product Manager,Delhi,Entry,Diploma,LinkedIn,2024-09-05
1741,Data Analyst,Delhi,Mid,Master,LinkedIn,2025-04-17
1742,Sales Executive,Delhi,Mid,Diploma,LinkedIn,2024-04-27
1743,Sales Executive,Chennai,Senior,Diploma,Referral,2025-08-22
1744,Product Manager,Bangalore,Entry,Bachelor,Referral,2024-11-18
1745,HR Specialist,Pune,Entry,Master,LinkedIn,2025-12-29
1746,Sales Executive,Bangalore,Mid,Bachelor,LinkedIn,2023-10-20
1747,HR Specialist,Delhi,Entry,PhD,Naukri,2024-04-25
1748,Product Manager,Mumbai,Mid,PhD,Referral,2025-08-28
1749,Data Analyst,Pune,Entry,Master,Naukri,2024-07-02
1750,Sales Executive,Bangalore,Entry,Master,Naukri,2025-03-20
1751,Software Engineer,Delhi,Mid,Diploma,LinkedIn,2024-02-10
1752,Sales Executive,Bangalore,Entry,Bachelor,Naukri,2023-04-07
1753,Data Analyst,Mumbai,Mid,Bachelor,Naukri,2025-08-23
1754,HR Specialist,Chennai,Senior,Bachelor,LinkedIn,2025-05-30
1755,Sales Executive,Pune,Entry,Master,LinkedIn,2025-04-22
1756,Sales Executive,Chennai,Entry,Diploma,Referral,2025-08-02
1757,HR Specialist,Pune,Entry,Diploma,LinkedIn,2023-06-21
1758,Data Analyst,Pune,Entry,Diploma,Naukri,2025-08-30
1759,Data Analyst,Bangalore,Entry,Diploma,LinkedIn,2024-09-24
1760,Product Manager,Chennai,Entry,Bachelor,CareerSite,2023-07-21
1761,Data Analyst,Delhi,Entry,PhD,CareerSite,2023-04-21
1762,Data Analyst,Pune,Senior,Bachelor,LinkedIn,2023-06-07
1763,Sales Executive,Chennai,Entry,Master,Agency,2024-06-16
1764,Data Analyst,Pune,Senior,Master,Naukri,2025-10-22
1765,Product Manager,Delhi,Mid,Master,Naukri,2024-03-08
1766,HR Specialist,Delhi,Senior,PhD,LinkedIn,2025-09-10
1767,Product Manager,Bangalore,Mid,PhD,Referral,2024-09-01
1768,HR Specialist,Chennai,Entry,Diploma,Agency,2024-12-10
1769,HR Specialist,Pune,Senior,Master,Naukri,2024-01-13
1770,Product Manager,Bangalore,Entry,Master,Referral,2024-06-02
1771,HR Specialist,Pune,Senior,Diploma,Referral,2024-04-07
1772,Product Manager,Mumbai,Senior,PhD,Naukri,2024-07-18
1773,Sales Executive,Delhi,Entry,Diploma,CareerSite,2024-10-31
1774,Software Engineer,Chennai,Senior,PhD,LinkedIn,2025-03-28
1775,Software Engineer,Pune,Mid,PhD,Referral,2025-12-13
1776,HR Specialist,Chennai,Mid,PhD,CareerSite,2023-02-25
1777,Software Engineer,Mumbai,Mid,Bachelor,LinkedIn,2023-07-05
1778,Sales Executive,Mumbai,Senior,Bachelor,Naukri,2023-03-18
1779,Data Analyst,Mumbai,Entry,Diploma,Naukri,2025-01-25
1780,HR Specialist,Bangalore,Entry,PhD,Naukri,2024-10-24
1781,Product Manager,Delhi,Mid,Bachelor,LinkedIn,2024-06-04
1782,Software Engineer,Chennai,Senior,PhD,LinkedIn,2024-10-13
1783,Data Analyst,Delhi,Mid,Bachelor,LinkedIn,2025-06-23
1784,Data Analyst,Bangalore,Mid,Diploma,LinkedIn,2023-01-07
1785,Sales Executive,Delhi,Senior,Diploma,Naukri,2025-10-13
1786,Software Engineer,Mumbai,Senior,Bachelor,CareerSite,2025-12-05
1787,Sales Executive,Delhi,Mid,Diploma,Naukri,2025-01-04
1788,Sales Executive,Pune,Senior,Master,LinkedIn,2024-05-31
1789,Data Analyst,Bangalore,Senior,PhD,Naukri,2023-11-06
1790,Sales Executive,Chennai,Senior,Bachelor,LinkedIn,2024-04-29
1791,Data Analyst,Chennai,Entry,PhD,Naukri,2024-09-02
1792,Sales Executive,Mumbai,Entry,Bachelor,Agency,2024-10-03
1793,Software Engineer,Chennai,Senior,Diploma,LinkedIn,2024-04-28
1794,Product Manager,Bangalore,Entry,Diploma,LinkedIn,2025-07-28
1795,Product Manager,Chennai,Mid,PhD,Naukri,2024-09-24
1796,Data Analyst,Chennai,Mid,PhD,LinkedIn,2025-08-03
1797,Sales Executive,Bangalore,Mid,Master,Agency,2023-08-25
1798,Data Analyst,Delhi,Mid,PhD,Naukri,2025-10-31
1799,Product Manager,Pune,Senior,Bachelor,LinkedIn,2025-11-04
1800,HR Specialist,Mumbai,Mid,Master,LinkedIn,2025-11-19
1801,Software Engineer,Delhi,Entry,PhD,Referral,2026-01-01
1802,Data Analyst,Pune,Mid,PhD,LinkedIn,2024-07-23
1803,Product Manager,Delhi,Senior,Bachelor,LinkedIn,2025-06-26
1804,Data Analyst,Delhi,Senior,Master,LinkedIn,2025-09-13
1805,Product Manager,Chennai,Mid,PhD,LinkedIn,2024-04-30
1806,Software Engineer,Mumbai,Entry,Bachelor,Referral,2024-02-04
1807,Data Analyst,Mumbai,Senior,Bachelor,Agency,2024-11-04
1808,HR Specialist,Mumbai,Senior,PhD,Referral,2025-05-27
1809,Product Manager,Mumbai,Mid,Diploma,Referral,2024-02-21
1810,HR Specialist,Chennai,Mid,PhD,Agency,2024-11-14
1811,HR Specialist,Delhi,Entry,Diploma,CareerSite,2024-09-16
1812,HR Specialist,Delhi,Entry,Bachelor,Referral,2024-08-11
1813,Product Manager,Delhi,Senior,PhD,Naukri,2025-11-05
1814,Product Manager,Mumbai,Senior,Bachelor,Referral,2026-01-01
1815,Software Engineer,Bangalore,Senior,Master,LinkedIn,2024-04-02
1816,Sales Executive,Bangalore,Mid,Master,LinkedIn,2023-12-29
1817,Data Analyst,Pune,Mid,Master,Referral,2025-04-10
1818,Data Analyst,Delhi,Senior,PhD,CareerSite,2023-10-16
1819,HR Specialist,Pune,Mid,PhD,Agency,2025-09-21
1820,HR Specialist,Chennai,Mid,PhD,LinkedIn,2025-03-13
1821,HR Specialist,Pune,Senior,Diploma,Agency,2024-10-23
1822,HR Specialist,Pune,Mid,Bachelor,Naukri,2024-11-23
1823,Product Manager,Mumbai,Entry,Diploma,Referral,2025-04-24
1824,Sales Executive,Mumbai,Entry,PhD,CareerSite,2024-03-25
1825,Sales Executive,Delhi,Entry,Bachelor,Referral,2025-11-12
1826,Product Manager,Chennai,Entry,Bachelor,LinkedIn,2025-07-21
1827,Sales Executive,Chennai,Senior,PhD,LinkedIn,2026-01-01
1828,Data Analyst,Pune,Senior,Bachelor,Naukri,2023-11-11
1829,HR Specialist,Delhi,Entry,PhD,CareerSite,2023-05-24
1830,HR Specialist,Chennai,Senior,Bachelor,LinkedIn,2025-08-06
1831,Product Manager,Mumbai,Senior,Master,Naukri,2025-06-03
1832,Product Manager,Mumbai,Senior,PhD,LinkedIn,2024-07-08
1833,Software Engineer,Pune,Senior,Diploma,Naukri,2023-12-11
1834,Product Manager,Pune,Mid,PhD,CareerSite,2023-06-05
1835,Software Engineer,Chennai,Mid,PhD,CareerSite,2023-05-28
1836,Sales Executive,Mumbai,Entry,Bachelor,LinkedIn,2024-08-15
1837,Sales Executive,Bangalore,Mid,PhD,Naukri,2024-03-05
1838,Sales Executive,Mumbai,Senior,PhD,LinkedIn,2023-04-19
1839,Data Analyst,Chennai,Senior,Bachelor,CareerSite,2023-09-20
1840,Product Manager,Chennai,Senior,Diploma,Referral,2025-07-19
1841,HR Specialist,Delhi,Mid,Bachelor,Naukri,2025-10-04
1842,Software Engineer,Delhi,Entry,Diploma,CareerSite,2024-02-09
1843,Product Manager,Pune,Entry,Diploma,LinkedIn,2023-11-24
1844,Software Engineer,Delhi,Mid,Diploma,LinkedIn,2025-04-18
1845,Software Engineer,Delhi,Senior,Master,CareerSite,2023-03-19
1846,HR Specialist,Chennai,Senior,PhD,LinkedIn,2024-10-21
1847,HR Specialist,Mumbai,Mid,Master,CareerSite,2024-05-25
1848,Software Engineer,Pune,Mid,Bachelor,LinkedIn,2025-01-07
1849,HR Specialist,Delhi,Mid,Diploma,LinkedIn,2024-02-17
1850,HR Specialist,Chennai,Mid,Master,Naukri,2025-05-07
1851,Product Manager,Mumbai,Mid,Diploma,Referral,2024-02-05
1852,Product Manager,Mumbai,Mid,Diploma,Naukri,2024-02-06
1853,HR Specialist,Chennai,Mid,Diploma,CareerSite,2025-08-03
1854,Product Manager,Pune,Mid,Diploma,LinkedIn,2023-03-03
1855,Sales Executive,Bangalore,Mid,Master,LinkedIn,2024-11-20
1856,Data Analyst,Mumbai,Entry,Master,CareerSite,2025-07-15
1857,HR Specialist,Pune,Entry,Diploma,Referral,2024-01-31
1858,HR Specialist,Bangalore,Mid,Bachelor,Referral,2024-11-15
1859,Data Analyst,Pune,Mid,Master,Naukri,2024-06-28
1860,Product Manager,Bangalore,Senior,PhD,Agency,2025-02-06
1861,Software Engineer,Chennai,Senior,Diploma,LinkedIn,2023-11-16
1862,Product Manager,Bangalore,Senior,Diploma,LinkedIn,2025-12-07
1863,HR Specialist,Bangalore,Senior,Diploma,Naukri,2023-02-24
1864,Product Manager,Delhi,Senior,Bachelor,LinkedIn,2023-05-26
1865,Data Analyst,Delhi,Senior,Bachelor,LinkedIn,2024-02-13
1866,Data Analyst,Bangalore,Senior,Master,Naukri,2024-06-09
1867,Data Analyst,Chennai,Mid,Master,Referral,2024-06-15
1868,Product Manager,Chennai,Mid,PhD,CareerSite,2025-01-25
1869,Data Analyst,Bangalore,Entry,Diploma,Naukri,2025-07-02
1870,Sales Executive,Chennai,Mid,Master,Naukri,2025-12-14
1871,Product Manager,Mumbai,Entry,Bachelor,CareerSite,2024-02-24
1872,Software Engineer,Chennai,Entry,PhD,LinkedIn,2025-04-13
1873,Sales Executive,Bangalore,Mid,Bachelor,LinkedIn,2023-05-29
1874,Data Analyst,Mumbai,Mid,Master,Referral,2025-03-01
1875,HR Specialist,Pune,Mid,Bachelor,Naukri,2025-12-11
1876,Product Manager,Chennai,Entry,Diploma,LinkedIn,2024-10-17
1877,Data Analyst,Delhi,Senior,Diploma,LinkedIn,2024-12-06
1878,Data Analyst,Mumbai,Senior,PhD,LinkedIn,2025-10-06
1879,Sales Executive,Delhi,Mid,Diploma,Naukri,2023-10-14
1880,Sales Executive,Pune,Mid,Diploma,LinkedIn,2024-12-01
1881,Data Analyst,Chennai,Senior,Bachelor,LinkedIn,2025-11-05
1882,HR Specialist,Delhi,Senior,Bachelor,Referral,2025-07-16
1883,Sales Executive,Bangalore,Senior,Master,LinkedIn,2024-02-24
1884,Data Analyst,Bangalore,Entry,Diploma,Naukri,2024-06-09
1885,Software Engineer,Chennai,Senior,Master,Naukri,2023-05-17
1886,Data Analyst,Delhi,Senior,PhD,Referral,2024-07-24
1887,HR Specialist,Bangalore,Entry,Bachelor,CareerSite,2023-05-12
1888,Software Engineer,Delhi,Entry,PhD,LinkedIn,2025-05-17
1889,Product Manager,Mumbai,Entry,Master,Naukri,2025-08-15
1890,HR Specialist,Chennai,Mid,Master,Referral,2024-01-15
1891,Data Analyst,Delhi,Senior,Master,Agency,2026-01-01
1892,Data Analyst,Bangalore,Senior,Diploma,LinkedIn,2024-12-04
1893,Data Analyst,Mumbai,Senior,Master,Naukri,2025-11-14
1894,Sales Executive,Delhi,Entry,PhD,Naukri,2023-11-30
1895,Sales Executive,Delhi,Mid,Diploma,Referral,2024-11-25
1896,HR Specialist,Delhi,Entry,Bachelor,Naukri,2025-09-13
1897,Data Analyst,Delhi,Entry,Master,Naukri,2023-09-18
1898,Product Manager,Delhi,Entry,Bachelor,Agency,2025-03-01
1899,HR Specialist,Chennai,Senior,Bachelor,Referral,2025-10-31
1900,Sales Executive,Mumbai,Senior,Bachelor,Referral,2025-06-24
1901,Product Manager,Bangalore,Mid,Bachelor,Naukri,2024-03-09
1902,Software Engineer,Delhi,Mid,Master,Referral,2023-04-16
1903,Sales Executive,Chennai,Mid,Bachelor,LinkedIn,2025-09-23
1904,Sales Executive,Bangalore,Mid,Master,LinkedIn,2023-12-12
1905,Software Engineer,Delhi,Senior,Diploma,Naukri,2024-12-11
1906,Data Analyst,Pune,Senior,Master,LinkedIn,2025-10-08
1907,HR Specialist,Bangalore,Entry,Master,Naukri,2024-06-24
1908,Product Manager,Delhi,Entry,PhD,CareerSite,2025-09-07
1909,Data Analyst,Pune,Senior,Diploma,Naukri,2023-07-31
1910,Product Manager,Bangalore,Entry,Master,LinkedIn,2025-12-09
1911,Data Analyst,Pune,Senior,Bachelor,Naukri,2024-09-11
1912,HR Specialist,Pune,Entry,Diploma,Naukri,2025-02-25
1913,Software Engineer,Mumbai,Entry,Bachelor,LinkedIn,2025-12-19
1914,Product Manager,Mumbai,Senior,Bachelor,CareerSite,2025-12-31
1915,HR Specialist,Delhi,Entry,PhD,Naukri,2025-04-11
1916,HR Specialist,Delhi,Entry,Bachelor,Referral,2023-10-03
1917,Software Engineer,Mumbai,Senior,Diploma,Naukri,2024-11-23
1918,Data Analyst,Mumbai,Mid,PhD,LinkedIn,2025-06-01
1919,Product Manager,Chennai,Mid,Master,Agency,2025-02-09
1920,HR Specialist,Chennai,Entry,Diploma,Agency,2025-05-01
1921,HR Specialist,Pune,Mid,Master,Referral,2025-06-08
1922,Sales Executive,Delhi,Mid,Diploma,Referral,2025-08-07
1923,Sales Executive,Bangalore,Senior,Diploma,Referral,2023-06-18
1924,Product Manager,Bangalore,Entry,Bachelor,LinkedIn,2025-10-15
1925,Product Manager,Bangalore,Mid,Master,Referral,2024-04-18
1926,Data Analyst,Bangalore,Entry,Bachelor,Naukri,2025-11-26
1927,Software Engineer,Pune,Mid,Master,Referral,2023-07-04
1928,HR Specialist,Pune,Mid,Bachelor,LinkedIn,2023-12-05
1929,Data Analyst,Chennai,Entry,Master,Naukri,2024-09-24
1930,HR Specialist,Delhi,Senior,Bachelor,Naukri,2025-10-29
1931,Product Manager,Mumbai,Mid,Master,Naukri,2023-08-02
1932,Software Engineer,Bangalore,Entry,Bachelor,Referral,2023-11-08
1933,Data Analyst,Mumbai,Mid,PhD,LinkedIn,2025-08-28
1934,Product Manager,Delhi,Senior,Bachelor,Referral,2024-07-23
1935,Product Manager,Chennai,Mid,Master,CareerSite,2023-06-03
1936,Sales Executive,Bangalore,Entry,PhD,Referral,2023-09-13
1937,HR Specialist,Delhi,Senior,Bachelor,LinkedIn,2025-12-07
1938,Software Engineer,Delhi,Senior,Master,Referral,2025-02-02
1939,Sales Executive,Pune,Senior,Diploma,LinkedIn,2025-11-06
1940,Data Analyst,Mumbai,Entry,Bachelor,Naukri,2023-11-19
1941,HR Specialist,Mumbai,Mid,PhD,LinkedIn,2025-08-27
1942,Sales Executive,Bangalore,Mid,Master,Referral,2024-03-01
1943,Software Engineer,Bangalore,Mid,Bachelor,Naukri,2025-07-19
1944,Data Analyst,Chennai,Entry,Diploma,Agency,2025-11-11
1945,Sales Executive,Mumbai,Entry,Bachelor,LinkedIn,2026-01-01
1946,HR Specialist,Chennai,Senior,PhD,Agency,2023-06-16
1947,Sales Executive,Chennai,Senior,Bachelor,CareerSite,2025-08-20
1948,Data Analyst,Delhi,Senior,Master,LinkedIn,2024-07-21
1949,Sales Executive,Pune,Senior,Bachelor,Naukri,2023-06-06
1950,HR Specialist,Pune,Mid,Diploma,LinkedIn,2025-07-21
1951,Software Engineer,Bangalore,Mid,Master,CareerSite,2025-05-09
1952,Data Analyst,Mumbai,Mid,Bachelor,LinkedIn,2026-01-01
1953,HR Specialist,Mumbai,Entry,Bachelor,Referral,2025-01-16
1954,Product Manager,Delhi,Senior,Master,LinkedIn,2024-04-17
1955,Sales Executive,Bangalore,Entry,Bachelor,LinkedIn,2025-08-26
1956,Software Engineer,Chennai,Entry,PhD,LinkedIn,2025-04-28
1957,Software Engineer,Mumbai,Senior,Diploma,Naukri,2024-07-17
1958,Software Engineer,Bangalore,Mid,Diploma,CareerSite,2025-07-03
1959,HR Specialist,Delhi,Mid,Bachelor,Referral,2024-02-26
1960,Data Analyst,Mumbai,Mid,PhD,LinkedIn,2025-02-27
1961,Data Analyst,Pune,Entry,Bachelor,Referral,2024-05-05
1962,Data Analyst,Delhi,Mid,PhD,LinkedIn,2023-06-05
1963,HR Specialist,Bangalore,Mid,Master,Referral,2025-02-13
1964,HR Specialist,Mumbai,Entry,PhD,CareerSite,2025-02-06
1965,Data Analyst,Bangalore,Entry,Bachelor,LinkedIn,2023-02-26
1966,Data Analyst,Mumbai,Entry,Master,Referral,2024-11-24
1967,Sales Executive,Pune,Entry,Master,Referral,2023-08-20
1968,Software Engineer,Mumbai,Mid,PhD,Naukri,2024-11-10
1969,Data Analyst,Bangalore,Mid,Master,LinkedIn,2025-04-21
1970,HR Specialist,Bangalore,Entry,Diploma,Referral,2024-11-01
1971,Software Engineer,Chennai,Entry,PhD,LinkedIn,2024-07-23
1972,Data Analyst,Delhi,Entry,Diploma,LinkedIn,2025-09-28
1973,Product Manager,Chennai,Entry,Diploma,Naukri,2025-09-29
1974,Product Manager,Chennai,Mid,Master,LinkedIn,2025-04-29
1975,HR Specialist,Bangalore,Senior,Diploma,LinkedIn,2024-11-12
1976,Data Analyst,Delhi,Entry,Diploma,Naukri,2023-02-21
1977,Sales Executive,Chennai,Entry,Bachelor,Naukri,2025-03-31
1978,Sales Executive,Delhi,Entry,PhD,Referral,2025-09-13
1979,Data Analyst,Delhi,Entry,Diploma,Referral,2024-01-11
1980,Product Manager,Mumbai,Entry,Bachelor,LinkedIn,2025-06-07
1981,Data Analyst,Pune,Senior,PhD,Referral,2025-07-03
1982,Sales Executive,Delhi,Mid,Bachelor,LinkedIn,2023-09-07
1983,Product Manager,Mumbai,Mid,Master,LinkedIn,2023-11-28
1984,Product Manager,Chennai,Mid,Bachelor,Naukri,2025-01-14
1985,HR Specialist,Pune,Senior,PhD,LinkedIn,2025-01-01
1986,Software Engineer,Chennai,Senior,Master,LinkedIn,2023-02-03
1987,Product Manager,Delhi,Entry,Master,LinkedIn,2024-06-08
1988,Software Engineer,Bangalore,Entry,Diploma,Naukri,2024-06-29
1989,Sales Executive,Bangalore,Senior,Bachelor,LinkedIn,2025-05-06
1990,Data Analyst,Mumbai,Mid,Diploma,LinkedIn,2024-05-25
1991,Sales Executive,Bangalore,Senior,Bachelor,Naukri,2025-10-18
1992,Sales Executive,Bangalore,Senior,PhD,LinkedIn,2025-05-04
1993,Software Engineer,Bangalore,Entry,Diploma,Naukri,2024-06-30
1994,Sales Executive,Bangalore,Mid,Master,Naukri,2023-03-19
1995,HR Specialist,Delhi,Entry,PhD,Agency,2024-12-28
1996,Product Manager,Mumbai,Entry,Bachelor,Referral,2023-06-07
1997,Sales Executive,Chennai,Senior,Bachelor,CareerSite,2025-07-20
1998,HR Specialist,Mumbai,Mid,Bachelor,Referral,2025-02-12
1999,Product Manager,Bangalore,Senior,Diploma,Referral,2024-06-12
2000,Data Analyst,Pune,Entry,PhD,Referral,2024-04-30
2001,Sales Executive,Bangalore,Entry,PhD,Naukri,2025-02-10
2002,Data Analyst,Delhi,Mid,Bachelor,LinkedIn,2025-03-01
2003,Sales Executive,Bangalore,Mid,Master,LinkedIn,2023-07-20
2004,Sales Executive,Delhi,Entry,PhD,LinkedIn,2024-11-15
2005,HR Specialist,Delhi,Entry,Master,LinkedIn,2025-08-03
2006,Data Analyst,Bangalore,Senior,Master,LinkedIn,2023-04-26
2007,HR Specialist,Delhi,Mid,Diploma,CareerSite,2024-04-13
2008,Sales Executive,Pune,Entry,Bachelor,Naukri,2024-02-28
2009,Software Engineer,Pune,Mid,Bachelor,Naukri,2025-11-01
2010,Software Engineer,Bangalore,Entry,PhD,Naukri,2025-06-26
2011,Product Manager,Mumbai,Mid,PhD,LinkedIn,2024-02-09
2012,Data Analyst,Bangalore,Entry,Bachelor,LinkedIn,2025-02-18
2013,Data Analyst,Delhi,Mid,PhD,LinkedIn,2023-10-21
2014,Sales Executive,Mumbai,Senior,Diploma,LinkedIn,2024-02-13
2015,Data Analyst,Bangalore,Entry,Master,Referral,2023-03-10
2016,Data Analyst,Mumbai,Entry,Bachelor,Naukri,2025-09-13
2017,HR Specialist,Chennai,Entry,Diploma,Referral,2023-05-29
2018,Sales Executive,Delhi,Mid,Bachelor,CareerSite,2025-04-21
2019,Sales Executive,Chennai,Mid,PhD,LinkedIn,2024-12-11
2020,Sales Executive,Delhi,Mid,Bachelor,Referral,2025-10-13
2021,Sales Executive,Chennai,Entry,Diploma,Naukri,2024-12-03
2022,Software Engineer,Bangalore,Entry,PhD,LinkedIn,2023-03-01
2023,HR Specialist,Chennai,Mid,Bachelor,Referral,2024-12-19
2024,HR Specialist,Pune,Entry,PhD,Agency,2023-12-04
2025,Product Manager,Mumbai,Entry,Bachelor,LinkedIn,2025-09-02
2026,Data Analyst,Chennai,Entry,Diploma,Naukri,2023-04-13
2027,Sales Executive,Mumbai,Mid,Bachelor,Naukri,2025-11-30
2028,Software Engineer,Delhi,Mid,Bachelor,CareerSite,2023-02-05
2029,HR Specialist,Bangalore,Entry,PhD,LinkedIn,2025-01-08
2030,Data Analyst,Pune,Mid,Bachelor,CareerSite,2025-07-13
2031,Sales Executive,Chennai,Mid,Diploma,LinkedIn,2025-02-23
2032,Data Analyst,Chennai,Senior,Bachelor,LinkedIn,2023-06-20
2033,Software Engineer,Pune,Entry,Diploma,LinkedIn,2026-01-01
2034,Software Engineer,Pune,Entry,Bachelor,LinkedIn,2025-10-25
2035,Software Engineer,Delhi,Entry,Master,Naukri,2024-11-17
2036,Product Manager,Pune,Mid,PhD,Naukri,2026-01-01
2037,Data Analyst,Delhi,Mid,Diploma,LinkedIn,2024-07-22
2038,Data Analyst,Chennai,Senior,Diploma,Naukri,2025-02-12
2039,Data Analyst,Delhi,Senior,Diploma,LinkedIn,2025-05-15
2040,Software Engineer,Chennai,Senior,Master,Naukri,2023-11-01
2041,Product Manager,Mumbai,Mid,Master,Referral,2025-12-24
2042,Data Analyst,Pune,Mid,PhD,Naukri,2023-03-10
2043,HR Specialist,Pune,Entry,PhD,Referral,2025-10-01
2044,Data Analyst,Delhi,Senior,Diploma,Referral,2023-10-07
2045,HR Specialist,Mumbai,Senior,PhD,LinkedIn,2024-03-15
2046,Software Engineer,Pune,Mid,PhD,Naukri,2025-03-10
2047,Data Analyst,Bangalore,Mid,PhD,Referral,2025-03-18
2048,Data Analyst,Bangalore,Mid,Diploma,Referral,2024-12-19
2049,Sales Executive,Mumbai,Mid,Diploma,Naukri,2025-04-02
2050,HR Specialist,Mumbai,Senior,Diploma,Referral,2025-10-15
2051,Product Manager,Mumbai,Senior,PhD,LinkedIn,2024-05-15
2052,HR Specialist,Chennai,Senior,Master,LinkedIn,2025-04-18
2053,Software Engineer,Pune,Senior,Master,Naukri,2025-12-29
2054,Data Analyst,Pune,Entry,Bachelor,LinkedIn,2026-01-01
2055,Data Analyst,Delhi,Entry,PhD,Naukri,2023-08-25
2056,Product Manager,Chennai,Mid,Diploma,LinkedIn,2025-08-26
2057,Software Engineer,Chennai,Senior,Bachelor,LinkedIn,2023-09-08
2058,Sales Executive,Pune,Mid,PhD,LinkedIn,2025-02-05
2059,Software Engineer,Mumbai,Mid,Master,LinkedIn,2025-12-25
2060,Product Manager,Chennai,Entry,Diploma,Referral,2025-03-19
2061,Software Engineer,Pune,Senior,PhD,Naukri,2025-04-22
2062,Product Manager,Pune,Entry,Master,Referral,2024-03-24
2063,Data Analyst,Pune,Senior,Diploma,LinkedIn,2023-08-05
2064,Software Engineer,Bangalore,Mid,Bachelor,LinkedIn,2023-04-22
2065,Sales Executive,Pune,Mid,Bachelor,Naukri,2023-06-01
2066,HR Specialist,Chennai,Senior,Diploma,LinkedIn,2025-11-29
2067,Software Engineer,Mumbai,Senior,Master,Naukri,2024-12-13
2068,HR Specialist,Pune,Senior,Bachelor,Naukri,2024-06-02
2069,Sales Executive,Bangalore,Mid,Bachelor,LinkedIn,2025-02-15
2070,HR Specialist,Mumbai,Entry,Diploma,Referral,2023-08-30
2071,HR Specialist,Chennai,Entry,PhD,Referral,2023-01-18
2072,Sales Executive,Bangalore,Entry,Bachelor,CareerSite,2023-08-03
2073,Data Analyst,Bangalore,Entry,Bachelor,LinkedIn,2024-09-25
2074,Data Analyst,Pune,Entry,PhD,LinkedIn,2024-08-14
2075,HR Specialist,Pune,Mid,Bachelor,Naukri,2025-05-29
2076,Product Manager,Pune,Senior,PhD,Referral,2024-01-15
2077,Product Manager,Chennai,Mid,PhD,LinkedIn,2023-12-25
2078,Data Analyst,Bangalore,Entry,Master,Referral,2024-11-09
2079,Product Manager,Mumbai,Mid,Master,Naukri,2024-07-13
2080,Product Manager,Mumbai,Mid,Diploma,CareerSite,2023-05-12
2081,HR Specialist,Delhi,Entry,Bachelor,Naukri,2023-01-11
2082,Software Engineer,Delhi,Mid,Diploma,LinkedIn,2025-05-24
2083,Software Engineer,Mumbai,Entry,PhD,LinkedIn,2024-11-05
2084,Product Manager,Pune,Mid,Bachelor,LinkedIn,2025-05-27
2085,Sales Executive,Mumbai,Mid,PhD,Referral,2024-01-08
2086,Software Engineer,Chennai,Mid,Diploma,Agency,2023-12-26
2087,Sales Executive,Pune,Entry,Bachelor,Naukri,2024-03-19
2088,Software Engineer,Delhi,Entry,Bachelor,Referral,2025-04-17
2089,Data Analyst,Mumbai,Entry,Master,LinkedIn,2023-05-19
2090,Data Analyst,Pune,Senior,Bachelor,Agency,2024-07-27
2091,Data Analyst,Mumbai,Entry,PhD,Naukri,2024-10-06
2092,Data Analyst,Chennai,Entry,Bachelor,LinkedIn,2025-03-18
2093,Sales Executive,Mumbai,Entry,PhD,LinkedIn,2023-09-03
2094,Software Engineer,Pune,Mid,Diploma,Naukri,2023-11-22
2095,Sales Executive,Pune,Mid,Bachelor,CareerSite,2024-01-30
2096,HR Specialist,Bangalore,Entry,Bachelor,LinkedIn,2025-09-23
2097,HR Specialist,Bangalore,Entry,Bachelor,CareerSite,2025-05-22
2098,Sales Executive,Chennai,Senior,Diploma,Referral,2024-05-01
2099,HR Specialist,Chennai,Entry,Master,LinkedIn,2024-02-17
2100,Data Analyst,Chennai,Senior,PhD,LinkedIn,2024-08-23
2101,Software Engineer,Pune,Entry,PhD,Naukri,2025-12-02
2102,HR Specialist,Delhi,Mid,Bachelor,LinkedIn,2024-06-19
2103,Sales Executive,Pune,Senior,PhD,Naukri,2025-05-18
2104,Sales Executive,Chennai,Entry,PhD,LinkedIn,2025-03-07
2105,Software Engineer,Chennai,Senior,PhD,Referral,2024-11-08
2106,Data Analyst,Pune,Entry,Master,LinkedIn,2025-10-18
2107,Sales Executive,Mumbai,Entry,Bachelor,Referral,2023-08-13
2108,Data Analyst,Delhi,Mid,Diploma,LinkedIn,2025-10-09
2109,Data Analyst,Delhi,Senior,PhD,Naukri,2024-12-19
2110,Software Engineer,Chennai,Entry,Bachelor,Agency,2024-07-29
2111,Sales Executive,Chennai,Entry,Master,Naukri,2024-10-28
2112,Data Analyst,Delhi,Senior,Diploma,Naukri,2023-06-14
2113,Data Analyst,Mumbai,Entry,Diploma,Naukri,2025-08-15
2114,HR Specialist,Delhi,Mid,PhD,Naukri,2024-09-16
2115,Software Engineer,Pune,Senior,Bachelor,CareerSite,2025-07-19
2116,HR Specialist,Bangalore,Mid,Master,LinkedIn,2024-12-11
2117,HR Specialist,Bangalore,Senior,PhD,Referral,2024-03-27
2118,Software Engineer,Chennai,Senior,PhD,Referral,2025-02-02
2119,Product Manager,Bangalore,Entry,PhD,LinkedIn,2024-07-22
2120,Data Analyst,Delhi,Mid,Bachelor,LinkedIn,2023-09-21
2121,Data Analyst,Chennai,Entry,Master,Agency,2023-09-14
2122,HR Specialist,Pune,Senior,Bachelor,Naukri,2025-04-20
2123,Software Engineer,Pune,Senior,Diploma,Agency,2025-07-17
2124,Software Engineer,Chennai,Mid,Bachelor,Naukri,2025-01-08
2125,Product Manager,Mumbai,Mid,PhD,Referral,2024-07-23
2126,Data Analyst,Mumbai,Senior,PhD,Naukri,2025-11-16
2127,Software Engineer,Mumbai,Senior,Master,Referral,2025-02-18
2128,Product Manager,Mumbai,Entry,Bachelor,LinkedIn,2024-01-28
2129,Data Analyst,Pune,Mid,Diploma,Referral,2025-06-22
2130,Sales Executive,Bangalore,Entry,PhD,Referral,2025-09-12
2131,Software Engineer,Chennai,Entry,Bachelor,LinkedIn,2025-09-02
2132,HR Specialist,Mumbai,Entry,PhD,Referral,2024-05-02
2133,HR Specialist,Chennai,Entry,PhD,Referral,2024-02-06
2134,Data Analyst,Pune,Mid,Diploma,Naukri,2025-03-09
2135,Software Engineer,Mumbai,Mid,PhD,LinkedIn,2024-09-13
2136,HR Specialist,Bangalore,Entry,Master,LinkedIn,2025-10-21
2137,HR Specialist,Mumbai,Mid,Bachelor,Naukri,2024-12-04
2138,Data Analyst,Bangalore,Mid,PhD,LinkedIn,2025-01-10
2139,Software Engineer,Chennai,Mid,Master,LinkedIn,2023-11-26
2140,Data Analyst,Bangalore,Mid,Diploma,LinkedIn,2025-01-18
2141,Sales Executive,Chennai,Entry,PhD,Agency,2023-04-29
2142,Sales Executive,Pune,Senior,Bachelor,LinkedIn,2023-06-13
2143,Product Manager,Chennai,Entry,Diploma,LinkedIn,2024-08-18
2144,Sales Executive,Mumbai,Entry,PhD,LinkedIn,2025-03-06
2145,Sales Executive,Mumbai,Mid,Master,Referral,2025-06-21
2146,Sales Executive,Delhi,Senior,Bachelor,Naukri,2024-09-12
2147,HR Specialist,Bangalore,Mid,Diploma,LinkedIn,2024-05-16
2148,Data Analyst,Chennai,Senior,Bachelor,LinkedIn,2024-06-24
2149,Product Manager,Chennai,Mid,Bachelor,LinkedIn,2025-01-10
2150,Software Engineer,Delhi,Entry,PhD,Referral,2023-01-22
2151,HR Specialist,Pune,Senior,Master,LinkedIn,2024-04-19
2152,HR Specialist,Delhi,Senior,Diploma,LinkedIn,2024-10-17
2153,Software Engineer,Bangalore,Mid,Bachelor,Referral,2025-12-09
2154,Product Manager,Chennai,Entry,Bachelor,LinkedIn,2025-08-27
2155,HR Specialist,Pune,Senior,PhD,Naukri,2023-10-17
2156,HR Specialist,Delhi,Senior,PhD,Naukri,2023-12-16
2157,Data Analyst,Bangalore,Entry,Diploma,LinkedIn,2024-08-26
2158,Data Analyst,Pune,Entry,Master,Referral,2024-06-12
2159,Software Engineer,Chennai,Senior,Master,LinkedIn,2025-02-09
2160,Product Manager,Pune,Mid,PhD,CareerSite,2025-01-26
2161,Data Analyst,Pune,Entry,Diploma,LinkedIn,2024-11-09
2162,HR Specialist,Mumbai,Entry,PhD,Referral,2025-07-30
2163,Product Manager,Pune,Entry,Bachelor,LinkedIn,2023-08-22
2164,HR Specialist,Bangalore,Senior,Master,Naukri,2026-01-01
2165,Product Manager,Delhi,Mid,Master,LinkedIn,2025-04-29
2166,Sales Executive,Delhi,Senior,PhD,LinkedIn,2023-12-19
2167,Product Manager,Delhi,Senior,PhD,LinkedIn,2023-10-28
2168,Data Analyst,Mumbai,Senior,Master,LinkedIn,2025-03-24
2169,Sales Executive,Delhi,Senior,PhD,LinkedIn,2025-06-21
2170,HR Specialist,Mumbai,Senior,Diploma,Naukri,2025-03-17
2171,Product Manager,Bangalore,Mid,Bachelor,LinkedIn,2025-09-04
2172,Product Manager,Bangalore,Mid,Master,Agency,2025-01-16
2173,Product Manager,Chennai,Entry,Master,LinkedIn,2025-12-02
2174,Sales Executive,Mumbai,Entry,Master,Referral,2023-09-27
2175,Sales Executive,Delhi,Entry,Diploma,LinkedIn,2023-04-02
2176,Product Manager,Pune,Senior,Bachelor,LinkedIn,2025-12-17
2177,Data Analyst,Chennai,Senior,PhD,Naukri,2024-05-18
2178,Data Analyst,Pune,Mid,PhD,Referral,2023-02-17
2179,HR Specialist,Mumbai,Entry,Bachelor,LinkedIn,2025-07-14
2180,Sales Executive,Chennai,Mid,Diploma,Referral,2025-06-30
2181,HR Specialist,Bangalore,Entry,Master,LinkedIn,2024-11-20
2182,Product Manager,Delhi,Mid,Diploma,Naukri,2023-08-15
2183,Data Analyst,Pune,Senior,Diploma,Referral,2023-08-21
2184,HR Specialist,Chennai,Entry,Diploma,Agency,2024-02-02
2185,Sales Executive,Chennai,Entry,Diploma,LinkedIn,2024-08-04
2186,Data Analyst,Mumbai,Entry,Diploma,Naukri,2023-11-04
2187,Data Analyst,Chennai,Senior,Diploma,LinkedIn,2025-09-15
2188,Data Analyst,Chennai,Entry,Diploma,LinkedIn,2025-04-09
2189,Software Engineer,Delhi,Mid,PhD,Naukri,2024-11-07
2190,Sales Executive,Mumbai,Mid,Bachelor,Referral,2024-11-30
2191,Product Manager,Mumbai,Mid,Diploma,LinkedIn,2024-11-20
2192,Sales Executive,Bangalore,Senior,Master,Naukri,2023-11-04
2193,Product Manager,Mumbai,Entry,Bachelor,LinkedIn,2024-05-11
2194,Sales Executive,Chennai,Entry,Bachelor,LinkedIn,2025-06-04
2195,Product Manager,Delhi,Entry,Diploma,CareerSite,2023-04-21
2196,Software Engineer,Mumbai,Senior,Diploma,Naukri,2024-03-09
2197,Software Engineer,Pune,Mid,Bachelor,LinkedIn,2025-08-05
2198,HR Specialist,Mumbai,Senior,Master,LinkedIn,2024-12-31
2199,HR Specialist,Chennai,Mid,Master,Naukri,2025-03-13
2200,Data Analyst,Delhi,Mid,Master,LinkedIn,2025-06-03
2201,Sales Executive,Pune,Senior,Bachelor,Naukri,2024-01-12
2202,Data Analyst,Bangalore,Mid,Master,Naukri,2025-11-14
2203,Data Analyst,Pune,Senior,Diploma,LinkedIn,2025-09-05
2204,Sales Executive,Mumbai,Entry,PhD,CareerSite,2025-10-04
2205,Software Engineer,Bangalore,Mid,Bachelor,LinkedIn,2024-06-23
2206,Sales Executive,Chennai,Entry,Diploma,Naukri,2024-01-30
2207,Product Manager,Pune,Entry,Master,Referral,2025-02-05
2208,Software Engineer,Bangalore,Mid,Bachelor,Referral,2025-07-25
2209,HR Specialist,Chennai,Mid,Bachelor,Referral,2025-02-12
2210,Product Manager,Delhi,Mid,Master,CareerSite,2025-04-28
2211,Sales Executive,Delhi,Mid,Bachelor,LinkedIn,2023-09-13
2212,Software Engineer,Delhi,Entry,Diploma,LinkedIn,2025-05-23
2213,Sales Executive,Bangalore,Senior,Bachelor,LinkedIn,2025-10-21
2214,Product Manager,Mumbai,Mid,Diploma,LinkedIn,2024-12-29
2215,Data Analyst,Mumbai,Senior,PhD,LinkedIn,2025-05-13
2216,Data Analyst,Delhi,Mid,Master,LinkedIn,2023-05-10
2217,Product Manager,Delhi,Entry,PhD,Naukri,2025-03-06
2218,Product Manager,Delhi,Entry,Bachelor,Referral,2025-09-30
2219,Software Engineer,Pune,Mid,PhD,Naukri,2023-02-07
2220,Sales Executive,Chennai,Senior,Diploma,Naukri,2025-02-06
2221,Sales Executive,Bangalore,Mid,PhD,Referral,2025-03-11
2222,HR Specialist,Chennai,Entry,PhD,Referral,2024-10-08
2223,HR Specialist,Pune,Mid,Bachelor,Referral,2025-09-24
2224,Data Analyst,Chennai,Senior,Master,Referral,2024-10-03
2225,Software Engineer,Delhi,Mid,Master,LinkedIn,2025-11-09
2226,Sales Executive,Bangalore,Entry,Diploma,Naukri,2025-10-07
2227,Software Engineer,Mumbai,Senior,Diploma,Naukri,2025-05-31
2228,Software Engineer,Pune,Mid,Diploma,Referral,2023-08-07
2229,Sales Executive,Mumbai,Senior,Master,CareerSite,2025-02-10
2230,Software Engineer,Chennai,Entry,Diploma,Naukri,2024-03-20
2231,HR Specialist,Pune,Entry,PhD,Naukri,2023-02-15
2232,Data Analyst,Chennai,Senior,Diploma,CareerSite,2024-11-09
2233,HR Specialist,Bangalore,Entry,Master,LinkedIn,2023-04-25
2234,HR Specialist,Mumbai,Mid,Bachelor,Naukri,2025-07-21
2235,Sales Executive,Pune,Entry,PhD,CareerSite,2025-04-13
2236,Data Analyst,Mumbai,Entry,Master,LinkedIn,2023-04-26
2237,Data Analyst,Pune,Senior,PhD,Agency,2024-09-22
2238,HR Specialist,Pune,Mid,Diploma,Naukri,2023-12-28
2239,Sales Executive,Pune,Mid,Master,Naukri,2025-11-11
2240,Data Analyst,Bangalore,Entry,PhD,Referral,2025-02-04
2241,Product Manager,Bangalore,Mid,Bachelor,Referral,2025-08-09
2242,Software Engineer,Mumbai,Senior,Bachelor,Naukri,2025-12-05
2243,Data Analyst,Pune,Mid,Diploma,Naukri,2025-05-18
2244,Software Engineer,Delhi,Mid,Master,Naukri,2023-01-14
2245,HR Specialist,Mumbai,Mid,Master,Referral,2024-05-04
2246,Sales Executive,Pune,Senior,Master,LinkedIn,2024-12-27
2247,Data Analyst,Delhi,Mid,Master,Referral,2023-07-24
2248,Software Engineer,Chennai,Mid,Master,LinkedIn,2025-12-17
2249,HR Specialist,Mumbai,Senior,Bachelor,Naukri,2024-12-01
2250,Product Manager,Chennai,Entry,Bachelor,Referral,2023-08-30
2251,Data Analyst,Bangalore,Senior,PhD,Referral,2025-07-28
2252,Software Engineer,Bangalore,Entry,Diploma,Naukri,2023-04-05
2253,Sales Executive,Delhi,Entry,Diploma,LinkedIn,2024-06-04
2254,Data Analyst,Chennai,Entry,Bachelor,Referral,2025-01-12
2255,Data Analyst,Mumbai,Mid,Master,Naukri,2025-06-06
2256,Product Manager,Pune,Mid,Master,LinkedIn,2025-01-26
2257,Sales Executive,Mumbai,Entry,PhD,Referral,2026-01-01
2258,Data Analyst,Delhi,Senior,Bachelor,LinkedIn,2023-06-12
2259,Software Engineer,Pune,Entry,Master,LinkedIn,2025-03-05
2260,Software Engineer,Chennai,Entry,Diploma,Referral,2025-10-30
2261,Product Manager,Chennai,Entry,Diploma,Agency,2025-03-23
2262,Software Engineer,Pune,Senior,Bachelor,LinkedIn,2024-12-13
2263,HR Specialist,Mumbai,Entry,PhD,CareerSite,2023-11-05
2264,Product Manager,Bangalore,Entry,Master,CareerSite,2025-10-14
2265,Data Analyst,Bangalore,Mid,Diploma,LinkedIn,2025-08-30
2266,HR Specialist,Pune,Entry,Bachelor,Naukri,2024-06-25
2267,Product Manager,Delhi,Entry,PhD,Naukri,2024-11-05
2268,Software Engineer,Chennai,Entry,PhD,Naukri,2025-09-21
2269,Sales Executive,Delhi,Entry,Diploma,Referral,2025-08-20
2270,Software Engineer,Chennai,Entry,PhD,Naukri,2023-11-14
2271,Product Manager,Bangalore,Mid,Bachelor,Referral,2025-03-02
2272,Sales Executive,Bangalore,Mid,PhD,Agency,2023-11-01
2273,Software Engineer,Pune,Entry,Master,LinkedIn,2025-03-31
2274,Product Manager,Delhi,Entry,Bachelor,Agency,2023-08-02
2275,Sales Executive,Delhi,Entry,PhD,CareerSite,2024-01-30
2276,Data Analyst,Chennai,Senior,Diploma,LinkedIn,2023-12-22
2277,Software Engineer,Chennai,Senior,PhD,CareerSite,2024-09-30
2278,Product Manager,Mumbai,Mid,Bachelor,Naukri,2025-11-15
2279,Product Manager,Delhi,Mid,PhD,LinkedIn,2025-11-28
2280,HR Specialist,Delhi,Mid,PhD,CareerSite,2023-08-30
2281,Software Engineer,Pune,Mid,Bachelor,Referral,2025-10-19
2282,Product Manager,Mumbai,Senior,Diploma,LinkedIn,2023-12-31
2283,Product Manager,Bangalore,Mid,Master,LinkedIn,2025-06-04
2284,Software Engineer,Mumbai,Entry,PhD,CareerSite,2024-10-25
2285,Sales Executive,Delhi,Senior,Bachelor,LinkedIn,2025-04-02
2286,Software Engineer,Pune,Entry,PhD,LinkedIn,2023-03-02
2287,Sales Executive,Chennai,Entry,Master,Naukri,2025-04-17
2288,Sales Executive,Pune,Mid,Bachelor,Naukri,2025-07-17
2289,Sales Executive,Bangalore,Senior,Bachelor,Naukri,2024-02-19
2290,HR Specialist,Bangalore,Mid,Bachelor,Naukri,2025-06-01
2291,HR Specialist,Pune,Entry,Diploma,LinkedIn,2025-11-23
2292,Data Analyst,Chennai,Entry,PhD,LinkedIn,2023-02-25
2293,Product Manager,Pune,Mid,Diploma,CareerSite,2024-11-17
2294,Software Engineer,Mumbai,Mid,Diploma,Referral,2025-03-23
2295,Sales Executive,Mumbai,Senior,Master,LinkedIn,2023-06-07
2296,Product Manager,Mumbai,Entry,PhD,Agency,2024-12-28
2297,HR Specialist,Bangalore,Entry,PhD,CareerSite,2024-12-31
2298,HR Specialist,Bangalore,Senior,Bachelor,Referral,2025-07-10
2299,Software Engineer,Delhi,Senior,Diploma,LinkedIn,2025-08-15
2300,HR Specialist,Pune,Mid,Bachelor,Naukri,2024-01-29
2301,Sales Executive,Delhi,Entry,PhD,LinkedIn,2025-12-05
2302,Software Engineer,Chennai,Entry,Bachelor,CareerSite,2025-11-23
2303,Product Manager,Chennai,Entry,PhD,Naukri,2024-11-11
2304,HR Specialist,Mumbai,Senior,Master,Naukri,2023-12-05
2305,Product Manager,Chennai,Senior,Bachelor,LinkedIn,2023-10-23
2306,Software Engineer,Delhi,Senior,Bachelor,LinkedIn,2024-11-29
2307,HR Specialist,Pune,Mid,Diploma,LinkedIn,2025-09-09
2308,Data Analyst,Delhi,Senior,Master,Referral,2025-01-21
2309,Software Engineer,Delhi,Mid,Master,LinkedIn,2025-11-28
2310,Data Analyst,Bangalore,Mid,Master,CareerSite,2024-12-11
2311,Sales Executive,Mumbai,Entry,Bachelor,Referral,2024-03-28
2312,Sales Executive,Pune,Senior,Master,Referral,2024-12-07
2313,Software Engineer,Delhi,Entry,PhD,LinkedIn,2023-12-07
2314,Product Manager,Delhi,Senior,Bachelor,Referral,2025-12-29
2315,HR Specialist,Pune,Mid,Bachelor,Agency,2023-12-13
2316,HR Specialist,Chennai,Senior,PhD,LinkedIn,2023-09-12
2317,Data Analyst,Mumbai,Senior,PhD,Referral,2023-06-17
2318,Sales Executive,Pune,Mid,Master,LinkedIn,2025-05-04
2319,HR Specialist,Mumbai,Mid,PhD,Referral,2024-06-12
2320,HR Specialist,Chennai,Entry,Bachelor,LinkedIn,2024-10-31
2321,HR Specialist,Mumbai,Senior,PhD,Referral,2023-06-20
2322,Product Manager,Pune,Mid,Bachelor,LinkedIn,2023-09-27
2323,Product Manager,Chennai,Senior,Bachelor,Referral,2025-12-06
2324,Software Engineer,Mumbai,Senior,PhD,LinkedIn,2025-12-27
2325,Product Manager,Delhi,Entry,PhD,LinkedIn,2023-11-02
2326,Product Manager,Pune,Senior,Bachelor,Naukri,2026-01-01
2327,HR Specialist,Mumbai,Entry,PhD,LinkedIn,2024-04-02
2328,Sales Executive,Mumbai,Senior,Bachelor,LinkedIn,2023-02-28
2329,Product Manager,Delhi,Entry,Bachelor,Referral,2023-12-05
2330,Product Manager,Pune,Mid,Bachelor,CareerSite,2025-09-08
2331,Data Analyst,Bangalore,Senior,PhD,Naukri,2024-10-27
2332,Data Analyst,Mumbai,Senior,PhD,LinkedIn,2024-12-24
2333,Sales Executive,Chennai,Senior,PhD,LinkedIn,2024-12-31
2334,Data Analyst,Bangalore,Senior,PhD,Naukri,2025-06-08
2335,Product Manager,Chennai,Entry,Diploma,Referral,2024-01-13
2336,Data Analyst,Bangalore,Mid,Diploma,LinkedIn,2025-05-29
2337,Software Engineer,Pune,Entry,PhD,Naukri,2023-08-09
2338,HR Specialist,Pune,Senior,PhD,CareerSite,2024-09-13
2339,Product Manager,Chennai,Mid,Diploma,LinkedIn,2025-12-07
2340,HR Specialist,Delhi,Senior,Master,LinkedIn,2025-09-16
2341,Product Manager,Delhi,Senior,Master,Referral,2025-12-20
2342,Software Engineer,Bangalore,Senior,Diploma,LinkedIn,2025-03-19
2343,Product Manager,Chennai,Entry,Master,LinkedIn,2024-09-04
2344,Data Analyst,Mumbai,Senior,Bachelor,Naukri,2023-09-13
2345,Software Engineer,Chennai,Entry,PhD,LinkedIn,2024-06-04
2346,Product Manager,Delhi,Senior,PhD,Referral,2023-07-22
2347,HR Specialist,Bangalore,Mid,Bachelor,Referral,2025-07-07
2348,Software Engineer,Chennai,Senior,Bachelor,Naukri,2024-01-31
2349,Product Manager,Pune,Mid,PhD,CareerSite,2023-03-05
2350,Data Analyst,Bangalore,Entry,Master,LinkedIn,2024-10-23
2351,Sales Executive,Mumbai,Senior,Master,Naukri,2025-07-17
2352,Product Manager,Delhi,Senior,Master,Referral,2023-04-03
2353,Software Engineer,Chennai,Mid,Diploma,LinkedIn,2023-02-18
2354,Data Analyst,Mumbai,Entry,PhD,Referral,2025-10-02
2355,Data Analyst,Delhi,Mid,Master,Naukri,2023-04-26
2356,Sales Executive,Chennai,Entry,Master,LinkedIn,2024-12-07
2357,Product Manager,Bangalore,Mid,PhD,LinkedIn,2023-10-09
2358,Data Analyst,Bangalore,Entry,Master,LinkedIn,2024-02-20
2359,Product Manager,Delhi,Mid,Master,LinkedIn,2025-10-17
2360,Sales Executive,Chennai,Entry,PhD,Referral,2025-06-02
2361,Product Manager,Pune,Mid,Diploma,LinkedIn,2025-11-02
2362,Software Engineer,Mumbai,Senior,Diploma,LinkedIn,2025-04-27
2363,HR Specialist,Mumbai,Entry,Bachelor,LinkedIn,2025-09-20
2364,Product Manager,Pune,Senior,Master,LinkedIn,2024-01-04
2365,HR Specialist,Mumbai,Senior,Bachelor,Naukri,2023-10-25
2366,Product Manager,Bangalore,Entry,Bachelor,LinkedIn,2024-04-23
2367,Product Manager,Pune,Mid,Master,Agency,2024-04-12
2368,Product Manager,Bangalore,Senior,Diploma,Referral,2024-09-18
2369,HR Specialist,Mumbai,Mid,Bachelor,LinkedIn,2024-04-15
2370,Data Analyst,Delhi,Mid,PhD,Naukri,2024-12-12
2371,HR Specialist,Pune,Senior,Master,LinkedIn,2024-02-08
2372,HR Specialist,Mumbai,Senior,Master,LinkedIn,2024-01-27
2373,Product Manager,Pune,Entry,Bachelor,Referral,2023-09-26
2374,Software Engineer,Delhi,Senior,Diploma,Agency,2025-01-18
2375,HR Specialist,Mumbai,Entry,Bachelor,Referral,2025-08-11
2376,Software Engineer,Bangalore,Entry,PhD,LinkedIn,2025-11-14
2377,Sales Executive,Mumbai,Senior,Diploma,LinkedIn,2023-04-25
2378,Software Engineer,Delhi,Mid,Bachelor,LinkedIn,2023-10-06
2379,Data Analyst,Pune,Senior,Diploma,Referral,2025-12-22
2380,Sales Executive,Pune,Entry,Bachelor,CareerSite,2023-11-12
2381,HR Specialist,Chennai,Entry,Diploma,LinkedIn,2023-05-03
2382,HR Specialist,Mumbai,Entry,PhD,Naukri,2024-07-15
2383,Sales Executive,Chennai,Senior,Bachelor,Referral,2024-09-12
2384,Data Analyst,Pune,Entry,PhD,LinkedIn,2025-07-20
2385,Data Analyst,Chennai,Senior,Diploma,Referral,2023-05-07
2386,Data Analyst,Mumbai,Senior,PhD,LinkedIn,2023-02-09
2387,Sales Executive,Bangalore,Entry,Master,LinkedIn,2025-10-28
2388,Product Manager,Delhi,Mid,Master,Agency,2023-01-30
2389,Data Analyst,Mumbai,Senior,Diploma,LinkedIn,2023-10-28
2390,Data Analyst,Chennai,Senior,Diploma,LinkedIn,2023-11-10
2391,Product Manager,Delhi,Senior,Master,Naukri,2025-10-19
2392,Data Analyst,Delhi,Entry,Diploma,LinkedIn,2024-11-25
2393,HR Specialist,Pune,Senior,Master,Naukri,2025-08-26
2394,Sales Executive,Pune,Mid,Master,LinkedIn,2024-02-13
2395,Software Engineer,Pune,Senior,Bachelor,Referral,2025-11-07
2396,Product Manager,Chennai,Mid,Diploma,LinkedIn,2024-12-21
2397,HR Specialist,Mumbai,Mid,PhD,LinkedIn,2025-07-20
2398,Data Analyst,Pune,Mid,PhD,CareerSite,2024-10-25
2399,HR Specialist,Mumbai,Mid,Master,Referral,2024-01-14
2400,Sales Executive,Chennai,Senior,Bachelor,Referral,2024-08-26
2401,Sales Executive,Pune,Entry,Diploma,Naukri,2025-08-09
2402,HR Specialist,Delhi,Senior,Master,LinkedIn,2024-08-22
2403,HR Specialist,Pune,Mid,PhD,Referral,2025-04-17
2404,HR Specialist,Pune,Mid,PhD,CareerSite,2025-09-27
2405,Software Engineer,Chennai,Entry,Diploma,LinkedIn,2025-10-30
2406,Data Analyst,Pune,Senior,Diploma,Naukri,2023-12-05
2407,Sales Executive,Mumbai,Entry,PhD,Referral,2025-07-19
2408,Data Analyst,Bangalore,Mid,Diploma,Referral,2024-12-19
2409,HR Specialist,Mumbai,Entry,Diploma,Naukri,2025-05-17
2410,Data Analyst,Mumbai,Mid,PhD,Referral,2025-03-13
2411,HR Specialist,Pune,Entry,Bachelor,LinkedIn,2025-08-31
2412,Software Engineer,Mumbai,Entry,Diploma,LinkedIn,2026-01-01
2413,Data Analyst,Mumbai,Entry,Bachelor,LinkedIn,2025-01-09
2414,Software Engineer,Delhi,Mid,Master,LinkedIn,2024-04-26
2415,HR Specialist,Mumbai,Senior,PhD,LinkedIn,2024-12-22
2416,Sales Executive,Pune,Entry,Master,LinkedIn,2024-06-15
2417,Software Engineer,Chennai,Entry,Diploma,Naukri,2025-06-14
2418,Software Engineer,Mumbai,Senior,PhD,LinkedIn,2023-08-15
2419,Data Analyst,Bangalore,Mid,Diploma,LinkedIn,2024-12-04
2420,Sales Executive,Pune,Senior,PhD,Referral,2024-12-06
2421,Data Analyst,Bangalore,Entry,PhD,Agency,2023-01-05
2422,Sales Executive,Pune,Senior,Bachelor,LinkedIn,2025-07-07
2423,HR Specialist,Chennai,Mid,Bachelor,LinkedIn,2024-09-12
2424,Software Engineer,Delhi,Mid,Master,Naukri,2023-08-08
2425,HR Specialist,Chennai,Senior,Master,Agency,2024-08-29
2426,Software Engineer,Mumbai,Senior,Bachelor,Naukri,2025-02-19
2427,Data Analyst,Mumbai,Mid,PhD,LinkedIn,2023-07-01
2428,Product Manager,Chennai,Mid,Master,Naukri,2023-07-11
2429,Data Analyst,Mumbai,Senior,Master,LinkedIn,2025-09-07
2430,Software Engineer,Pune,Entry,PhD,Naukri,2023-05-29
2431,Sales Executive,Delhi,Mid,Master,Referral,2024-10-18
2432,HR Specialist,Mumbai,Mid,Master,LinkedIn,2023-12-02
2433,HR Specialist,Delhi,Senior,Master,Referral,2026-01-01
2434,Product Manager,Mumbai,Senior,Diploma,Naukri,2024-10-18
2435,Product Manager,Bangalore,Mid,Diploma,Naukri,2025-09-22
2436,Software Engineer,Mumbai,Mid,PhD,LinkedIn,2025-08-06
2437,Product Manager,Bangalore,Senior,Master,LinkedIn,2025-12-17
2438,Data Analyst,Pune,Mid,Master,LinkedIn,2024-06-01
2439,Software Engineer,Delhi,Mid,Diploma,LinkedIn,2023-01-12
2440,Data Analyst,Mumbai,Entry,Bachelor,Referral,2025-09-04
2441,HR Specialist,Pune,Mid,Diploma,Naukri,2025-12-01
2442,Software Engineer,Chennai,Senior,Diploma,Naukri,2025-09-28
2443,HR Specialist,Bangalore,Entry,Diploma,CareerSite,2024-07-22
2444,HR Specialist,Bangalore,Senior,PhD,CareerSite,2024-11-11
2445,Product Manager,Chennai,Mid,Bachelor,Naukri,2025-12-31
2446,HR Specialist,Chennai,Entry,PhD,Referral,2025-12-24
2447,Data Analyst,Chennai,Senior,Bachelor,LinkedIn,2023-12-15
2448,Product Manager,Pune,Mid,Master,Referral,2025-05-22
2449,HR Specialist,Mumbai,Senior,Master,Naukri,2025-06-05
2450,HR Specialist,Mumbai,Senior,Bachelor,LinkedIn,2025-10-24
2451,Sales Executive,Pune,Senior,Bachelor,Agency,2023-06-22
2452,Product Manager,Mumbai,Senior,PhD,CareerSite,2023-09-18
2453,Product Manager,Bangalore,Entry,Master,CareerSite,2026-01-01
2454,Data Analyst,Bangalore,Entry,Bachelor,LinkedIn,2025-04-26
2455,Product Manager,Bangalore,Mid,Master,LinkedIn,2023-10-11
2456,Data Analyst,Mumbai,Mid,Bachelor,CareerSite,2025-11-24
2457,Sales Executive,Delhi,Senior,Diploma,Agency,2025-08-25
2458,HR Specialist,Bangalore,Entry,Bachelor,Agency,2023-07-04
2459,Software Engineer,Pune,Mid,Bachelor,Naukri,2024-05-21
2460,Sales Executive,Delhi,Entry,Master,Naukri,2024-10-25
2461,Data Analyst,Delhi,Mid,Bachelor,Naukri,2024-03-28
2462,Data Analyst,Chennai,Mid,Diploma,Referral,2025-03-15
2463,Product Manager,Mumbai,Mid,Bachelor,LinkedIn,2023-02-01
2464,Software Engineer,Bangalore,Entry,Master,Referral,2024-04-09
2465,Software Engineer,Pune,Mid,PhD,LinkedIn,2024-04-02
2466,Product Manager,Pune,Entry,Diploma,Agency,2025-01-17
2467,Product Manager,Pune,Entry,Bachelor,LinkedIn,2025-08-05
2468,HR Specialist,Delhi,Senior,Diploma,Agency,2024-12-09
2469,HR Specialist,Pune,Senior,Bachelor,Referral,2024-05-29
2470,HR Specialist,Chennai,Entry,Master,Referral,2024-07-03
2471,Sales Executive,Chennai,Entry,Diploma,Referral,2023-06-07
2472,HR Specialist,Chennai,Mid,Diploma,Referral,2024-11-21
2473,Sales Executive,Mumbai,Mid,Master,CareerSite,2025-03-25
2474,Data Analyst,Bangalore,Senior,PhD,CareerSite,2024-07-20
2475,Data Analyst,Mumbai,Senior,Master,LinkedIn,2024-04-08
2476,Software Engineer,Delhi,Mid,Master,Agency,2023-01-28
2477,HR Specialist,Mumbai,Entry,Bachelor,Naukri,2025-09-27
2478,HR Specialist,Mumbai,Senior,Master,Naukri,2024-01-04
2479,Software Engineer,Chennai,Mid,Bachelor,Agency,2024-02-12
2480,Software Engineer,Bangalore,Entry,Bachelor,Referral,2023-12-03
2481,Data Analyst,Bangalore,Entry,Diploma,Agency,2025-02-25
2482,Product Manager,Bangalore,Entry,PhD,LinkedIn,2024-07-18
2483,Data Analyst,Pune,Senior,Diploma,Referral,2024-12-29
2484,Sales Executive,Bangalore,Mid,Diploma,Referral,2024-03-31
2485,HR Specialist,Bangalore,Senior,Diploma,LinkedIn,2023-09-28
2486,Data Analyst,Chennai,Entry,PhD,LinkedIn,2023-07-24
2487,Data Analyst,Delhi,Senior,Bachelor,Naukri,2024-02-27
2488,Sales Executive,Pune,Entry,Diploma,Naukri,2023-08-31
2489,HR Specialist,Mumbai,Senior,PhD,Naukri,2024-06-19
2490,Product Manager,Bangalore,Mid,Bachelor,Naukri,2025-02-28
2491,Data Analyst,Delhi,Mid,Master,Agency,2024-10-05
2492,HR Specialist,Bangalore,Entry,Bachelor,Naukri,2024-02-27
2493,Data Analyst,Delhi,Entry,Diploma,CareerSite,2024-12-01
2494,Data Analyst,Mumbai,Senior,PhD,Agency,2024-07-22
2495,Product Manager,Delhi,Mid,PhD,LinkedIn,2025-04-15
2496,HR Specialist,Mumbai,Senior,Bachelor,Referral,2024-09-22
2497,Data Analyst,Chennai,Senior,Diploma,LinkedIn,2025-02-19
2498,Software Engineer,Mumbai,Senior,Diploma,LinkedIn,2025-11-08
2499,Product Manager,Mumbai,Entry,Bachelor,Referral,2023-09-26
2500,Data Analyst,Pune,Senior,PhD,LinkedIn,2025-02-15
2501,Data Analyst,Pune,Mid,Diploma,LinkedIn,2023-06-04
2502,Software Engineer,Mumbai,Entry,Master,LinkedIn,2024-03-31
2503,Software Engineer,Chennai,Mid,Bachelor,Referral,2023-05-04
2504,Data Analyst,Pune,Senior,Master,Referral,2023-11-30
2505,Software Engineer,Mumbai,Senior,Bachelor,LinkedIn,2025-08-20
2506,Data Analyst,Pune,Mid,PhD,LinkedIn,2024-01-26
2507,Software Engineer,Chennai,Mid,PhD,Naukri,2024-09-14
2508,Product Manager,Delhi,Senior,Bachelor,Naukri,2025-03-09
2509,Data Analyst,Delhi,Senior,PhD,Referral,2025-06-17
2510,HR Specialist,Delhi,Entry,PhD,CareerSite,2025-06-17
2511,Product Manager,Pune,Entry,Master,CareerSite,2024-10-14
2512,Data Analyst,Chennai,Entry,PhD,LinkedIn,2025-06-06
2513,Product Manager,Mumbai,Senior,Bachelor,LinkedIn,2025-03-11
2514,Sales Executive,Pune,Mid,Diploma,CareerSite,2025-10-23
2515,Software Engineer,Chennai,Entry,Master,Naukri,2023-08-01
2516,Sales Executive,Bangalore,Mid,Master,Referral,2025-02-24
2517,Sales Executive,Bangalore,Mid,Bachelor,Referral,2025-12-03
2518,Software Engineer,Mumbai,Entry,Bachelor,Naukri,2024-05-02
2519,Product Manager,Mumbai,Mid,Bachelor,Naukri,2025-11-04
2520,Software Engineer,Pune,Senior,PhD,LinkedIn,2025-05-21
2521,Software Engineer,Pune,Mid,Diploma,Agency,2025-03-19
2522,Software Engineer,Mumbai,Mid,Master,Naukri,2025-07-03
2523,Sales Executive,Bangalore,Mid,Bachelor,CareerSite,2025-09-10
2524,Sales Executive,Chennai,Entry,Master,Naukri,2023-07-24
2525,Data Analyst,Mumbai,Mid,Bachelor,LinkedIn,2023-02-07
2526,Sales Executive,Delhi,Mid,Diploma,Naukri,2023-08-21
2527,Product Manager,Bangalore,Entry,PhD,Referral,2024-11-10
2528,Software Engineer,Delhi,Senior,Bachelor,LinkedIn,2025-05-24
2529,Software Engineer,Delhi,Senior,PhD,Referral,2025-07-20
2530,HR Specialist,Delhi,Senior,Diploma,CareerSite,2025-10-15
2531,HR Specialist,Chennai,Mid,Diploma,LinkedIn,2025-09-18
2532,Product Manager,Bangalore,Mid,Bachelor,CareerSite,2024-03-30
2533,Software Engineer,Chennai,Entry,PhD,Naukri,2024-11-30
2534,Software Engineer,Pune,Entry,Diploma,Naukri,2025-12-30
2535,Software Engineer,Mumbai,Mid,Diploma,Referral,2024-11-03
2536,HR Specialist,Chennai,Senior,Master,LinkedIn,2024-10-19
2537,Data Analyst,Mumbai,Mid,Diploma,Referral,2025-09-09
2538,Software Engineer,Pune,Entry,Diploma,CareerSite,2025-07-21
2539,Product Manager,Pune,Mid,Master,Naukri,2023-09-05
2540,HR Specialist,Pune,Mid,Master,CareerSite,2025-10-25
2541,Data Analyst,Chennai,Entry,Master,LinkedIn,2024-06-14
2542,Product Manager,Bangalore,Mid,Diploma,LinkedIn,2025-12-07
2543,Software Engineer,Delhi,Senior,PhD,LinkedIn,2025-12-04
2544,Sales Executive,Pune,Senior,Bachelor,Agency,2024-11-06
2545,Sales Executive,Mumbai,Mid,Master,CareerSite,2025-09-03
2546,Data Analyst,Delhi,Mid,PhD,Naukri,2025-05-12
2547,Product Manager,Bangalore,Mid,Diploma,LinkedIn,2024-07-22
2548,Product Manager,Bangalore,Mid,Bachelor,CareerSite,2025-03-31
2549,Software Engineer,Pune,Mid,Master,Naukri,2024-04-16
2550,Product Manager,Pune,Mid,PhD,Naukri,2024-08-19
2551,Product Manager,Delhi,Mid,Bachelor,LinkedIn,2025-05-17
2552,Software Engineer,Mumbai,Mid,Master,Naukri,2025-11-16
2553,Sales Executive,Delhi,Entry,Bachelor,Naukri,2024-05-24
2554,HR Specialist,Bangalore,Mid,PhD,LinkedIn,2025-07-16
2555,HR Specialist,Delhi,Mid,Master,Referral,2023-02-19
2556,Sales Executive,Chennai,Mid,Master,LinkedIn,2024-08-29
2557,Sales Executive,Pune,Senior,Diploma,LinkedIn,2025-08-23
2558,HR Specialist,Pune,Entry,Master,Referral,2024-02-25
2559,Software Engineer,Delhi,Mid,Bachelor,Naukri,2024-12-05
2560,HR Specialist,Bangalore,Senior,PhD,Referral,2024-07-11
2561,Product Manager,Bangalore,Senior,Diploma,LinkedIn,2025-12-21
2562,HR Specialist,Delhi,Senior,Diploma,LinkedIn,2023-10-01
2563,Product Manager,Mumbai,Mid,Diploma,Naukri,2023-01-14
2564,HR Specialist,Mumbai,Mid,Master,LinkedIn,2025-12-31
2565,HR Specialist,Pune,Entry,Master,Agency,2024-09-02
2566,Sales Executive,Chennai,Entry,Diploma,Referral,2025-06-16
2567,Software Engineer,Mumbai,Mid,Master,LinkedIn,2023-03-20
2568,Software Engineer,Pune,Mid,Bachelor,LinkedIn,2025-11-30
2569,HR Specialist,Pune,Senior,Bachelor,LinkedIn,2025-10-29
2570,Sales Executive,Bangalore,Mid,Diploma,CareerSite,2024-05-16
2571,HR Specialist,Bangalore,Entry,Master,Agency,2024-04-28
2572,Data Analyst,Mumbai,Senior,Diploma,Naukri,2023-07-22
2573,Software Engineer,Delhi,Entry,PhD,CareerSite,2024-05-14
2574,Product Manager,Chennai,Senior,Master,LinkedIn,2023-07-07
2575,Software Engineer,Bangalore,Mid,PhD,LinkedIn,2024-02-18
2576,HR Specialist,Mumbai,Entry,Diploma,LinkedIn,2023-07-18
2577,HR Specialist,Delhi,Senior,Diploma,LinkedIn,2024-07-16
2578,Product Manager,Chennai,Mid,Diploma,CareerSite,2025-08-16
2579,Product Manager,Delhi,Senior,PhD,LinkedIn,2025-10-13
2580,Sales Executive,Mumbai,Senior,Diploma,Naukri,2025-07-11
2581,Product Manager,Pune,Senior,Diploma,Referral,2025-07-24
2582,Sales Executive,Pune,Mid,PhD,LinkedIn,2023-05-03
2583,Product Manager,Pune,Senior,PhD,Referral,2025-12-21
2584,Software Engineer,Bangalore,Senior,Bachelor,CareerSite,2025-10-01
2585,Product Manager,Chennai,Senior,Master,LinkedIn,2025-10-30
2586,Sales Executive,Chennai,Mid,PhD,LinkedIn,2023-10-13
2587,Software Engineer,Bangalore,Entry,Diploma,CareerSite,2024-11-30
2588,HR Specialist,Pune,Mid,Diploma,Referral,2025-03-10
2589,HR Specialist,Delhi,Senior,Master,Referral,2024-12-07
2590,HR Specialist,Pune,Senior,Diploma,LinkedIn,2024-08-24
2591,Sales Executive,Mumbai,Senior,PhD,Naukri,2025-02-22
2592,Sales Executive,Bangalore,Mid,Diploma,LinkedIn,2025-05-20
2593,HR Specialist,Mumbai,Mid,PhD,LinkedIn,2025-06-01
2594,Software Engineer,Delhi,Mid,PhD,LinkedIn,2024-10-10
2595,Sales Executive,Chennai,Mid,Bachelor,LinkedIn,2023-07-06
2596,HR Specialist,Mumbai,Senior,Diploma,Referral,2024-05-14
2597,Data Analyst,Mumbai,Senior,Diploma,LinkedIn,2024-10-22
2598,HR Specialist,Bangalore,Mid,PhD,LinkedIn,2025-06-19
2599,Data Analyst,Bangalore,Entry,Diploma,LinkedIn,2025-10-15
2600,Data Analyst,Mumbai,Entry,PhD,Naukri,2024-05-31
2601,Sales Executive,Delhi,Senior,Diploma,Naukri,2024-05-14
2602,Product Manager,Pune,Senior,Diploma,LinkedIn,2024-05-19
2603,Software Engineer,Bangalore,Mid,Bachelor,LinkedIn,2025-04-29
2604,Software Engineer,Chennai,Entry,Bachelor,LinkedIn,2025-03-09
2605,Sales Executive,Mumbai,Entry,Master,Naukri,2024-10-19
2606,Sales Executive,Chennai,Entry,Master,LinkedIn,2024-09-12
2607,Sales Executive,Bangalore,Mid,Bachelor,Referral,2025-09-09
2608,Data Analyst,Chennai,Senior,Bachelor,Referral,2025-09-11
2609,Software Engineer,Mumbai,Entry,Bachelor,Naukri,2024-09-04
2610,Software Engineer,Bangalore,Senior,Diploma,Naukri,2025-06-03
2611,Software Engineer,Bangalore,Senior,PhD,Referral,2023-10-18
2612,Data Analyst,Delhi,Mid,Master,Naukri,2025-01-10
2613,Product Manager,Bangalore,Entry,Diploma,LinkedIn,2023-07-31
2614,Data Analyst,Chennai,Entry,Diploma,Referral,2023-10-09
2615,Data Analyst,Pune,Senior,Diploma,CareerSite,2025-02-18
2616,Data Analyst,Pune,Senior,Diploma,CareerSite,2024-10-28
2617,HR Specialist,Chennai,Mid,Master,LinkedIn,2024-03-06
2618,Product Manager,Mumbai,Entry,PhD,LinkedIn,2025-09-05
2619,Product Manager,Chennai,Senior,Diploma,LinkedIn,2025-01-30
2620,Data Analyst,Bangalore,Entry,Diploma,CareerSite,2024-05-30
2621,Software Engineer,Pune,Entry,Bachelor,Referral,2024-06-04
2622,Software Engineer,Chennai,Senior,Master,LinkedIn,2024-12-07
2623,Software Engineer,Pune,Entry,Bachelor,LinkedIn,2024-09-23
2624,Software Engineer,Mumbai,Senior,PhD,CareerSite,2024-01-27
2625,Product Manager,Chennai,Mid,Bachelor,Naukri,2024-08-29
2626,Product Manager,Delhi,Senior,PhD,LinkedIn,2023-04-06
2627,Software Engineer,Chennai,Senior,PhD,Agency,2024-01-04
2628,Data Analyst,Chennai,Senior,Bachelor,Referral,2024-08-22
2629,Software Engineer,Chennai,Mid,Bachelor,LinkedIn,2023-12-25
2630,Product Manager,Mumbai,Senior,Bachelor,LinkedIn,2023-08-28
2631,HR Specialist,Mumbai,Senior,Diploma,LinkedIn,2025-07-04
2632,Product Manager,Pune,Senior,Master,CareerSite,2025-12-20
2633,HR Specialist,Delhi,Senior,PhD,LinkedIn,2024-07-24
2634,HR Specialist,Pune,Entry,PhD,LinkedIn,2023-11-04
2635,HR Specialist,Chennai,Senior,Master,LinkedIn,2025-06-02
2636,HR Specialist,Delhi,Senior,Bachelor,LinkedIn,2024-08-14
2637,HR Specialist,Delhi,Entry,Bachelor,LinkedIn,2023-06-16
2638,HR Specialist,Chennai,Mid,Diploma,Naukri,2023-08-22
2639,Sales Executive,Bangalore,Mid,Master,Naukri,2024-04-16
2640,Software Engineer,Chennai,Entry,Master,Naukri,2025-05-16
2641,HR Specialist,Pune,Mid,PhD,LinkedIn,2023-10-17
2642,Product Manager,Bangalore,Mid,Master,LinkedIn,2024-11-10
2643,Data Analyst,Bangalore,Senior,Bachelor,Naukri,2025-06-23
2644,Data Analyst,Chennai,Entry,Bachelor,LinkedIn,2023-01-27
2645,Data Analyst,Mumbai,Entry,Master,LinkedIn,2024-06-27
2646,HR Specialist,Delhi,Senior,Bachelor,LinkedIn,2024-11-06
2647,Software Engineer,Delhi,Mid,Diploma,Referral,2024-12-30
2648,Sales Executive,Bangalore,Senior,Master,Naukri,2023-11-17
2649,Product Manager,Bangalore,Mid,Master,CareerSite,2024-07-02
2650,Sales Executive,Delhi,Mid,Diploma,Naukri,2024-02-10
2651,HR Specialist,Delhi,Mid,Bachelor,Agency,2025-11-14
2652,HR Specialist,Pune,Mid,Bachelor,Referral,2023-04-16
2653,Product Manager,Chennai,Senior,Bachelor,LinkedIn,2025-10-31
2654,Sales Executive,Delhi,Senior,Bachelor,CareerSite,2025-03-30
2655,Software Engineer,Bangalore,Entry,PhD,Naukri,2025-04-01
2656,Software Engineer,Pune,Mid,PhD,Referral,2024-01-24
2657,HR Specialist,Bangalore,Entry,PhD,CareerSite,2024-03-22
2658,HR Specialist,Pune,Mid,Bachelor,LinkedIn,2024-10-05
2659,Product Manager,Mumbai,Entry,PhD,CareerSite,2024-08-12
2660,Sales Executive,Bangalore,Mid,PhD,Naukri,2024-07-22
2661,Product Manager,Mumbai,Mid,PhD,Naukri,2024-04-13
2662,HR Specialist,Delhi,Mid,Diploma,Referral,2024-03-07
2663,Software Engineer,Delhi,Mid,Master,Referral,2023-06-16
2664,Product Manager,Bangalore,Entry,Diploma,LinkedIn,2025-01-14
2665,Software Engineer,Pune,Mid,PhD,Referral,2025-07-23
2666,Data Analyst,Mumbai,Mid,Master,Naukri,2025-02-16
2667,Product Manager,Chennai,Entry,Master,Naukri,2025-05-14
2668,Software Engineer,Delhi,Entry,PhD,LinkedIn,2025-01-04
2669,Software Engineer,Pune,Senior,PhD,Naukri,2024-01-12
2670,Sales Executive,Delhi,Entry,Bachelor,Naukri,2025-12-25
2671,Product Manager,Bangalore,Senior,Master,LinkedIn,2025-01-28
2672,HR Specialist,Delhi,Mid,Bachelor,LinkedIn,2025-04-06
2673,Software Engineer,Bangalore,Entry,PhD,Agency,2024-10-08
2674,Software Engineer,Mumbai,Mid,Bachelor,LinkedIn,2024-05-24
2675,Software Engineer,Pune,Mid,Diploma,CareerSite,2023-04-11
2676,Sales Executive,Chennai,Entry,Diploma,LinkedIn,2025-01-17
2677,Product Manager,Pune,Mid,Diploma,Naukri,2024-09-24
2678,Software Engineer,Mumbai,Mid,Diploma,Naukri,2025-07-19
2679,Data Analyst,Delhi,Mid,Master,LinkedIn,2025-04-08
2680,Software Engineer,Bangalore,Mid,Master,LinkedIn,2023-01-29
2681,Software Engineer,Chennai,Senior,PhD,LinkedIn,2023-05-04
2682,Product Manager,Mumbai,Senior,Diploma,LinkedIn,2024-01-19
2683,HR Specialist,Bangalore,Entry,PhD,Naukri,2024-10-01
2684,Sales Executive,Bangalore,Mid,Bachelor,Referral,2025-10-01
2685,Sales Executive,Bangalore,Entry,Master,Naukri,2025-12-22
2686,HR Specialist,Delhi,Entry,Bachelor,Naukri,2025-08-04
2687,Product Manager,Delhi,Mid,Master,LinkedIn,2024-07-22
2688,HR Specialist,Bangalore,Senior,Diploma,Naukri,2023-04-14
2689,Sales Executive,Mumbai,Senior,Diploma,CareerSite,2023-10-18
2690,Data Analyst,Mumbai,Mid,Bachelor,LinkedIn,2025-12-22
2691,HR Specialist,Delhi,Entry,Bachelor,Naukri,2024-05-09
2692,Data Analyst,Bangalore,Senior,Diploma,Naukri,2024-05-28
2693,Software Engineer,Pune,Senior,Bachelor,Naukri,2025-02-14
2694,Sales Executive,Mumbai,Entry,PhD,Referral,2025-01-15
2695,Data Analyst,Pune,Senior,PhD,CareerSite,2023-09-06
2696,Sales Executive,Bangalore,Mid,Bachelor,LinkedIn,2023-09-22
2697,Product Manager,Delhi,Entry,Bachelor,Referral,2024-05-05
2698,Product Manager,Pune,Entry,Bachelor,LinkedIn,2023-10-24
2699,Data Analyst,Chennai,Entry,Bachelor,LinkedIn,2023-03-16
2700,Sales Executive,Mumbai,Mid,Diploma,Agency,2023-10-01
2701,Data Analyst,Pune,Mid,Bachelor,Referral,2025-12-21
2702,Product Manager,Mumbai,Entry,Master,CareerSite,2024-08-05
2703,Product Manager,Delhi,Senior,Master,CareerSite,2024-10-27
2704,Data Analyst,Mumbai,Senior,Bachelor,CareerSite,2024-09-09
2705,Product Manager,Bangalore,Entry,Master,Naukri,2025-03-22
2706,Software Engineer,Bangalore,Mid,Bachelor,LinkedIn,2023-07-25
2707,Product Manager,Pune,Entry,Diploma,Referral,2025-07-18
2708,Sales Executive,Chennai,Senior,Bachelor,Referral,2024-02-03
2709,Data Analyst,Chennai,Mid,Master,Naukri,2024-09-12
2710,Data Analyst,Mumbai,Senior,PhD,LinkedIn,2025-10-27
2711,HR Specialist,Delhi,Entry,PhD,Naukri,2024-12-19
2712,Data Analyst,Chennai,Senior,Master,Referral,2024-10-05
2713,Software Engineer,Bangalore,Entry,Master,Referral,2024-10-23
2714,Product Manager,Pune,Entry,Bachelor,CareerSite,2024-03-24
2715,Data Analyst,Pune,Mid,Master,Referral,2023-08-26
2716,Software Engineer,Chennai,Entry,PhD,Referral,2025-09-28
2717,Product Manager,Bangalore,Senior,Master,Naukri,2025-04-24
2718,Sales Executive,Mumbai,Senior,Master,Referral,2025-03-08
2719,Software Engineer,Pune,Entry,Bachelor,Referral,2023-12-09
2720,HR Specialist,Delhi,Entry,Master,Referral,2023-12-03
2721,Sales Executive,Delhi,Mid,PhD,LinkedIn,2025-09-27
2722,Data Analyst,Bangalore,Entry,Master,LinkedIn,2023-06-26
2723,HR Specialist,Mumbai,Entry,Bachelor,LinkedIn,2023-08-08
2724,Data Analyst,Pune,Entry,Bachelor,Naukri,2024-09-12
2725,Data Analyst,Delhi,Senior,Master,CareerSite,2025-10-21
2726,HR Specialist,Bangalore,Mid,Bachelor,LinkedIn,2024-07-30
2727,Product Manager,Bangalore,Mid,Master,Agency,2025-06-25
2728,Data Analyst,Delhi,Mid,PhD,LinkedIn,2024-04-08
2729,Sales Executive,Delhi,Mid,Master,LinkedIn,2025-05-24
2730,Software Engineer,Bangalore,Mid,Bachelor,Agency,2025-05-31
2731,Software Engineer,Bangalore,Mid,Master,Naukri,2024-11-24
2732,Product Manager,Mumbai,Senior,Bachelor,LinkedIn,2023-04-22
2733,Data Analyst,Pune,Senior,PhD,Referral,2024-01-02
2734,Software Engineer,Pune,Entry,Bachelor,Naukri,2025-06-30
2735,Data Analyst,Mumbai,Senior,PhD,LinkedIn,2025-09-13
2736,Product Manager,Pune,Senior,Master,Agency,2024-05-23
2737,Data Analyst,Bangalore,Mid,Master,LinkedIn,2024-05-30
2738,Data Analyst,Delhi,Entry,Diploma,LinkedIn,2024-09-07
2739,Data Analyst,Delhi,Entry,Bachelor,CareerSite,2024-08-13
2740,Data Analyst,Delhi,Entry,Bachelor,LinkedIn,2026-01-01
2741,Data Analyst,Pune,Mid,Bachelor,LinkedIn,2025-11-15
2742,Software Engineer,Bangalore,Senior,Master,Naukri,2024-09-09
2743,Software Engineer,Delhi,Mid,Master,Referral,2024-08-05
2744,Sales Executive,Bangalore,Entry,Diploma,LinkedIn,2023-05-13
2745,Data Analyst,Pune,Entry,Master,Referral,2025-01-27
2746,Software Engineer,Pune,Mid,Diploma,LinkedIn,2023-06-02
2747,Data Analyst,Mumbai,Mid,PhD,LinkedIn,2025-07-16
2748,Sales Executive,Mumbai,Senior,Master,Naukri,2024-05-02
2749,Sales Executive,Bangalore,Senior,Diploma,LinkedIn,2023-09-17
2750,Data Analyst,Mumbai,Entry,Master,LinkedIn,2025-07-12
2751,Software Engineer,Chennai,Senior,Diploma,Referral,2023-05-01
2752,Product Manager,Chennai,Senior,Master,Referral,2024-11-14
2753,Data Analyst,Pune,Senior,Master,Referral,2024-12-07
2754,Software Engineer,Bangalore,Mid,PhD,Referral,2025-10-31
2755,Data Analyst,Delhi,Senior,Master,CareerSite,2024-03-04
2756,Software Engineer,Pune,Mid,Diploma,Agency,2024-10-17
2757,Sales Executive,Mumbai,Mid,Bachelor,Referral,2024-05-24
2758,Sales Executive,Delhi,Entry,Bachelor,LinkedIn,2023-04-03
2759,Sales Executive,Mumbai,Senior,Master,Naukri,2023-04-07
2760,HR Specialist,Pune,Mid,PhD,Naukri,2024-07-04
2761,Software Engineer,Delhi,Mid,Master,LinkedIn,2025-06-29
2762,Software Engineer,Pune,Senior,PhD,Naukri,2025-06-07
2763,HR Specialist,Mumbai,Mid,PhD,Naukri,2024-04-05
2764,Software Engineer,Bangalore,Mid,Diploma,LinkedIn,2023-05-02
2765,Sales Executive,Pune,Entry,Bachelor,Referral,2024-11-13
2766,Product Manager,Chennai,Senior,Bachelor,LinkedIn,2025-08-14
2767,Product Manager,Delhi,Senior,PhD,Naukri,2025-07-27
2768,HR Specialist,Mumbai,Entry,Bachelor,LinkedIn,2023-12-18
2769,HR Specialist,Delhi,Mid,Diploma,CareerSite,2023-12-23
2770,Software Engineer,Pune,Mid,Master,CareerSite,2025-09-11
2771,Data Analyst,Delhi,Entry,Master,LinkedIn,2025-07-25
2772,Product Manager,Chennai,Mid,Diploma,LinkedIn,2023-11-14
2773,HR Specialist,Mumbai,Senior,Bachelor,Referral,2024-07-26
2774,Product Manager,Pune,Mid,Master,Referral,2025-09-19
2775,Product Manager,Chennai,Mid,Master,CareerSite,2024-09-12
2776,Software Engineer,Mumbai,Entry,Master,LinkedIn,2025-08-15
2777,Data Analyst,Pune,Entry,Master,Naukri,2023-09-15
2778,Product Manager,Chennai,Senior,PhD,Naukri,2023-01-28
2779,Data Analyst,Delhi,Entry,Diploma,LinkedIn,2025-07-04
2780,Software Engineer,Mumbai,Senior,PhD,LinkedIn,2023-05-09
2781,Sales Executive,Bangalore,Senior,PhD,Referral,2025-05-02
2782,Data Analyst,Chennai,Entry,PhD,Referral,2024-12-16
2783,Sales Executive,Delhi,Mid,Diploma,Referral,2024-03-23
2784,Data Analyst,Chennai,Entry,Bachelor,LinkedIn,2025-04-14
2785,Sales Executive,Bangalore,Entry,Bachelor,LinkedIn,2024-07-02
2786,HR Specialist,Bangalore,Mid,Bachelor,LinkedIn,2025-12-11
2787,HR Specialist,Mumbai,Senior,Bachelor,LinkedIn,2023-07-26
2788,Product Manager,Delhi,Mid,Master,CareerSite,2025-06-12
2789,Software Engineer,Delhi,Mid,Master,Naukri,2024-10-18
2790,Data Analyst,Chennai,Senior,PhD,LinkedIn,2024-05-19
2791,Software Engineer,Delhi,Mid,Bachelor,Naukri,2023-08-03
2792,Sales Executive,Bangalore,Mid,Bachelor,LinkedIn,2023-10-28
2793,HR Specialist,Mumbai,Entry,Diploma,Referral,2024-06-20
2794,Product Manager,Delhi,Senior,PhD,CareerSite,2025-10-04
2795,Data Analyst,Chennai,Entry,Master,LinkedIn,2024-02-12
2796,Product Manager,Pune,Senior,PhD,Naukri,2025-05-24
2797,Product Manager,Bangalore,Mid,Bachelor,LinkedIn,2024-11-06
2798,HR Specialist,Pune,Mid,Diploma,Referral,2025-08-16
2799,Data Analyst,Mumbai,Mid,PhD,Referral,2025-03-20
2800,Product Manager,Mumbai,Mid,Master,LinkedIn,2023-05-19
2801,Sales Executive,Bangalore,Mid,PhD,Naukri,2025-05-18
2802,Sales Executive,Mumbai,Entry,Bachelor,LinkedIn,2025-09-16
2803,HR Specialist,Mumbai,Senior,Master,Referral,2025-09-11
2804,Product Manager,Mumbai,Mid,PhD,Referral,2025-03-10
2805,Software Engineer,Mumbai,Senior,Bachelor,Referral,2023-10-08
2806,HR Specialist,Delhi,Mid,Master,Referral,2024-10-31
2807,Sales Executive,Bangalore,Mid,PhD,Naukri,2025-01-31
2808,Software Engineer,Pune,Mid,PhD,LinkedIn,2024-09-26
2809,Data Analyst,Pune,Mid,Master,Referral,2023-11-18
2810,Sales Executive,Pune,Entry,Master,LinkedIn,2024-08-18
2811,HR Specialist,Delhi,Mid,Master,Referral,2025-12-22
2812,Data Analyst,Delhi,Mid,Bachelor,LinkedIn,2025-07-23
2813,Software Engineer,Delhi,Entry,Bachelor,Naukri,2025-05-05
2814,Software Engineer,Delhi,Senior,PhD,Referral,2025-08-27
2815,Data Analyst,Pune,Mid,Bachelor,LinkedIn,2023-03-07
2816,Software Engineer,Chennai,Mid,Diploma,Referral,2023-03-09
2817,HR Specialist,Pune,Mid,Bachelor,Naukri,2023-07-24
2818,Software Engineer,Chennai,Senior,PhD,LinkedIn,2023-02-06
2819,Data Analyst,Bangalore,Senior,Diploma,Referral,2024-10-31
2820,Data Analyst,Pune,Senior,PhD,Agency,2024-12-25
2821,HR Specialist,Pune,Entry,Bachelor,Naukri,2024-07-26
2822,HR Specialist,Bangalore,Mid,Bachelor,CareerSite,2024-03-20
2823,Sales Executive,Chennai,Entry,Diploma,LinkedIn,2025-10-29
2824,Data Analyst,Chennai,Senior,Bachelor,LinkedIn,2025-12-22
2825,Software Engineer,Delhi,Entry,PhD,Naukri,2025-01-15
2826,Product Manager,Chennai,Mid,Diploma,LinkedIn,2024-07-16
2827,Data Analyst,Pune,Mid,PhD,Naukri,2025-04-10
2828,HR Specialist,Bangalore,Senior,Bachelor,LinkedIn,2025-11-25
2829,Product Manager,Pune,Entry,Bachelor,Naukri,2023-12-24
2830,Software Engineer,Chennai,Mid,PhD,LinkedIn,2025-03-28
2831,HR Specialist,Delhi,Senior,PhD,Naukri,2025-08-26
2832,HR Specialist,Bangalore,Senior,PhD,CareerSite,2025-11-30
2833,Software Engineer,Delhi,Mid,Bachelor,LinkedIn,2025-02-05
2834,Data Analyst,Bangalore,Entry,Diploma,Naukri,2025-01-01
2835,Software Engineer,Bangalore,Mid,Master,Referral,2025-06-29
2836,Software Engineer,Delhi,Mid,Diploma,LinkedIn,2025-03-02
2837,HR Specialist,Mumbai,Entry,Diploma,Naukri,2024-08-24
2838,Product Manager,Bangalore,Entry,Master,Referral,2024-01-21
2839,Software Engineer,Mumbai,Senior,Master,LinkedIn,2025-02-10
2840,Data Analyst,Mumbai,Mid,Master,LinkedIn,2025-11-24
2841,Data Analyst,Chennai,Entry,Diploma,LinkedIn,2025-10-09
2842,Sales Executive,Bangalore,Senior,PhD,Naukri,2025-10-10
2843,Sales Executive,Bangalore,Mid,PhD,Referral,2025-05-03
2844,Data Analyst,Bangalore,Mid,Diploma,Naukri,2024-06-16
2845,Sales Executive,Mumbai,Entry,Bachelor,CareerSite,2024-04-01
2846,Software Engineer,Delhi,Senior,Master,Referral,2024-10-02
2847,Data Analyst,Delhi,Mid,Diploma,LinkedIn,2023-09-04
2848,HR Specialist,Mumbai,Senior,PhD,Referral,2025-09-15
2849,Product Manager,Delhi,Mid,Bachelor,LinkedIn,2025-09-23
2850,HR Specialist,Chennai,Senior,PhD,LinkedIn,2025-10-30
2851,Data Analyst,Mumbai,Mid,Master,Referral,2025-06-10
2852,Product Manager,Pune,Senior,Master,Referral,2025-09-10
2853,Sales Executive,Delhi,Entry,Bachelor,CareerSite,2025-02-21
2854,Software Engineer,Delhi,Entry,Master,Naukri,2023-12-17
2855,Data Analyst,Delhi,Mid,Master,LinkedIn,2025-09-01
2856,Sales Executive,Pune,Senior,PhD,Referral,2024-04-28
2857,Sales Executive,Mumbai,Entry,Master,LinkedIn,2023-05-12
2858,HR Specialist,Delhi,Mid,PhD,LinkedIn,2023-10-01
2859,Product Manager,Bangalore,Mid,Bachelor,Referral,2023-09-28
2860,Software Engineer,Pune,Entry,Master,LinkedIn,2025-08-20
2861,Software Engineer,Bangalore,Senior,Master,LinkedIn,2024-01-27
2862,Data Analyst,Mumbai,Senior,PhD,Referral,2025-06-07
2863,Sales Executive,Chennai,Entry,Master,CareerSite,2025-04-25
2864,Software Engineer,Pune,Entry,Diploma,Referral,2025-08-08
2865,Product Manager,Delhi,Senior,Master,Naukri,2023-08-22
2866,Product Manager,Bangalore,Mid,Diploma,Referral,2024-03-04
2867,HR Specialist,Mumbai,Entry,Diploma,LinkedIn,2023-09-04
2868,HR Specialist,Chennai,Entry,Bachelor,Naukri,2025-08-30
2869,HR Specialist,Chennai,Entry,Master,Referral,2024-12-02
2870,Sales Executive,Mumbai,Mid,Master,CareerSite,2025-03-13
2871,Software Engineer,Bangalore,Mid,PhD,LinkedIn,2025-09-12
2872,Sales Executive,Pune,Entry,Master,LinkedIn,2025-09-04
2873,Data Analyst,Mumbai,Entry,Master,Agency,2023-12-31
2874,Data Analyst,Chennai,Entry,Diploma,LinkedIn,2025-07-26
2875,HR Specialist,Bangalore,Entry,Bachelor,LinkedIn,2025-09-26
2876,Data Analyst,Chennai,Entry,Master,LinkedIn,2023-10-02
2877,HR Specialist,Bangalore,Mid,Diploma,LinkedIn,2025-12-06
2878,HR Specialist,Chennai,Senior,Bachelor,LinkedIn,2023-09-03
2879,HR Specialist,Delhi,Senior,Master,LinkedIn,2025-04-25
2880,Data Analyst,Delhi,Entry,Bachelor,LinkedIn,2023-06-07
2881,Software Engineer,Delhi,Senior,Bachelor,Naukri,2025-07-06
2882,Product Manager,Delhi,Senior,Master,LinkedIn,2024-04-01
2883,Sales Executive,Delhi,Entry,PhD,Naukri,2024-12-21
2884,Sales Executive,Delhi,Mid,Bachelor,LinkedIn,2025-11-23
2885,Product Manager,Pune,Entry,Diploma,Agency,2025-06-16
2886,Product Manager,Mumbai,Mid,PhD,LinkedIn,2025-04-16
2887,HR Specialist,Mumbai,Mid,Master,Referral,2025-02-07
2888,Sales Executive,Chennai,Mid,Master,LinkedIn,2025-12-31
2889,HR Specialist,Chennai,Entry,PhD,LinkedIn,2025-09-26
2890,Software Engineer,Delhi,Entry,Diploma,Agency,2025-04-09
2891,Product Manager,Delhi,Mid,Diploma,LinkedIn,2024-12-15
2892,Product Manager,Delhi,Senior,Diploma,Referral,2024-05-20
2893,HR Specialist,Chennai,Senior,Diploma,LinkedIn,2023-01-15
2894,Product Manager,Bangalore,Entry,Master,Naukri,2024-04-09
2895,HR Specialist,Bangalore,Entry,Master,Referral,2024-11-16
2896,HR Specialist,Delhi,Entry,PhD,LinkedIn,2025-05-27
2897,Software Engineer,Delhi,Entry,Diploma,Naukri,2024-03-09
2898,Data Analyst,Pune,Entry,PhD,Naukri,2023-08-28
2899,HR Specialist,Bangalore,Senior,Diploma,Referral,2025-04-02
2900,Product Manager,Bangalore,Senior,Bachelor,CareerSite,2025-02-10
2901,HR Specialist,Bangalore,Entry,Master,Naukri,2024-10-13
2902,Software Engineer,Mumbai,Senior,Master,Naukri,2024-07-17
2903,Sales Executive,Chennai,Mid,Diploma,LinkedIn,2024-03-13
2904,Sales Executive,Mumbai,Mid,PhD,LinkedIn,2025-02-25
2905,Software Engineer,Chennai,Entry,PhD,Referral,2023-09-23
2906,Data Analyst,Pune,Mid,Diploma,LinkedIn,2025-04-12
2907,Data Analyst,Bangalore,Mid,Diploma,LinkedIn,2024-08-04
2908,HR Specialist,Delhi,Mid,Bachelor,Referral,2024-11-06
2909,Software Engineer,Mumbai,Entry,Bachelor,Referral,2023-12-10
2910,Sales Executive,Chennai,Entry,Diploma,Referral,2024-12-02
2911,Product Manager,Pune,Senior,PhD,LinkedIn,2025-12-02
2912,Data Analyst,Bangalore,Entry,PhD,Naukri,2023-08-19
2913,Sales Executive,Bangalore,Senior,Bachelor,Referral,2025-06-08
2914,Product Manager,Bangalore,Senior,Diploma,LinkedIn,2024-04-20
2915,Data Analyst,Pune,Entry,Bachelor,Referral,2025-09-20
2916,HR Specialist,Mumbai,Senior,PhD,LinkedIn,2023-07-28
2917,HR Specialist,Delhi,Entry,PhD,CareerSite,2024-07-31
2918,Software Engineer,Bangalore,Mid,Diploma,Naukri,2023-09-27
2919,Sales Executive,Mumbai,Senior,Bachelor,Naukri,2024-11-14
2920,Software Engineer,Chennai,Senior,Master,Naukri,2025-03-03
2921,Data Analyst,Mumbai,Entry,PhD,LinkedIn,2025-06-20
2922,HR Specialist,Pune,Entry,Bachelor,Referral,2025-02-03
2923,Sales Executive,Mumbai,Mid,Bachelor,CareerSite,2024-02-29
2924,Software Engineer,Chennai,Mid,PhD,LinkedIn,2023-11-29
2925,HR Specialist,Mumbai,Entry,Master,LinkedIn,2025-12-01
2926,Data Analyst,Pune,Mid,Bachelor,Referral,2024-01-29
2927,Product Manager,Chennai,Mid,Diploma,LinkedIn,2023-11-17
2928,HR Specialist,Pune,Mid,Diploma,LinkedIn,2023-11-13
2929,HR Specialist,Pune,Entry,Bachelor,Naukri,2024-01-01
2930,Product Manager,Pune,Mid,Master,Naukri,2025-02-06
2931,Data Analyst,Mumbai,Entry,PhD,LinkedIn,2024-07-22
2932,HR Specialist,Pune,Mid,Master,Naukri,2023-03-07
2933,Sales Executive,Mumbai,Entry,Bachelor,LinkedIn,2023-12-24
2934,Product Manager,Bangalore,Mid,Bachelor,LinkedIn,2024-09-07
2935,HR Specialist,Delhi,Senior,Diploma,Naukri,2023-07-23
2936,Software Engineer,Bangalore,Mid,Diploma,LinkedIn,2025-02-22
2937,Sales Executive,Delhi,Mid,Bachelor,LinkedIn,2024-12-12
2938,Sales Executive,Pune,Mid,Diploma,LinkedIn,2025-04-27
2939,HR Specialist,Chennai,Senior,Master,LinkedIn,2025-10-20
2940,Product Manager,Mumbai,Mid,Bachelor,Referral,2025-02-04
2941,Software Engineer,Delhi,Mid,PhD,Naukri,2024-07-28
2942,Sales Executive,Chennai,Entry,Diploma,CareerSite,2023-10-08
2943,Software Engineer,Pune,Senior,PhD,Naukri,2024-08-16
2944,HR Specialist,Mumbai,Mid,Bachelor,CareerSite,2025-05-05
2945,Sales Executive,Delhi,Senior,Master,Naukri,2024-05-24
2946,Sales Executive,Bangalore,Entry,PhD,Naukri,2023-02-16
2947,Sales Executive,Chennai,Mid,Master,Naukri,2025-01-05
2948,Data Analyst,Chennai,Mid,Diploma,Naukri,2025-07-23
2949,Software Engineer,Bangalore,Entry,Bachelor,Naukri,2023-03-19
2950,Software Engineer,Pune,Senior,Diploma,CareerSite,2025-05-31
2951,Data Analyst,Pune,Mid,Master,Naukri,2024-04-04
2952,Data Analyst,Delhi,Senior,PhD,Referral,2024-02-23
2953,HR Specialist,Delhi,Entry,Diploma,LinkedIn,2023-12-11
2954,Data Analyst,Chennai,Entry,Bachelor,Naukri,2024-05-23
2955,HR Specialist,Pune,Mid,Bachelor,LinkedIn,2023-04-05
2956,Software Engineer,Mumbai,Entry,Diploma,Referral,2024-03-07
2957,HR Specialist,Chennai,Mid,Diploma,Referral,2023-11-07
2958,Software Engineer,Bangalore,Entry,PhD,Naukri,2023-07-31
2959,Product Manager,Mumbai,Mid,Bachelor,LinkedIn,2024-01-23
2960,Data Analyst,Delhi,Mid,Bachelor,LinkedIn,2025-11-10
2961,Sales Executive,Delhi,Mid,Bachelor,LinkedIn,2023-07-14
2962,Sales Executive,Chennai,Senior,Master,CareerSite,2025-06-02
2963,Data Analyst,Mumbai,Senior,PhD,Referral,2024-08-06
2964,Software Engineer,Mumbai,Entry,Diploma,CareerSite,2024-09-06
2965,Product Manager,Chennai,Mid,Diploma,LinkedIn,2024-06-02
2966,Software Engineer,Mumbai,Mid,Bachelor,CareerSite,2023-05-11
2967,Sales Executive,Mumbai,Senior,Diploma,LinkedIn,2025-01-07
2968,Product Manager,Pune,Senior,Diploma,Naukri,2025-02-13
2969,Product Manager,Delhi,Entry,Master,Referral,2025-05-27
2970,Sales Executive,Pune,Entry,Diploma,CareerSite,2025-07-09
2971,Sales Executive,Delhi,Mid,Master,LinkedIn,2025-11-24
2972,Sales Executive,Bangalore,Senior,Diploma,LinkedIn,2025-12-31
2973,Product Manager,Mumbai,Mid,Bachelor,Referral,2025-04-10
2974,HR Specialist,Bangalore,Senior,Bachelor,Referral,2023-03-26
2975,Data Analyst,Chennai,Entry,PhD,LinkedIn,2023-07-25
2976,Data Analyst,Mumbai,Mid,Diploma,LinkedIn,2024-08-11
2977,Software Engineer,Delhi,Senior,Master,Referral,2023-09-29
2978,Software Engineer,Bangalore,Mid,Bachelor,Naukri,2024-03-09
2979,Data Analyst,Delhi,Entry,PhD,Naukri,2025-12-05
2980,Data Analyst,Bangalore,Senior,PhD,LinkedIn,2023-02-21
2981,Software Engineer,Chennai,Senior,Master,Referral,2024-07-01
2982,Data Analyst,Bangalore,Senior,Diploma,LinkedIn,2025-11-12
2983,Sales Executive,Bangalore,Mid,Bachelor,LinkedIn,2025-07-06
2984,Sales Executive,Pune,Senior,PhD,Naukri,2023-05-15
2985,HR Specialist,Delhi,Senior,Master,LinkedIn,2023-09-30
2986,Product Manager,Chennai,Entry,Master,Naukri,2025-09-21
2987,HR Specialist,Bangalore,Senior,PhD,LinkedIn,2024-09-11
2988,Software Engineer,Mumbai,Mid,Bachelor,Referral,2023-09-03
2989,Sales Executive,Mumbai,Mid,PhD,Naukri,2024-10-17
2990,Data Analyst,Bangalore,Entry,Master,LinkedIn,2024-09-16
2991,Software Engineer,Delhi,Mid,Master,Naukri,2025-07-04
2992,HR Specialist,Pune,Entry,Bachelor,Naukri,2025-05-06
2993,Sales Executive,Mumbai,Entry,Bachelor,LinkedIn,2025-12-19
2994,Sales Executive,Delhi,Mid,Diploma,CareerSite,2025-06-11
2995,Software Engineer,Bangalore,Senior,Diploma,LinkedIn,2025-12-08
2996,Software Engineer,Bangalore,Senior,Bachelor,Naukri,2024-05-09
2997,HR Specialist,Chennai,Entry,Bachelor,LinkedIn,2023-12-31
2998,Software Engineer,Chennai,Entry,PhD,LinkedIn,2025-10-16
2999,HR Specialist,Mumbai,Entry,Bachelor,Naukri,2023-07-16
3000,HR Specialist,Pune,Mid,PhD,Referral,2024-11-23
3001,HR Specialist,Delhi,Mid,Master,Naukri,2024-07-04
3002,Sales Executive,Delhi,Senior,Master,LinkedIn,2023-02-13
3003,Software Engineer,Chennai,Entry,Master,Naukri,2023-07-14
3004,Product Manager,Bangalore,Entry,Master,LinkedIn,2025-10-23
3005,Data Analyst,Pune,Mid,PhD,Naukri,2025-01-20
3006,Software Engineer,Chennai,Mid,PhD,LinkedIn,2023-02-17
3007,Product Manager,Chennai,Mid,PhD,Naukri,2023-06-05
3008,HR Specialist,Pune,Mid,Diploma,LinkedIn,2024-02-04
3009,Data Analyst,Mumbai,Mid,Master,Referral,2023-10-27
3010,Software Engineer,Bangalore,Mid,PhD,Referral,2024-01-03
3011,Data Analyst,Bangalore,Mid,PhD,LinkedIn,2024-09-15
3012,Sales Executive,Mumbai,Senior,Diploma,Naukri,2024-02-09
3013,HR Specialist,Chennai,Entry,Diploma,Agency,2024-09-27
3014,Software Engineer,Mumbai,Mid,Bachelor,Referral,2025-06-02
3015,Product Manager,Delhi,Entry,Diploma,LinkedIn,2025-07-08
3016,Software Engineer,Mumbai,Mid,Diploma,Naukri,2025-08-29
3017,Product Manager,Pune,Mid,Bachelor,Referral,2023-01-22
3018,Data Analyst,Pune,Mid,Bachelor,LinkedIn,2023-08-13
3019,Software Engineer,Delhi,Entry,Bachelor,Referral,2024-02-06
3020,Software Engineer,Chennai,Entry,Master,Naukri,2025-10-02
3021,HR Specialist,Mumbai,Mid,PhD,CareerSite,2024-01-07
3022,HR Specialist,Chennai,Senior,PhD,Agency,2025-03-02
3023,Software Engineer,Mumbai,Entry,Bachelor,Naukri,2024-03-18
3024,HR Specialist,Delhi,Senior,Master,LinkedIn,2025-04-19
3025,Software Engineer,Pune,Entry,Bachelor,Naukri,2025-08-27
3026,Data Analyst,Mumbai,Entry,PhD,Referral,2023-10-09
3027,Software Engineer,Bangalore,Entry,Diploma,LinkedIn,2024-01-27
3028,Sales Executive,Mumbai,Senior,Master,LinkedIn,2024-08-18
3029,Product Manager,Mumbai,Entry,PhD,LinkedIn,2023-04-09
3030,Software Engineer,Delhi,Entry,Diploma,Naukri,2025-11-24
3031,Software Engineer,Mumbai,Entry,Master,LinkedIn,2025-08-28
3032,Data Analyst,Pune,Senior,PhD,LinkedIn,2025-06-21
3033,Software Engineer,Delhi,Mid,Master,Referral,2024-04-26
3034,Sales Executive,Chennai,Mid,Master,LinkedIn,2025-11-10
3035,HR Specialist,Bangalore,Senior,PhD,CareerSite,2025-01-05
3036,Product Manager,Chennai,Entry,PhD,LinkedIn,2025-09-21
3037,Product Manager,Pune,Mid,PhD,LinkedIn,2025-05-09
3038,Product Manager,Pune,Senior,Diploma,CareerSite,2024-07-06
3039,Product Manager,Bangalore,Senior,Bachelor,Naukri,2024-07-13
3040,HR Specialist,Pune,Mid,Diploma,Referral,2025-04-26
3041,Data Analyst,Mumbai,Senior,Master,LinkedIn,2026-01-01
3042,Software Engineer,Pune,Entry,Diploma,LinkedIn,2023-12-18
3043,Sales Executive,Bangalore,Senior,PhD,LinkedIn,2025-07-08
3044,Sales Executive,Delhi,Entry,Bachelor,LinkedIn,2023-10-20
3045,Data Analyst,Chennai,Mid,Diploma,Agency,2025-05-19
3046,Sales Executive,Delhi,Senior,Diploma,Naukri,2024-11-05
3047,Data Analyst,Mumbai,Mid,Diploma,Naukri,2025-01-24
3048,Product Manager,Chennai,Mid,PhD,CareerSite,2023-08-20
3049,Product Manager,Bangalore,Entry,PhD,LinkedIn,2025-01-19
3050,Product Manager,Pune,Senior,Master,LinkedIn,2024-07-07
3051,Software Engineer,Mumbai,Senior,Diploma,LinkedIn,2025-07-27
3052,HR Specialist,Chennai,Senior,Diploma,Referral,2023-05-14
3053,Data Analyst,Delhi,Mid,Diploma,LinkedIn,2023-09-02
3054,Software Engineer,Delhi,Entry,Bachelor,Naukri,2024-10-12
3055,Software Engineer,Pune,Mid,PhD,Referral,2024-09-02
3056,Product Manager,Chennai,Mid,Bachelor,Referral,2025-11-04
3057,Data Analyst,Chennai,Senior,Master,LinkedIn,2025-08-30
3058,Sales Executive,Bangalore,Entry,PhD,Naukri,2025-12-31
3059,Product Manager,Chennai,Entry,Diploma,Naukri,2023-12-13
3060,Sales Executive,Chennai,Mid,Diploma,LinkedIn,2023-05-11
3061,Product Manager,Mumbai,Entry,Diploma,Naukri,2025-03-14
3062,Sales Executive,Delhi,Entry,Bachelor,LinkedIn,2023-12-05
3063,HR Specialist,Delhi,Senior,Master,Naukri,2025-09-21
3064,Data Analyst,Pune,Mid,PhD,Referral,2025-06-16
3065,HR Specialist,Mumbai,Entry,Master,LinkedIn,2026-01-01
3066,Product Manager,Chennai,Mid,Bachelor,Referral,2024-03-20
3067,Sales Executive,Mumbai,Mid,PhD,Referral,2025-04-05
3068,Product Manager,Chennai,Mid,Bachelor,Referral,2023-02-21
3069,HR Specialist,Mumbai,Mid,Diploma,Naukri,2025-04-24
3070,Software Engineer,Chennai,Senior,PhD,CareerSite,2025-03-14
3071,Product Manager,Bangalore,Mid,Diploma,Naukri,2024-07-26
3072,Software Engineer,Pune,Senior,Diploma,Naukri,2023-07-04
3073,Software Engineer,Pune,Senior,PhD,CareerSite,2023-08-07
3074,Sales Executive,Delhi,Mid,Diploma,Naukri,2023-05-05
3075,HR Specialist,Delhi,Mid,Diploma,LinkedIn,2025-02-22
3076,Software Engineer,Bangalore,Mid,Master,Naukri,2024-05-15
3077,HR Specialist,Delhi,Entry,Master,LinkedIn,2024-11-30
3078,Software Engineer,Mumbai,Entry,Master,LinkedIn,2024-09-10
3079,Product Manager,Mumbai,Entry,Bachelor,Referral,2023-11-15
3080,Sales Executive,Pune,Entry,PhD,LinkedIn,2024-09-17
3081,Software Engineer,Pune,Senior,PhD,CareerSite,2025-11-12
3082,Sales Executive,Delhi,Mid,PhD,Referral,2024-05-17
3083,HR Specialist,Mumbai,Mid,Bachelor,Referral,2024-10-09
3084,HR Specialist,Bangalore,Senior,Bachelor,LinkedIn,2025-07-03
3085,HR Specialist,Pune,Entry,Bachelor,Referral,2023-12-11
3086,Product Manager,Pune,Entry,Bachelor,LinkedIn,2025-09-29
3087,Sales Executive,Delhi,Senior,Bachelor,Naukri,2025-01-07
3088,HR Specialist,Chennai,Mid,Bachelor,LinkedIn,2025-06-28
3089,HR Specialist,Bangalore,Mid,Master,Referral,2024-01-01
3090,Product Manager,Pune,Senior,PhD,Referral,2023-06-02
3091,Sales Executive,Chennai,Entry,Diploma,Naukri,2024-12-17
3092,Product Manager,Delhi,Mid,PhD,Naukri,2023-04-03
3093,Data Analyst,Delhi,Senior,Diploma,LinkedIn,2024-06-23
3094,HR Specialist,Bangalore,Mid,Master,Referral,2025-08-21
3095,Software Engineer,Pune,Entry,PhD,Naukri,2025-08-30
3096,HR Specialist,Mumbai,Mid,Diploma,CareerSite,2024-11-19
3097,Sales Executive,Bangalore,Mid,Master,LinkedIn,2025-07-07
3098,Sales Executive,Bangalore,Senior,Master,LinkedIn,2024-11-14
3099,Sales Executive,Delhi,Entry,Diploma,LinkedIn,2023-08-27
3100,Sales Executive,Mumbai,Senior,Diploma,Agency,2023-07-28
3101,Software Engineer,Bangalore,Senior,Diploma,Naukri,2025-03-21
3102,Sales Executive,Bangalore,Entry,Bachelor,Naukri,2023-12-24
3103,Product Manager,Delhi,Mid,Master,CareerSite,2023-03-28
3104,Software Engineer,Chennai,Entry,Bachelor,LinkedIn,2024-11-05
3105,Sales Executive,Pune,Senior,Master,Referral,2023-02-10
3106,Product Manager,Bangalore,Mid,Diploma,Referral,2025-09-10
3107,Software Engineer,Pune,Entry,Master,LinkedIn,2024-12-21
3108,Sales Executive,Chennai,Senior,Bachelor,Naukri,2023-06-25
3109,Sales Executive,Pune,Mid,PhD,LinkedIn,2023-11-30
3110,HR Specialist,Delhi,Mid,Master,LinkedIn,2025-06-08
3111,Data Analyst,Pune,Entry,PhD,Referral,2023-05-27
3112,Software Engineer,Chennai,Entry,Bachelor,CareerSite,2023-11-10
3113,Product Manager,Delhi,Entry,Diploma,Naukri,2025-06-04
3114,Data Analyst,Bangalore,Senior,Master,LinkedIn,2025-04-28
3115,HR Specialist,Chennai,Mid,PhD,Referral,2025-04-23
3116,Software Engineer,Delhi,Senior,PhD,LinkedIn,2024-02-15
3117,Sales Executive,Mumbai,Senior,Bachelor,LinkedIn,2023-05-10
3118,Software Engineer,Chennai,Mid,Bachelor,Referral,2024-07-16
3119,Software Engineer,Pune,Entry,PhD,Naukri,2025-11-16
3120,Product Manager,Bangalore,Entry,Diploma,LinkedIn,2024-04-21
3121,Software Engineer,Mumbai,Senior,Diploma,LinkedIn,2025-09-15
3122,Software Engineer,Pune,Entry,Bachelor,Agency,2025-03-05
3123,Product Manager,Chennai,Mid,Diploma,LinkedIn,2024-08-29
3124,HR Specialist,Bangalore,Senior,Bachelor,LinkedIn,2024-12-13
3125,HR Specialist,Mumbai,Entry,Diploma,Naukri,2023-03-07
3126,HR Specialist,Pune,Mid,PhD,Naukri,2024-02-15
3127,HR Specialist,Mumbai,Entry,Diploma,Referral,2023-12-25
3128,Software Engineer,Mumbai,Entry,Bachelor,Referral,2025-03-15
3129,HR Specialist,Chennai,Senior,Diploma,Referral,2024-05-31
3130,Data Analyst,Bangalore,Senior,Bachelor,LinkedIn,2025-02-23
3131,HR Specialist,Mumbai,Mid,PhD,Agency,2025-10-28
3132,HR Specialist,Mumbai,Mid,Diploma,Naukri,2025-07-11
3133,HR Specialist,Chennai,Senior,Master,LinkedIn,2023-12-26
3134,HR Specialist,Delhi,Senior,Master,LinkedIn,2024-03-18
3135,HR Specialist,Chennai,Entry,Master,LinkedIn,2023-09-23
3136,Product Manager,Mumbai,Mid,Diploma,LinkedIn,2023-11-11
3137,Sales Executive,Chennai,Mid,Bachelor,Naukri,2025-06-30
3138,Data Analyst,Mumbai,Mid,Bachelor,Referral,2025-10-30
3139,Product Manager,Bangalore,Entry,Diploma,Referral,2024-04-09
3140,Data Analyst,Mumbai,Senior,PhD,Naukri,2024-10-01
3141,Data Analyst,Chennai,Mid,Bachelor,Naukri,2023-09-06
3142,Data Analyst,Delhi,Entry,Master,LinkedIn,2023-04-29
3143,Data Analyst,Chennai,Entry,Diploma,Referral,2025-02-19
3144,Data Analyst,Mumbai,Senior,Master,LinkedIn,2024-06-18
3145,Sales Executive,Mumbai,Mid,Diploma,LinkedIn,2025-12-27
3146,Software Engineer,Mumbai,Entry,Master,Naukri,2025-06-05
3147,Sales Executive,Mumbai,Entry,Master,LinkedIn,2024-01-02
3148,Sales Executive,Delhi,Entry,Diploma,Agency,2025-01-28
3149,Data Analyst,Delhi,Mid,Master,LinkedIn,2024-11-21
3150,Data Analyst,Bangalore,Senior,Master,LinkedIn,2025-08-27
3151,HR Specialist,Chennai,Senior,Diploma,Referral,2024-06-02
3152,Product Manager,Pune,Senior,Diploma,LinkedIn,2025-02-24
3153,Software Engineer,Pune,Senior,Diploma,LinkedIn,2024-12-26
3154,Product Manager,Mumbai,Mid,Master,LinkedIn,2024-10-09
3155,Sales Executive,Pune,Senior,Diploma,LinkedIn,2024-12-24
3156,HR Specialist,Chennai,Entry,Bachelor,Naukri,2025-06-25
3157,HR Specialist,Mumbai,Senior,Bachelor,Naukri,2023-10-14
3158,Product Manager,Bangalore,Senior,Master,Referral,2023-04-09
3159,Data Analyst,Chennai,Entry,Master,Naukri,2024-11-06
3160,HR Specialist,Pune,Senior,PhD,LinkedIn,2024-10-06
3161,Software Engineer,Chennai,Mid,Bachelor,Naukri,2025-10-01
3162,HR Specialist,Chennai,Mid,PhD,Naukri,2023-07-06
3163,Sales Executive,Pune,Entry,Master,LinkedIn,2025-05-31
3164,Product Manager,Delhi,Senior,Diploma,Naukri,2025-03-17
3165,Sales Executive,Mumbai,Mid,Master,CareerSite,2023-12-12
3166,HR Specialist,Bangalore,Entry,Master,LinkedIn,2025-03-08
3167,HR Specialist,Mumbai,Senior,Master,Naukri,2024-05-01
3168,Software Engineer,Bangalore,Mid,Diploma,CareerSite,2025-07-02
3169,Software Engineer,Bangalore,Mid,Master,LinkedIn,2023-01-15
3170,HR Specialist,Chennai,Mid,Bachelor,Naukri,2025-09-29
3171,Sales Executive,Mumbai,Senior,PhD,Referral,2026-01-01
3172,Data Analyst,Pune,Entry,Diploma,Referral,2025-12-06
3173,Sales Executive,Bangalore,Entry,Diploma,LinkedIn,2025-01-20
3174,HR Specialist,Mumbai,Senior,Master,LinkedIn,2024-02-24
3175,Sales Executive,Delhi,Senior,Master,LinkedIn,2025-03-13
3176,HR Specialist,Chennai,Entry,Bachelor,Referral,2025-08-12
3177,Software Engineer,Delhi,Senior,Bachelor,Referral,2025-11-12
3178,Data Analyst,Delhi,Mid,Bachelor,LinkedIn,2024-11-19
3179,Software Engineer,Pune,Senior,Bachelor,Naukri,2024-09-05
3180,HR Specialist,Bangalore,Mid,Diploma,LinkedIn,2023-01-22
3181,Sales Executive,Pune,Entry,Diploma,LinkedIn,2025-03-27
3182,Sales Executive,Mumbai,Mid,Master,LinkedIn,2025-12-24
3183,HR Specialist,Delhi,Entry,Diploma,Naukri,2023-06-23
3184,Software Engineer,Mumbai,Mid,Diploma,Naukri,2025-07-22
3185,Product Manager,Bangalore,Senior,Diploma,Naukri,2024-08-17
3186,Product Manager,Bangalore,Mid,Diploma,LinkedIn,2023-01-12
3187,HR Specialist,Bangalore,Entry,PhD,LinkedIn,2025-11-01
3188,HR Specialist,Chennai,Entry,Diploma,Naukri,2023-07-18
3189,Software Engineer,Delhi,Senior,PhD,Naukri,2024-09-05
3190,HR Specialist,Bangalore,Senior,Diploma,LinkedIn,2023-10-26
3191,Software Engineer,Mumbai,Senior,PhD,CareerSite,2025-10-14
3192,HR Specialist,Bangalore,Mid,PhD,LinkedIn,2025-02-07
3193,Software Engineer,Mumbai,Mid,Master,LinkedIn,2025-02-21
3194,Product Manager,Mumbai,Senior,PhD,LinkedIn,2025-10-04
3195,Product Manager,Pune,Senior,PhD,LinkedIn,2023-06-30
3196,Product Manager,Chennai,Senior,Diploma,Naukri,2023-10-14
3197,Software Engineer,Bangalore,Senior,Master,LinkedIn,2023-05-06
3198,Data Analyst,Delhi,Entry,Bachelor,LinkedIn,2024-12-02
3199,Software Engineer,Pune,Entry,Diploma,LinkedIn,2023-05-11
3200,Product Manager,Pune,Entry,Bachelor,Referral,2025-12-14
3201,HR Specialist,Mumbai,Entry,Bachelor,Referral,2025-12-04
3202,Sales Executive,Chennai,Entry,Bachelor,Naukri,2025-02-27
3203,Data Analyst,Bangalore,Entry,Diploma,Naukri,2023-06-22
3204,Product Manager,Pune,Mid,Master,Naukri,2024-08-29
3205,Sales Executive,Chennai,Senior,Master,Naukri,2025-10-20
3206,Software Engineer,Delhi,Senior,Bachelor,Naukri,2024-01-23
3207,Sales Executive,Pune,Mid,Master,CareerSite,2025-12-08
3208,Software Engineer,Pune,Entry,Master,LinkedIn,2025-04-02
3209,Software Engineer,Pune,Senior,Diploma,LinkedIn,2024-07-10
3210,Software Engineer,Bangalore,Entry,PhD,CareerSite,2024-04-12
3211,HR Specialist,Bangalore,Mid,Diploma,LinkedIn,2025-10-26
3212,Data Analyst,Pune,Mid,Diploma,Referral,2024-11-01
3213,HR Specialist,Delhi,Mid,PhD,LinkedIn,2024-10-10
3214,Product Manager,Bangalore,Entry,Master,LinkedIn,2024-08-14
3215,Product Manager,Mumbai,Mid,Bachelor,Agency,2024-11-24
3216,Software Engineer,Delhi,Senior,PhD,LinkedIn,2024-09-29
3217,Data Analyst,Delhi,Mid,PhD,Referral,2023-04-28
3218,Software Engineer,Mumbai,Entry,Diploma,LinkedIn,2024-07-06
3219,Product Manager,Chennai,Mid,Diploma,Referral,2025-05-09
3220,Product Manager,Delhi,Entry,Master,Referral,2023-12-26
3221,Sales Executive,Chennai,Entry,PhD,LinkedIn,2024-06-04
3222,Data Analyst,Bangalore,Senior,Diploma,LinkedIn,2025-03-27
3223,Software Engineer,Mumbai,Entry,Diploma,LinkedIn,2024-10-30
3224,Product Manager,Chennai,Senior,Diploma,Naukri,2023-09-04
3225,HR Specialist,Chennai,Entry,Bachelor,Naukri,2025-07-26
3226,HR Specialist,Pune,Entry,Diploma,LinkedIn,2025-07-06
3227,Data Analyst,Pune,Entry,Bachelor,LinkedIn,2023-03-18
3228,Software Engineer,Chennai,Mid,Master,LinkedIn,2023-03-06
3229,Data Analyst,Chennai,Entry,Diploma,CareerSite,2025-12-06
3230,Product Manager,Mumbai,Entry,Master,Agency,2024-01-01
3231,Software Engineer,Bangalore,Mid,Bachelor,LinkedIn,2024-07-16
3232,HR Specialist,Mumbai,Senior,PhD,Naukri,2024-03-28
3233,HR Specialist,Delhi,Senior,PhD,Referral,2024-11-21
3234,Product Manager,Mumbai,Senior,Bachelor,LinkedIn,2025-07-15
3235,HR Specialist,Pune,Mid,Master,Naukri,2025-02-16
3236,Data Analyst,Pune,Entry,PhD,Naukri,2024-06-03
3237,Data Analyst,Delhi,Senior,Master,LinkedIn,2023-06-29
3238,Sales Executive,Mumbai,Mid,Master,Naukri,2023-05-05
3239,Sales Executive,Bangalore,Entry,Bachelor,LinkedIn,2025-04-14
3240,Sales Executive,Chennai,Entry,Diploma,LinkedIn,2026-01-01
3241,Sales Executive,Mumbai,Senior,PhD,Referral,2024-10-17
3242,HR Specialist,Mumbai,Senior,Master,Referral,2024-10-20
3243,Product Manager,Delhi,Mid,PhD,Naukri,2025-11-22
3244,Software Engineer,Pune,Senior,PhD,Referral,2024-05-25
3245,HR Specialist,Mumbai,Senior,Bachelor,LinkedIn,2024-03-01
3246,HR Specialist,Chennai,Senior,Diploma,Naukri,2025-03-17
3247,Software Engineer,Delhi,Senior,PhD,LinkedIn,2024-09-09
3248,Sales Executive,Pune,Senior,PhD,Naukri,2023-06-30
3249,Software Engineer,Delhi,Mid,Bachelor,CareerSite,2024-02-16
3250,Software Engineer,Delhi,Senior,PhD,CareerSite,2024-12-13
3251,HR Specialist,Mumbai,Senior,Master,Naukri,2025-10-06
3252,Data Analyst,Chennai,Senior,Diploma,Agency,2023-06-29
3253,Software Engineer,Pune,Senior,Master,LinkedIn,2025-09-08
3254,HR Specialist,Pune,Mid,Diploma,Referral,2024-04-20
3255,HR Specialist,Mumbai,Senior,Master,Referral,2024-02-15
3256,Product Manager,Bangalore,Mid,Diploma,LinkedIn,2024-11-16
3257,Sales Executive,Delhi,Senior,PhD,LinkedIn,2025-07-23
3258,Data Analyst,Delhi,Mid,Master,LinkedIn,2025-11-15
3259,Sales Executive,Pune,Mid,Diploma,Naukri,2024-07-28
3260,Software Engineer,Mumbai,Entry,Master,Naukri,2025-10-04
3261,Sales Executive,Chennai,Entry,PhD,LinkedIn,2023-12-10
3262,Software Engineer,Mumbai,Entry,Bachelor,Referral,2025-10-26
3263,Data Analyst,Bangalore,Mid,Master,LinkedIn,2026-01-01
3264,Software Engineer,Pune,Mid,Bachelor,Naukri,2023-07-22
3265,Data Analyst,Delhi,Entry,Bachelor,Naukri,2024-02-05
3266,Data Analyst,Bangalore,Mid,PhD,LinkedIn,2025-11-25
3267,Product Manager,Mumbai,Senior,Diploma,Referral,2024-12-19
3268,Software Engineer,Bangalore,Mid,Master,Referral,2025-10-29
3269,Product Manager,Chennai,Entry,Bachelor,Naukri,2023-06-20
3270,HR Specialist,Chennai,Senior,PhD,LinkedIn,2024-09-27
3271,Sales Executive,Chennai,Entry,Bachelor,Referral,2023-09-17
3272,Software Engineer,Bangalore,Senior,PhD,LinkedIn,2023-04-27
3273,Product Manager,Chennai,Mid,Diploma,Referral,2023-11-03
3274,Product Manager,Chennai,Senior,Bachelor,LinkedIn,2023-01-27
3275,HR Specialist,Chennai,Senior,PhD,LinkedIn,2023-09-22
3276,Product Manager,Chennai,Entry,Master,LinkedIn,2023-04-03
3277,Product Manager,Delhi,Entry,Bachelor,Naukri,2023-06-13
3278,HR Specialist,Delhi,Mid,Master,LinkedIn,2025-09-01
3279,Software Engineer,Bangalore,Entry,PhD,LinkedIn,2023-08-23
3280,Product Manager,Chennai,Mid,PhD,Referral,2024-12-03
3281,Sales Executive,Delhi,Mid,Diploma,LinkedIn,2023-12-06
3282,Product Manager,Bangalore,Entry,PhD,LinkedIn,2023-12-14
3283,HR Specialist,Bangalore,Entry,Master,Agency,2024-10-30
3284,Product Manager,Mumbai,Senior,Bachelor,Naukri,2025-09-13
3285,Product Manager,Pune,Mid,Master,Referral,2024-06-26
3286,HR Specialist,Delhi,Entry,Master,LinkedIn,2024-02-15
3287,HR Specialist,Chennai,Senior,Diploma,Naukri,2025-12-17
3288,Data Analyst,Mumbai,Mid,Master,Referral,2024-07-29
3289,HR Specialist,Mumbai,Mid,PhD,LinkedIn,2025-03-15
3290,HR Specialist,Bangalore,Senior,Diploma,Naukri,2025-10-22
3291,Data Analyst,Delhi,Entry,Bachelor,Naukri,2024-07-10
3292,HR Specialist,Mumbai,Senior,Bachelor,Referral,2024-12-21
3293,Sales Executive,Delhi,Entry,Bachelor,CareerSite,2024-09-29
3294,HR Specialist,Chennai,Senior,Diploma,CareerSite,2023-10-30
3295,Sales Executive,Bangalore,Entry,PhD,CareerSite,2024-08-02
3296,Software Engineer,Bangalore,Mid,Diploma,LinkedIn,2023-03-05
3297,HR Specialist,Mumbai,Entry,Master,LinkedIn,2024-03-11
3298,Software Engineer,Delhi,Entry,Diploma,CareerSite,2025-11-20
3299,Product Manager,Mumbai,Entry,Diploma,LinkedIn,2023-03-16
3300,Sales Executive,Mumbai,Entry,Diploma,LinkedIn,2023-07-05
3301,Sales Executive,Chennai,Mid,Master,LinkedIn,2024-07-18
3302,Sales Executive,Pune,Entry,Master,Naukri,2023-06-29
3303,Software Engineer,Mumbai,Entry,Master,LinkedIn,2025-09-02
3304,HR Specialist,Delhi,Senior,Diploma,CareerSite,2025-12-19
3305,Software Engineer,Pune,Mid,Diploma,LinkedIn,2025-05-29
3306,HR Specialist,Pune,Entry,PhD,LinkedIn,2024-03-06
3307,Software Engineer,Chennai,Mid,Diploma,Agency,2023-07-22
3308,Data Analyst,Delhi,Senior,PhD,Naukri,2023-12-24
3309,Data Analyst,Mumbai,Senior,Master,Naukri,2025-09-13
3310,HR Specialist,Bangalore,Mid,PhD,LinkedIn,2023-01-06
3311,Product Manager,Delhi,Entry,Diploma,LinkedIn,2025-02-16
3312,Data Analyst,Mumbai,Mid,Bachelor,CareerSite,2024-12-24
3313,HR Specialist,Chennai,Mid,Diploma,CareerSite,2025-11-22
3314,Software Engineer,Mumbai,Senior,Bachelor,LinkedIn,2025-10-22
3315,Product Manager,Pune,Senior,Master,Referral,2023-04-23
3316,Product Manager,Bangalore,Entry,PhD,Referral,2024-09-28
3317,HR Specialist,Bangalore,Entry,PhD,Referral,2025-01-01
3318,Product Manager,Bangalore,Entry,Bachelor,Referral,2025-09-02
3319,Software Engineer,Delhi,Senior,Bachelor,Naukri,2025-07-24
3320,Sales Executive,Chennai,Entry,PhD,Naukri,2025-07-01
3321,Sales Executive,Pune,Entry,Diploma,LinkedIn,2023-11-25
3322,Product Manager,Chennai,Senior,Diploma,CareerSite,2024-10-20
3323,Data Analyst,Bangalore,Senior,PhD,Referral,2024-11-07
3324,Product Manager,Pune,Mid,Master,LinkedIn,2024-10-17
3325,Software Engineer,Bangalore,Entry,PhD,Referral,2023-12-30
3326,Software Engineer,Bangalore,Entry,Diploma,LinkedIn,2023-03-06
3327,Data Analyst,Mumbai,Senior,Master,LinkedIn,2025-03-22
3328,Software Engineer,Delhi,Mid,Diploma,Naukri,2025-01-21
3329,Sales Executive,Delhi,Senior,Diploma,LinkedIn,2024-03-11
3330,Data Analyst,Bangalore,Senior,PhD,Agency,2023-09-23
3331,Sales Executive,Pune,Mid,Bachelor,LinkedIn,2025-11-10
3332,Product Manager,Delhi,Senior,Diploma,LinkedIn,2025-03-30
3333,HR Specialist,Bangalore,Senior,PhD,CareerSite,2024-07-18
3334,Software Engineer,Chennai,Senior,Diploma,LinkedIn,2025-06-25
3335,Software Engineer,Pune,Senior,Master,Referral,2023-09-11
3336,Software Engineer,Delhi,Mid,Bachelor,Naukri,2024-12-26
3337,HR Specialist,Bangalore,Mid,Bachelor,Naukri,2024-12-02
3338,Product Manager,Chennai,Senior,Master,Naukri,2025-01-05
3339,HR Specialist,Pune,Entry,Bachelor,Referral,2024-07-09
3340,Sales Executive,Delhi,Mid,Master,Naukri,2024-11-10
3341,Data Analyst,Delhi,Entry,Bachelor,Naukri,2023-12-26
3342,Sales Executive,Chennai,Senior,PhD,LinkedIn,2025-05-30
3343,HR Specialist,Mumbai,Mid,Bachelor,Naukri,2025-08-10
3344,Product Manager,Chennai,Senior,Diploma,Naukri,2023-12-22
3345,HR Specialist,Bangalore,Senior,Diploma,CareerSite,2023-03-22
3346,Sales Executive,Chennai,Senior,Master,Referral,2025-10-05
3347,Sales Executive,Chennai,Senior,Bachelor,Referral,2024-05-30
3348,Product Manager,Delhi,Mid,Diploma,Referral,2025-12-01
3349,Product Manager,Mumbai,Entry,Master,Naukri,2023-02-11
3350,Sales Executive,Chennai,Entry,Diploma,Referral,2025-08-03
3351,Data Analyst,Mumbai,Senior,Diploma,Referral,2023-02-13
3352,Software Engineer,Chennai,Mid,PhD,CareerSite,2024-06-20
3353,Software Engineer,Pune,Senior,Diploma,CareerSite,2023-03-30
3354,HR Specialist,Chennai,Senior,Bachelor,LinkedIn,2023-01-24
3355,Product Manager,Delhi,Entry,Bachelor,Referral,2025-06-11
3356,Software Engineer,Mumbai,Mid,Diploma,LinkedIn,2025-09-29
3357,Data Analyst,Bangalore,Senior,Diploma,CareerSite,2024-12-22
3358,HR Specialist,Pune,Senior,PhD,Referral,2025-10-14
3359,Product Manager,Bangalore,Entry,Diploma,Naukri,2024-02-21
3360,Product Manager,Delhi,Mid,Diploma,LinkedIn,2024-01-31
3361,Data Analyst,Bangalore,Senior,PhD,CareerSite,2025-01-13
3362,Sales Executive,Mumbai,Senior,Bachelor,Naukri,2024-12-01
3363,Data Analyst,Delhi,Senior,Diploma,Naukri,2025-06-28
3364,Data Analyst,Chennai,Mid,Bachelor,Referral,2023-12-23
3365,Software Engineer,Delhi,Mid,Diploma,LinkedIn,2025-07-19
3366,Product Manager,Pune,Senior,Master,LinkedIn,2024-09-14
3367,Data Analyst,Chennai,Mid,Diploma,LinkedIn,2024-08-01
3368,HR Specialist,Mumbai,Entry,Bachelor,LinkedIn,2024-10-17
3369,Software Engineer,Bangalore,Senior,Bachelor,CareerSite,2024-11-01
3370,Data Analyst,Bangalore,Entry,Diploma,Agency,2025-11-02
3371,Product Manager,Bangalore,Senior,Bachelor,Naukri,2024-07-07
3372,Data Analyst,Bangalore,Entry,Bachelor,Referral,2026-01-01
3373,Sales Executive,Mumbai,Senior,Master,Naukri,2023-11-12
3374,Sales Executive,Pune,Senior,Diploma,Referral,2025-07-28
3375,HR Specialist,Bangalore,Mid,Diploma,LinkedIn,2025-06-02
3376,Data Analyst,Chennai,Senior,Bachelor,LinkedIn,2025-09-20
3377,Data Analyst,Bangalore,Senior,Bachelor,Referral,2025-12-14
3378,Product Manager,Delhi,Entry,PhD,Naukri,2023-03-28
3379,HR Specialist,Mumbai,Senior,Diploma,LinkedIn,2023-11-26
3380,Product Manager,Delhi,Mid,Diploma,Naukri,2023-12-30
3381,Software Engineer,Bangalore,Mid,Diploma,LinkedIn,2025-10-21
3382,Product Manager,Delhi,Entry,PhD,LinkedIn,2025-07-07
3383,HR Specialist,Chennai,Entry,Master,Naukri,2025-09-03
3384,Software Engineer,Pune,Senior,Master,LinkedIn,2024-09-13
3385,Product Manager,Delhi,Mid,Master,Naukri,2024-11-28
3386,HR Specialist,Pune,Mid,Master,LinkedIn,2024-07-30
3387,Software Engineer,Chennai,Senior,Master,Referral,2023-04-07
3388,Software Engineer,Bangalore,Senior,PhD,Naukri,2025-11-11
3389,Sales Executive,Mumbai,Mid,Diploma,CareerSite,2024-04-15
3390,Software Engineer,Chennai,Mid,PhD,Referral,2025-10-22
3391,Data Analyst,Pune,Entry,Master,LinkedIn,2025-06-27
3392,Product Manager,Chennai,Entry,Bachelor,Referral,2025-09-03
3393,HR Specialist,Pune,Entry,PhD,CareerSite,2026-01-01
3394,Data Analyst,Bangalore,Mid,Diploma,LinkedIn,2023-06-30
3395,Data Analyst,Chennai,Senior,Bachelor,CareerSite,2025-09-18
3396,Sales Executive,Pune,Mid,Bachelor,LinkedIn,2023-12-31
3397,Data Analyst,Mumbai,Entry,Bachelor,Naukri,2025-06-29
3398,Product Manager,Bangalore,Mid,Diploma,Naukri,2025-02-11
3399,Product Manager,Pune,Entry,Diploma,CareerSite,2025-08-17
3400,Product Manager,Chennai,Senior,PhD,LinkedIn,2025-01-10
3401,Sales Executive,Mumbai,Mid,Master,LinkedIn,2025-03-09
3402,Software Engineer,Delhi,Entry,Bachelor,Naukri,2023-07-28
3403,Software Engineer,Mumbai,Senior,Diploma,LinkedIn,2024-03-03
3404,Software Engineer,Chennai,Mid,Diploma,Referral,2025-06-24
3405,Software Engineer,Delhi,Senior,Master,Referral,2025-12-19
3406,HR Specialist,Chennai,Entry,PhD,LinkedIn,2023-04-11
3407,Sales Executive,Pune,Senior,Bachelor,Agency,2024-07-07
3408,Sales Executive,Mumbai,Entry,PhD,Naukri,2025-05-02
3409,HR Specialist,Bangalore,Entry,PhD,LinkedIn,2024-09-18
3410,HR Specialist,Bangalore,Senior,Diploma,Naukri,2024-10-12
3411,HR Specialist,Mumbai,Entry,Bachelor,CareerSite,2025-02-26
3412,Data Analyst,Mumbai,Senior,Diploma,LinkedIn,2024-09-11
3413,Product Manager,Pune,Entry,PhD,Naukri,2024-01-02
3414,HR Specialist,Delhi,Entry,Bachelor,Naukri,2023-05-27
3415,Data Analyst,Mumbai,Senior,Bachelor,CareerSite,2025-09-08
3416,Software Engineer,Pune,Mid,PhD,Naukri,2025-09-30
3417,Software Engineer,Pune,Entry,Master,Referral,2025-02-01
3418,Data Analyst,Delhi,Senior,PhD,Referral,2025-05-28
3419,HR Specialist,Mumbai,Senior,Diploma,Naukri,2024-02-18
3420,HR Specialist,Chennai,Senior,Diploma,LinkedIn,2025-10-16
3421,HR Specialist,Delhi,Entry,Diploma,Referral,2025-12-08
3422,Product Manager,Delhi,Mid,Bachelor,Naukri,2023-09-25
3423,Product Manager,Chennai,Entry,Diploma,Referral,2025-05-04
3424,Data Analyst,Mumbai,Mid,Bachelor,Naukri,2023-02-15
3425,Software Engineer,Mumbai,Mid,PhD,Agency,2025-08-24
3426,HR Specialist,Mumbai,Senior,PhD,LinkedIn,2025-02-01
3427,Product Manager,Chennai,Senior,PhD,LinkedIn,2023-03-21
3428,Sales Executive,Mumbai,Senior,Diploma,CareerSite,2025-02-13
3429,Product Manager,Bangalore,Mid,Diploma,LinkedIn,2025-06-11
3430,HR Specialist,Mumbai,Entry,Master,LinkedIn,2024-10-19
3431,Software Engineer,Bangalore,Mid,Master,Naukri,2025-06-04
3432,Software Engineer,Mumbai,Senior,PhD,LinkedIn,2024-11-14
3433,Sales Executive,Chennai,Entry,Bachelor,Naukri,2025-05-09
3434,Product Manager,Chennai,Entry,Bachelor,Naukri,2025-11-04
3435,Product Manager,Pune,Mid,Diploma,CareerSite,2025-04-22
3436,Software Engineer,Mumbai,Mid,Diploma,LinkedIn,2024-04-25
3437,Data Analyst,Mumbai,Entry,Bachelor,Naukri,2024-09-12
3438,HR Specialist,Bangalore,Mid,PhD,Referral,2024-02-21
3439,Sales Executive,Bangalore,Senior,Master,Naukri,2025-11-02
3440,Data Analyst,Delhi,Senior,Master,LinkedIn,2023-04-10
3441,Product Manager,Delhi,Entry,Diploma,CareerSite,2025-09-04
3442,Data Analyst,Chennai,Senior,PhD,CareerSite,2025-12-14
3443,Software Engineer,Chennai,Mid,Diploma,LinkedIn,2023-11-15
3444,Sales Executive,Bangalore,Mid,PhD,LinkedIn,2025-01-16
3445,Sales Executive,Bangalore,Mid,Master,Naukri,2025-08-16
3446,HR Specialist,Pune,Senior,Bachelor,Naukri,2025-09-16
3447,Sales Executive,Mumbai,Mid,PhD,Naukri,2025-07-16
3448,Product Manager,Mumbai,Entry,Master,Agency,2025-08-16
3449,Software Engineer,Chennai,Mid,Diploma,LinkedIn,2024-07-09
3450,Sales Executive,Chennai,Senior,Diploma,LinkedIn,2023-09-01
3451,HR Specialist,Pune,Senior,Diploma,LinkedIn,2025-10-29
3452,Product Manager,Bangalore,Mid,Master,Naukri,2025-03-25
3453,Sales Executive,Pune,Senior,PhD,LinkedIn,2023-03-26
3454,Data Analyst,Chennai,Senior,Diploma,Naukri,2025-08-20
3455,Sales Executive,Pune,Mid,Master,Naukri,2025-06-28
3456,Sales Executive,Chennai,Entry,Bachelor,LinkedIn,2025-12-20
3457,Software Engineer,Pune,Senior,PhD,Naukri,2024-01-25
3458,Software Engineer,Bangalore,Mid,Bachelor,LinkedIn,2023-09-30
3459,Product Manager,Pune,Entry,Diploma,Naukri,2025-06-11
3460,Software Engineer,Chennai,Senior,Master,LinkedIn,2025-10-30
3461,Software Engineer,Chennai,Senior,Master,Referral,2024-01-24
3462,HR Specialist,Mumbai,Senior,Diploma,LinkedIn,2024-04-02
3463,Product Manager,Bangalore,Entry,Bachelor,Naukri,2024-06-11
3464,Product Manager,Mumbai,Mid,Diploma,Referral,2025-12-27
3465,Product Manager,Chennai,Mid,PhD,Referral,2026-01-01
3466,Product Manager,Delhi,Senior,Master,LinkedIn,2024-01-12
3467,HR Specialist,Delhi,Entry,Bachelor,CareerSite,2025-04-16
3468,Software Engineer,Pune,Entry,PhD,Referral,2025-12-28
3469,Product Manager,Mumbai,Senior,PhD,CareerSite,2023-05-25
3470,HR Specialist,Pune,Entry,Bachelor,Agency,2024-07-22
3471,Product Manager,Bangalore,Senior,Diploma,Naukri,2025-11-13
3472,Software Engineer,Chennai,Mid,PhD,Referral,2025-04-06
3473,Data Analyst,Bangalore,Senior,PhD,Naukri,2024-09-29
3474,Software Engineer,Bangalore,Senior,Bachelor,Referral,2024-07-06
3475,Sales Executive,Bangalore,Entry,PhD,LinkedIn,2024-06-07
3476,Sales Executive,Bangalore,Senior,Bachelor,Referral,2024-08-25
3477,Sales Executive,Bangalore,Senior,Diploma,Naukri,2025-05-15
3478,Product Manager,Chennai,Mid,Master,Referral,2025-08-20
3479,Data Analyst,Mumbai,Senior,Diploma,Naukri,2025-07-01
3480,HR Specialist,Pune,Senior,Bachelor,LinkedIn,2025-02-27
3481,HR Specialist,Chennai,Entry,Master,CareerSite,2025-10-08
3482,Sales Executive,Bangalore,Senior,Master,Naukri,2024-07-28
3483,HR Specialist,Bangalore,Entry,PhD,Agency,2024-09-01
3484,HR Specialist,Bangalore,Entry,Diploma,LinkedIn,2025-10-05
3485,Data Analyst,Chennai,Entry,PhD,Referral,2025-06-09
3486,Software Engineer,Pune,Mid,Master,Referral,2025-02-08
3487,Product Manager,Chennai,Entry,PhD,Naukri,2025-05-26
3488,Software Engineer,Bangalore,Mid,Bachelor,CareerSite,2024-06-12
3489,Sales Executive,Mumbai,Mid,Diploma,Referral,2025-06-04
3490,Sales Executive,Bangalore,Senior,Bachelor,Naukri,2024-03-08
3491,Product Manager,Chennai,Mid,Master,Naukri,2023-02-21
3492,Product Manager,Bangalore,Entry,PhD,Naukri,2023-01-17
3493,Sales Executive,Pune,Mid,Diploma,Naukri,2025-07-21
3494,Product Manager,Chennai,Mid,PhD,LinkedIn,2025-03-05
3495,Product Manager,Delhi,Entry,PhD,CareerSite,2025-12-07
3496,Software Engineer,Pune,Mid,Diploma,LinkedIn,2025-09-30
3497,Software Engineer,Pune,Entry,Master,Naukri,2023-03-23
3498,Software Engineer,Mumbai,Entry,Bachelor,LinkedIn,2024-11-21
3499,Sales Executive,Chennai,Entry,Bachelor,LinkedIn,2025-12-23
3500,Software Engineer,Chennai,Senior,Bachelor,CareerSite,2024-12-27
3501,Data Analyst,Chennai,Entry,Diploma,LinkedIn,2023-07-13
3502,Sales Executive,Pune,Entry,PhD,CareerSite,2025-11-02
3503,HR Specialist,Delhi,Entry,Bachelor,LinkedIn,2025-05-23
3504,HR Specialist,Chennai,Entry,PhD,Referral,2025-11-11
3505,Product Manager,Delhi,Mid,Master,Naukri,2025-07-22
3506,Software Engineer,Delhi,Mid,PhD,LinkedIn,2025-07-24
3507,Product Manager,Delhi,Entry,Bachelor,Referral,2024-03-27
3508,HR Specialist,Mumbai,Entry,PhD,CareerSite,2024-07-23
3509,Product Manager,Pune,Mid,Bachelor,Naukri,2025-12-14
3510,HR Specialist,Chennai,Mid,PhD,LinkedIn,2023-01-06
3511,Software Engineer,Bangalore,Entry,Master,LinkedIn,2024-08-16
3512,Product Manager,Bangalore,Senior,Diploma,CareerSite,2025-08-31
3513,Software Engineer,Pune,Mid,PhD,CareerSite,2023-06-25
3514,Data Analyst,Mumbai,Entry,PhD,CareerSite,2025-09-24
3515,HR Specialist,Bangalore,Senior,Diploma,LinkedIn,2025-02-14
3516,Data Analyst,Pune,Senior,Bachelor,LinkedIn,2024-11-17
3517,Software Engineer,Mumbai,Mid,Bachelor,Naukri,2025-08-13
3518,HR Specialist,Bangalore,Senior,Diploma,Naukri,2025-05-16
3519,Software Engineer,Mumbai,Senior,Diploma,LinkedIn,2024-09-30
3520,Software Engineer,Pune,Mid,Diploma,LinkedIn,2025-03-10
3521,Sales Executive,Bangalore,Mid,Bachelor,CareerSite,2023-01-18
3522,HR Specialist,Chennai,Senior,Bachelor,LinkedIn,2023-11-12
3523,Product Manager,Bangalore,Entry,PhD,LinkedIn,2024-10-19
3524,Sales Executive,Chennai,Mid,Bachelor,Referral,2023-06-01
3525,HR Specialist,Delhi,Mid,Diploma,LinkedIn,2023-07-07
3526,Software Engineer,Mumbai,Entry,PhD,LinkedIn,2024-12-25
3527,HR Specialist,Pune,Mid,Master,Naukri,2025-12-17
3528,Sales Executive,Mumbai,Entry,Bachelor,Naukri,2025-08-31
3529,Product Manager,Bangalore,Entry,PhD,Agency,2024-08-18
3530,Sales Executive,Pune,Senior,Diploma,Naukri,2025-11-08
3531,Software Engineer,Delhi,Senior,Master,Naukri,2024-10-30
3532,Software Engineer,Pune,Entry,Diploma,Referral,2024-06-28
3533,Product Manager,Pune,Entry,Master,LinkedIn,2025-09-14
3534,HR Specialist,Bangalore,Senior,Bachelor,Referral,2024-05-10
3535,HR Specialist,Pune,Senior,Diploma,Referral,2023-11-27
3536,Sales Executive,Pune,Senior,Diploma,Referral,2023-10-10
3537,Data Analyst,Pune,Entry,Bachelor,Agency,2025-03-31
3538,Software Engineer,Delhi,Entry,Master,LinkedIn,2025-11-11
3539,Data Analyst,Delhi,Mid,Master,LinkedIn,2026-01-01
3540,Data Analyst,Bangalore,Senior,PhD,LinkedIn,2023-11-19
3541,Product Manager,Chennai,Mid,Diploma,CareerSite,2025-03-29
3542,Sales Executive,Bangalore,Entry,Diploma,LinkedIn,2025-10-12
3543,Product Manager,Mumbai,Senior,Bachelor,Referral,2023-09-06
3544,Data Analyst,Pune,Senior,Master,LinkedIn,2023-06-01
3545,Data Analyst,Bangalore,Senior,Bachelor,LinkedIn,2023-09-29
3546,HR Specialist,Pune,Entry,Master,Agency,2024-06-04
3547,Software Engineer,Chennai,Senior,PhD,Referral,2024-04-29
3548,Product Manager,Chennai,Entry,PhD,Naukri,2024-03-18
3549,HR Specialist,Chennai,Mid,Bachelor,Naukri,2025-12-07
3550,Data Analyst,Mumbai,Senior,Bachelor,CareerSite,2023-12-23
3551,Software Engineer,Delhi,Senior,Master,Naukri,2025-08-18
3552,Product Manager,Chennai,Senior,Diploma,LinkedIn,2025-05-06
3553,Data Analyst,Mumbai,Mid,PhD,Naukri,2025-11-21
3554,Sales Executive,Chennai,Mid,PhD,CareerSite,2025-03-12
3555,Sales Executive,Chennai,Senior,Bachelor,Naukri,2025-01-02
3556,Sales Executive,Delhi,Senior,Master,LinkedIn,2024-09-07
3557,Software Engineer,Bangalore,Senior,PhD,LinkedIn,2025-02-07
3558,Software Engineer,Delhi,Senior,Diploma,CareerSite,2025-12-30
3559,Software Engineer,Pune,Entry,Diploma,Naukri,2024-06-25
3560,Product Manager,Bangalore,Senior,Bachelor,Naukri,2023-12-07
3561,HR Specialist,Chennai,Entry,Bachelor,Naukri,2025-03-07
3562,Product Manager,Bangalore,Entry,PhD,Referral,2024-11-06
3563,Product Manager,Pune,Entry,Bachelor,LinkedIn,2023-05-11
3564,Software Engineer,Delhi,Mid,PhD,CareerSite,2023-09-17
3565,Data Analyst,Chennai,Entry,Master,Referral,2024-06-10
3566,HR Specialist,Bangalore,Mid,Diploma,LinkedIn,2025-11-20
3567,Data Analyst,Chennai,Entry,Master,LinkedIn,2025-12-01
3568,Sales Executive,Mumbai,Senior,Bachelor,LinkedIn,2025-06-19
3569,Data Analyst,Pune,Entry,Bachelor,LinkedIn,2023-10-30
3570,Software Engineer,Delhi,Mid,Bachelor,LinkedIn,2024-10-04
3571,Software Engineer,Chennai,Senior,PhD,LinkedIn,2025-08-17
3572,Sales Executive,Chennai,Senior,Bachelor,Referral,2025-05-11
3573,Data Analyst,Pune,Entry,Master,LinkedIn,2025-04-21
3574,Software Engineer,Chennai,Senior,Diploma,Naukri,2024-02-20
3575,Sales Executive,Pune,Entry,Master,Naukri,2024-03-15
3576,Software Engineer,Pune,Entry,Diploma,Naukri,2024-03-06
3577,Sales Executive,Delhi,Senior,PhD,Naukri,2023-04-13
3578,Product Manager,Bangalore,Entry,Master,Naukri,2023-10-25
3579,Product Manager,Mumbai,Entry,Bachelor,Naukri,2025-02-19
3580,Data Analyst,Chennai,Senior,PhD,LinkedIn,2025-08-15
3581,Sales Executive,Mumbai,Senior,Diploma,LinkedIn,2025-11-11
3582,Data Analyst,Mumbai,Senior,PhD,LinkedIn,2025-10-28
3583,Sales Executive,Chennai,Senior,Master,LinkedIn,2025-07-05
3584,Data Analyst,Pune,Entry,Diploma,LinkedIn,2025-10-19
3585,Data Analyst,Mumbai,Mid,Diploma,LinkedIn,2025-02-08
3586,Data Analyst,Mumbai,Entry,Bachelor,LinkedIn,2023-04-06
3587,HR Specialist,Chennai,Senior,PhD,LinkedIn,2024-02-19
3588,Software Engineer,Chennai,Senior,Diploma,LinkedIn,2023-03-10
3589,Data Analyst,Chennai,Senior,Bachelor,Naukri,2025-05-22
3590,Software Engineer,Chennai,Senior,PhD,Agency,2023-07-03
3591,Data Analyst,Mumbai,Mid,Bachelor,LinkedIn,2023-01-05
3592,Product Manager,Delhi,Entry,PhD,LinkedIn,2023-08-22
3593,Product Manager,Chennai,Entry,Master,LinkedIn,2025-12-18
3594,Software Engineer,Bangalore,Mid,Master,Naukri,2024-10-11
3595,Product Manager,Chennai,Entry,PhD,Naukri,2024-02-17
3596,Product Manager,Mumbai,Mid,Master,LinkedIn,2023-05-21
3597,HR Specialist,Delhi,Entry,Master,Naukri,2025-12-31
3598,HR Specialist,Pune,Senior,PhD,Referral,2024-11-14
3599,Sales Executive,Pune,Entry,Diploma,LinkedIn,2025-09-06
3600,HR Specialist,Delhi,Mid,Master,LinkedIn,2025-01-01
3601,HR Specialist,Pune,Entry,PhD,LinkedIn,2023-12-10
3602,Software Engineer,Bangalore,Entry,PhD,Agency,2024-05-04
3603,Product Manager,Chennai,Senior,Master,LinkedIn,2025-12-08
3604,Sales Executive,Pune,Entry,Diploma,LinkedIn,2025-02-12
3605,Product Manager,Bangalore,Mid,Diploma,CareerSite,2025-11-29
3606,Data Analyst,Bangalore,Mid,Bachelor,LinkedIn,2023-08-21
3607,Data Analyst,Bangalore,Senior,Bachelor,CareerSite,2023-12-30
3608,Product Manager,Delhi,Senior,Bachelor,CareerSite,2025-10-03
3609,Sales Executive,Chennai,Senior,Bachelor,LinkedIn,2023-11-04
3610,HR Specialist,Bangalore,Mid,Master,Referral,2024-01-05
3611,Software Engineer,Mumbai,Entry,PhD,CareerSite,2025-01-18
3612,Sales Executive,Mumbai,Mid,PhD,Naukri,2024-09-19
3613,Sales Executive,Delhi,Mid,Diploma,Referral,2025-06-26
3614,Data Analyst,Mumbai,Senior,Master,Referral,2025-02-16
3615,Software Engineer,Mumbai,Entry,Diploma,LinkedIn,2024-01-02
3616,Data Analyst,Pune,Entry,Master,LinkedIn,2025-09-02
3617,Sales Executive,Pune,Entry,PhD,Referral,2025-03-05
3618,Software Engineer,Bangalore,Mid,Diploma,CareerSite,2024-03-10
3619,Product Manager,Bangalore,Entry,Master,LinkedIn,2025-06-03
3620,Data Analyst,Delhi,Senior,Diploma,CareerSite,2024-11-23
3621,Product Manager,Delhi,Entry,PhD,Referral,2023-02-23
3622,Sales Executive,Bangalore,Senior,Diploma,Referral,2023-04-13
3623,Product Manager,Bangalore,Mid,Master,Referral,2023-04-11
3624,Data Analyst,Pune,Entry,PhD,Referral,2025-07-03
3625,Software Engineer,Mumbai,Mid,Diploma,LinkedIn,2024-10-13
3626,Sales Executive,Bangalore,Mid,Bachelor,LinkedIn,2025-07-14
3627,Software Engineer,Pune,Senior,Bachelor,Agency,2024-01-01
3628,Product Manager,Bangalore,Senior,Bachelor,Naukri,2023-01-13
3629,Product Manager,Mumbai,Senior,PhD,LinkedIn,2025-09-08
3630,Product Manager,Bangalore,Mid,Diploma,Referral,2023-10-10
3631,Product Manager,Delhi,Entry,PhD,CareerSite,2024-11-13
3632,Data Analyst,Bangalore,Senior,Diploma,Referral,2026-01-01
3633,Software Engineer,Bangalore,Entry,Master,Naukri,2024-10-11
3634,Product Manager,Bangalore,Entry,Master,Naukri,2024-10-17
3635,Product Manager,Pune,Mid,Bachelor,CareerSite,2025-04-16
3636,Product Manager,Chennai,Entry,PhD,Referral,2023-02-17
3637,Software Engineer,Bangalore,Mid,Bachelor,Referral,2024-05-28
3638,Software Engineer,Mumbai,Entry,PhD,Naukri,2025-04-16
3639,HR Specialist,Mumbai,Senior,Bachelor,LinkedIn,2025-05-28
3640,Data Analyst,Delhi,Mid,Master,Referral,2026-01-01
3641,Product Manager,Bangalore,Senior,Bachelor,CareerSite,2023-08-09
3642,Data Analyst,Pune,Senior,Master,Referral,2024-06-11
3643,Software Engineer,Mumbai,Mid,Bachelor,Naukri,2024-08-17
3644,Data Analyst,Bangalore,Mid,Master,Agency,2025-12-04
3645,Data Analyst,Mumbai,Senior,PhD,LinkedIn,2025-10-31
3646,Sales Executive,Bangalore,Mid,PhD,LinkedIn,2024-05-18
3647,Data Analyst,Pune,Senior,Master,Naukri,2024-04-06
3648,Product Manager,Pune,Senior,Master,Naukri,2024-09-19
3649,Sales Executive,Chennai,Mid,PhD,LinkedIn,2024-02-24
3650,Data Analyst,Pune,Mid,Master,LinkedIn,2025-01-08
3651,Software Engineer,Mumbai,Entry,PhD,Referral,2024-08-18
3652,Data Analyst,Chennai,Mid,Bachelor,LinkedIn,2025-11-23
3653,HR Specialist,Chennai,Entry,Diploma,LinkedIn,2024-02-17
3654,Product Manager,Pune,Senior,Master,Naukri,2023-09-23
3655,Sales Executive,Bangalore,Mid,Master,LinkedIn,2025-07-01
3656,Product Manager,Bangalore,Senior,Master,Agency,2023-04-07
3657,Data Analyst,Pune,Mid,PhD,Naukri,2023-02-11
3658,HR Specialist,Pune,Mid,Master,Agency,2024-10-03
3659,Sales Executive,Chennai,Mid,PhD,LinkedIn,2024-07-06
3660,HR Specialist,Chennai,Entry,Master,Agency,2025-07-02
3661,Sales Executive,Delhi,Senior,Master,Agency,2023-08-02
3662,Data Analyst,Delhi,Mid,Bachelor,Referral,2023-09-03
3663,Data Analyst,Pune,Mid,PhD,LinkedIn,2023-09-12
3664,Data Analyst,Bangalore,Mid,Master,Naukri,2023-06-11
3665,Software Engineer,Bangalore,Senior,PhD,LinkedIn,2023-02-08
3666,Sales Executive,Delhi,Senior,Diploma,LinkedIn,2025-09-01
3667,HR Specialist,Chennai,Mid,PhD,Referral,2023-12-02
3668,Sales Executive,Pune,Senior,PhD,LinkedIn,2023-11-01
3669,Sales Executive,Mumbai,Mid,Master,Referral,2024-02-05
3670,Data Analyst,Delhi,Mid,PhD,Referral,2023-11-11
3671,HR Specialist,Delhi,Senior,PhD,LinkedIn,2023-12-01
3672,Product Manager,Bangalore,Senior,Diploma,LinkedIn,2023-12-21
3673,Product Manager,Mumbai,Senior,Master,LinkedIn,2024-09-14
3674,HR Specialist,Mumbai,Mid,PhD,Naukri,2025-01-30
3675,Software Engineer,Chennai,Senior,Bachelor,Naukri,2023-04-25
3676,Software Engineer,Bangalore,Senior,Master,Naukri,2024-06-26
3677,Software Engineer,Bangalore,Mid,Diploma,CareerSite,2024-03-22
3678,Data Analyst,Chennai,Entry,Bachelor,LinkedIn,2025-07-12
3679,HR Specialist,Delhi,Entry,Diploma,CareerSite,2024-09-02
3680,Product Manager,Chennai,Senior,PhD,Referral,2025-05-16
3681,HR Specialist,Mumbai,Senior,Master,Referral,2026-01-01
3682,Sales Executive,Chennai,Entry,Master,Agency,2025-01-03
3683,Data Analyst,Chennai,Senior,Bachelor,Referral,2025-09-25
3684,Sales Executive,Chennai,Entry,Diploma,LinkedIn,2024-03-07
3685,Product Manager,Chennai,Mid,Diploma,LinkedIn,2025-05-06
3686,Product Manager,Mumbai,Senior,Diploma,Naukri,2025-04-21
3687,Sales Executive,Delhi,Senior,Master,Referral,2025-10-14
3688,Sales Executive,Bangalore,Senior,PhD,Referral,2025-02-23
3689,Product Manager,Chennai,Senior,PhD,LinkedIn,2025-07-27
3690,Sales Executive,Bangalore,Mid,Bachelor,Agency,2023-02-05
3691,Software Engineer,Delhi,Mid,PhD,Naukri,2025-05-22
3692,Data Analyst,Bangalore,Entry,PhD,LinkedIn,2025-11-07
3693,Data Analyst,Pune,Senior,PhD,Naukri,2025-07-03
3694,Software Engineer,Delhi,Mid,Diploma,Naukri,2024-10-17
3695,HR Specialist,Mumbai,Senior,Diploma,CareerSite,2025-01-17
3696,Software Engineer,Delhi,Entry,PhD,LinkedIn,2025-06-02
3697,Product Manager,Pune,Mid,PhD,LinkedIn,2025-03-05
3698,Sales Executive,Mumbai,Entry,PhD,LinkedIn,2024-09-16
3699,HR Specialist,Chennai,Mid,Diploma,LinkedIn,2025-04-19
3700,Product Manager,Bangalore,Entry,PhD,Referral,2023-03-25
3701,Product Manager,Delhi,Senior,PhD,CareerSite,2024-05-13
3702,Sales Executive,Delhi,Senior,PhD,LinkedIn,2025-08-30
3703,Product Manager,Chennai,Mid,PhD,CareerSite,2025-06-01
3704,Software Engineer,Pune,Senior,Bachelor,Naukri,2023-02-11
3705,Sales Executive,Delhi,Mid,Diploma,CareerSite,2025-12-16
3706,Product Manager,Mumbai,Mid,Master,Naukri,2025-07-10
3707,Software Engineer,Chennai,Mid,Bachelor,Referral,2024-11-17
3708,Product Manager,Pune,Entry,Bachelor,Naukri,2025-09-04
3709,Data Analyst,Chennai,Mid,Bachelor,Referral,2025-07-16
3710,Software Engineer,Chennai,Mid,Bachelor,LinkedIn,2024-09-11
3711,Software Engineer,Chennai,Entry,Diploma,LinkedIn,2025-02-08
3712,Sales Executive,Pune,Entry,Master,CareerSite,2025-07-11
3713,Sales Executive,Pune,Entry,Bachelor,LinkedIn,2025-05-12
3714,Sales Executive,Bangalore,Mid,PhD,Naukri,2025-07-30
3715,Sales Executive,Mumbai,Entry,Master,Referral,2025-08-05
3716,Product Manager,Bangalore,Entry,Diploma,Naukri,2025-05-01
3717,Sales Executive,Mumbai,Entry,Bachelor,LinkedIn,2025-02-15
3718,Sales Executive,Mumbai,Entry,PhD,LinkedIn,2025-05-21
3719,Data Analyst,Pune,Mid,Master,LinkedIn,2025-02-18
3720,Product Manager,Chennai,Mid,Master,Referral,2025-12-14
3721,Product Manager,Pune,Senior,Master,LinkedIn,2024-12-08
3722,Product Manager,Pune,Senior,PhD,LinkedIn,2023-09-08
3723,Product Manager,Delhi,Senior,PhD,Naukri,2025-09-23
3724,Sales Executive,Pune,Senior,Master,LinkedIn,2025-11-08
3725,Data Analyst,Pune,Senior,PhD,Naukri,2024-07-19
3726,HR Specialist,Chennai,Entry,Master,CareerSite,2025-01-02
3727,HR Specialist,Pune,Mid,PhD,LinkedIn,2024-10-06
3728,HR Specialist,Chennai,Entry,Bachelor,CareerSite,2024-02-21
3729,Sales Executive,Bangalore,Senior,Diploma,LinkedIn,2025-08-16
3730,HR Specialist,Mumbai,Entry,Master,Naukri,2025-09-06
3731,Product Manager,Pune,Mid,Master,LinkedIn,2024-09-18
3732,Sales Executive,Pune,Entry,Master,Referral,2024-01-02
3733,Sales Executive,Delhi,Mid,Bachelor,Referral,2024-08-12
3734,Sales Executive,Delhi,Entry,Bachelor,Referral,2025-10-08
3735,Sales Executive,Pune,Mid,Diploma,LinkedIn,2024-11-18
3736,Data Analyst,Bangalore,Senior,Diploma,Referral,2025-05-25
3737,HR Specialist,Bangalore,Entry,Diploma,Naukri,2024-01-22
3738,Data Analyst,Delhi,Entry,Bachelor,LinkedIn,2023-12-17
3739,Product Manager,Mumbai,Mid,Master,Naukri,2025-04-11
3740,Data Analyst,Bangalore,Senior,PhD,Naukri,2025-07-02
3741,Data Analyst,Bangalore,Senior,Master,Referral,2025-03-04
3742,Sales Executive,Bangalore,Entry,Diploma,LinkedIn,2025-12-29
3743,Data Analyst,Mumbai,Entry,Master,LinkedIn,2024-01-27
3744,HR Specialist,Chennai,Entry,Diploma,Naukri,2024-12-02
3745,Software Engineer,Delhi,Entry,PhD,Referral,2023-07-14
3746,Data Analyst,Delhi,Entry,Master,LinkedIn,2025-12-01
3747,Software Engineer,Bangalore,Mid,Master,Naukri,2025-10-02
3748,Sales Executive,Delhi,Entry,Master,Referral,2025-05-16
3749,Sales Executive,Pune,Mid,Diploma,LinkedIn,2023-12-08
3750,HR Specialist,Delhi,Senior,Master,LinkedIn,2023-09-09
3751,Sales Executive,Pune,Mid,Master,Referral,2025-02-06
3752,Sales Executive,Bangalore,Mid,Bachelor,LinkedIn,2024-02-27
3753,Data Analyst,Chennai,Senior,Master,LinkedIn,2024-04-11
3754,HR Specialist,Delhi,Entry,Bachelor,Referral,2024-07-27
3755,Data Analyst,Mumbai,Senior,Bachelor,LinkedIn,2024-08-31
3756,Sales Executive,Bangalore,Senior,Diploma,CareerSite,2023-07-30
3757,HR Specialist,Delhi,Senior,PhD,Naukri,2023-08-19
3758,Product Manager,Mumbai,Senior,PhD,Referral,2023-04-19
3759,Software Engineer,Pune,Mid,Master,LinkedIn,2024-09-16
3760,Sales Executive,Mumbai,Senior,PhD,Agency,2023-11-05
3761,Product Manager,Chennai,Mid,PhD,LinkedIn,2023-05-28
3762,Software Engineer,Chennai,Entry,Diploma,Naukri,2025-05-22
3763,Product Manager,Mumbai,Senior,Bachelor,Naukri,2024-12-31
3764,Software Engineer,Delhi,Senior,PhD,Referral,2024-10-21
3765,Sales Executive,Delhi,Mid,PhD,Referral,2024-06-28
3766,Product Manager,Bangalore,Senior,Diploma,Referral,2025-05-26
3767,HR Specialist,Chennai,Mid,Bachelor,Naukri,2024-06-25
3768,HR Specialist,Mumbai,Mid,Bachelor,Naukri,2023-11-19
3769,Software Engineer,Pune,Mid,Bachelor,Naukri,2025-05-30
3770,Software Engineer,Chennai,Entry,Master,Referral,2025-08-21
3771,Data Analyst,Pune,Mid,Master,LinkedIn,2024-11-18
3772,Data Analyst,Mumbai,Senior,Bachelor,Referral,2025-08-10
3773,Product Manager,Delhi,Entry,Diploma,Referral,2023-03-16
3774,Sales Executive,Chennai,Mid,PhD,LinkedIn,2023-02-01
3775,Sales Executive,Bangalore,Entry,PhD,CareerSite,2025-02-20
3776,HR Specialist,Pune,Entry,PhD,LinkedIn,2024-06-03
3777,Sales Executive,Delhi,Senior,Master,LinkedIn,2024-10-18
3778,Software Engineer,Chennai,Mid,PhD,Naukri,2024-04-12
3779,Data Analyst,Pune,Mid,PhD,LinkedIn,2025-09-12
3780,Sales Executive,Mumbai,Mid,Diploma,Agency,2025-09-19
3781,HR Specialist,Bangalore,Senior,PhD,LinkedIn,2024-07-06
3782,HR Specialist,Pune,Senior,PhD,Naukri,2023-04-12
3783,Data Analyst,Chennai,Senior,Master,LinkedIn,2025-12-19
3784,Product Manager,Bangalore,Entry,Diploma,Naukri,2023-08-13
3785,Sales Executive,Pune,Mid,PhD,Naukri,2023-08-26
3786,Product Manager,Mumbai,Senior,Diploma,LinkedIn,2025-06-14
3787,Sales Executive,Bangalore,Senior,Master,LinkedIn,2023-02-04
3788,Sales Executive,Mumbai,Senior,Diploma,Referral,2023-08-18
3789,Sales Executive,Delhi,Mid,Bachelor,LinkedIn,2024-09-20
3790,Software Engineer,Mumbai,Entry,Diploma,LinkedIn,2025-04-08
3791,Product Manager,Pune,Senior,Bachelor,LinkedIn,2025-07-29
3792,Data Analyst,Bangalore,Mid,Master,Agency,2023-03-27
3793,Software Engineer,Pune,Senior,PhD,LinkedIn,2023-01-31
3794,Product Manager,Bangalore,Mid,Bachelor,Agency,2023-08-13
3795,HR Specialist,Pune,Entry,Diploma,Agency,2025-04-11
3796,HR Specialist,Chennai,Senior,Diploma,LinkedIn,2025-03-22
3797,HR Specialist,Pune,Entry,Diploma,Naukri,2025-05-14
3798,Software Engineer,Delhi,Entry,Diploma,LinkedIn,2024-03-29
3799,Product Manager,Chennai,Senior,Bachelor,Referral,2025-10-17
3800,Product Manager,Mumbai,Mid,Diploma,Agency,2024-07-30
3801,Software Engineer,Bangalore,Senior,Bachelor,Naukri,2024-11-03
3802,Product Manager,Delhi,Entry,Bachelor,LinkedIn,2023-12-05
3803,Sales Executive,Chennai,Senior,Diploma,Agency,2025-11-13
3804,Data Analyst,Bangalore,Senior,PhD,LinkedIn,2023-10-28
3805,Data Analyst,Chennai,Senior,Bachelor,LinkedIn,2025-06-10
3806,Data Analyst,Mumbai,Entry,Bachelor,Naukri,2024-10-19
3807,Sales Executive,Bangalore,Entry,Master,Naukri,2024-11-08
3808,HR Specialist,Chennai,Senior,Diploma,Naukri,2026-01-01
3809,Sales Executive,Chennai,Entry,Bachelor,LinkedIn,2025-08-24
3810,HR Specialist,Chennai,Senior,Master,Referral,2024-07-08
3811,Product Manager,Bangalore,Senior,PhD,Referral,2025-09-03
3812,Software Engineer,Delhi,Mid,PhD,Referral,2025-09-30
3813,Sales Executive,Bangalore,Entry,PhD,LinkedIn,2024-10-07
3814,Sales Executive,Bangalore,Mid,Bachelor,Naukri,2025-08-26
3815,Sales Executive,Chennai,Entry,Diploma,CareerSite,2025-01-12
3816,Product Manager,Delhi,Mid,PhD,LinkedIn,2025-01-16
3817,Product Manager,Chennai,Mid,PhD,Referral,2025-09-09
3818,Data Analyst,Pune,Senior,Bachelor,LinkedIn,2023-07-01
3819,Product Manager,Chennai,Mid,PhD,LinkedIn,2025-07-25
3820,Sales Executive,Mumbai,Entry,Bachelor,LinkedIn,2025-02-11
3821,HR Specialist,Chennai,Mid,Master,LinkedIn,2025-12-17
3822,Data Analyst,Chennai,Entry,Bachelor,CareerSite,2025-06-09
3823,Software Engineer,Chennai,Senior,PhD,Naukri,2025-01-10
3824,HR Specialist,Mumbai,Senior,Diploma,LinkedIn,2025-12-29
3825,Software Engineer,Pune,Senior,Diploma,Referral,2024-04-17
3826,Product Manager,Pune,Entry,Bachelor,Agency,2023-12-13
3827,Software Engineer,Delhi,Entry,Bachelor,Naukri,2025-12-07
3828,HR Specialist,Delhi,Entry,Master,LinkedIn,2025-07-09
3829,Software Engineer,Chennai,Entry,Master,Referral,2025-07-26
3830,Product Manager,Mumbai,Senior,Bachelor,Referral,2025-04-13
3831,Data Analyst,Bangalore,Entry,Diploma,Agency,2024-12-11
3832,Product Manager,Delhi,Mid,Bachelor,Referral,2025-05-25
3833,Product Manager,Pune,Mid,Bachelor,Referral,2024-08-26
3834,HR Specialist,Mumbai,Senior,Diploma,Naukri,2025-11-12
3835,HR Specialist,Delhi,Senior,PhD,Naukri,2026-01-01
3836,Software Engineer,Pune,Senior,PhD,LinkedIn,2025-03-20
3837,Product Manager,Chennai,Entry,Bachelor,Referral,2024-12-18
3838,Product Manager,Bangalore,Entry,Master,CareerSite,2023-11-13
3839,Software Engineer,Pune,Senior,Master,Naukri,2025-03-22
3840,HR Specialist,Pune,Entry,Diploma,Referral,2025-07-13
3841,Sales Executive,Chennai,Entry,PhD,LinkedIn,2024-04-04
3842,Product Manager,Pune,Senior,Diploma,CareerSite,2025-08-23
3843,Software Engineer,Pune,Mid,PhD,Naukri,2024-08-23
3844,Software Engineer,Chennai,Mid,Master,LinkedIn,2025-01-17
3845,Sales Executive,Mumbai,Entry,Bachelor,Referral,2025-02-26
3846,HR Specialist,Pune,Entry,PhD,Naukri,2025-09-03
3847,Sales Executive,Mumbai,Senior,Diploma,Naukri,2026-01-01
3848,Data Analyst,Chennai,Senior,Diploma,Referral,2024-06-22
3849,Data Analyst,Mumbai,Senior,PhD,LinkedIn,2025-08-28
3850,Software Engineer,Pune,Entry,PhD,Naukri,2025-09-14
3851,Product Manager,Bangalore,Entry,Master,LinkedIn,2025-04-25
3852,Software Engineer,Mumbai,Senior,Master,LinkedIn,2024-09-23
3853,Sales Executive,Pune,Entry,PhD,Naukri,2024-08-15
3854,Software Engineer,Chennai,Senior,Diploma,CareerSite,2023-06-01
3855,HR Specialist,Bangalore,Entry,Master,Referral,2025-11-25
3856,HR Specialist,Delhi,Senior,Diploma,Referral,2023-06-26
3857,Sales Executive,Delhi,Entry,Bachelor,LinkedIn,2024-10-21
3858,Software Engineer,Chennai,Senior,Diploma,LinkedIn,2024-01-24
3859,Software Engineer,Chennai,Entry,PhD,Naukri,2025-01-27
3860,Product Manager,Delhi,Mid,Bachelor,LinkedIn,2024-10-15
3861,Data Analyst,Mumbai,Mid,Master,LinkedIn,2024-05-25
3862,Sales Executive,Pune,Entry,PhD,Naukri,2025-04-03
3863,Data Analyst,Mumbai,Senior,Master,Agency,2025-10-25
3864,HR Specialist,Bangalore,Entry,PhD,Agency,2023-11-16
3865,HR Specialist,Pune,Entry,Master,Agency,2025-10-19
3866,Data Analyst,Chennai,Entry,PhD,LinkedIn,2024-09-19
3867,Product Manager,Chennai,Entry,Diploma,Referral,2024-04-21
3868,Product Manager,Bangalore,Senior,PhD,Agency,2025-03-18
3869,Data Analyst,Pune,Senior,Master,Naukri,2025-03-06
3870,HR Specialist,Mumbai,Entry,PhD,Naukri,2023-10-30
3871,Sales Executive,Chennai,Senior,Master,LinkedIn,2024-01-05
3872,HR Specialist,Mumbai,Entry,PhD,Agency,2023-12-07
3873,Data Analyst,Bangalore,Entry,Diploma,LinkedIn,2025-11-10
3874,Software Engineer,Pune,Entry,PhD,Naukri,2024-04-30
3875,Data Analyst,Delhi,Entry,PhD,Naukri,2025-04-09
3876,HR Specialist,Delhi,Entry,Diploma,Naukri,2023-10-23
3877,Product Manager,Delhi,Senior,Bachelor,Naukri,2025-07-03
3878,Sales Executive,Chennai,Entry,Master,Naukri,2025-10-07
3879,Data Analyst,Chennai,Senior,PhD,Naukri,2023-02-15
3880,HR Specialist,Chennai,Senior,Diploma,Naukri,2025-11-23
3881,Data Analyst,Mumbai,Mid,Diploma,Naukri,2025-12-15
3882,Software Engineer,Bangalore,Mid,PhD,LinkedIn,2025-07-25
3883,Software Engineer,Delhi,Senior,Bachelor,LinkedIn,2024-05-28
3884,Sales Executive,Delhi,Entry,Diploma,LinkedIn,2024-03-14
3885,Data Analyst,Pune,Entry,Bachelor,Naukri,2023-06-08
3886,Data Analyst,Pune,Entry,Master,LinkedIn,2025-07-17
3887,Software Engineer,Chennai,Mid,Bachelor,Naukri,2025-12-04
3888,HR Specialist,Chennai,Mid,Master,LinkedIn,2024-07-29
3889,Product Manager,Bangalore,Mid,PhD,LinkedIn,2023-11-04
3890,Sales Executive,Chennai,Mid,Diploma,Naukri,2025-12-04
3891,Sales Executive,Bangalore,Senior,Master,LinkedIn,2025-06-24
3892,Data Analyst,Chennai,Entry,PhD,Referral,2025-08-21
3893,Product Manager,Bangalore,Mid,Bachelor,LinkedIn,2024-07-17
3894,Product Manager,Chennai,Entry,PhD,LinkedIn,2025-11-28
3895,HR Specialist,Pune,Entry,PhD,LinkedIn,2023-02-27
3896,Product Manager,Delhi,Senior,PhD,LinkedIn,2024-11-26
3897,Data Analyst,Delhi,Entry,Master,Naukri,2025-06-16
3898,HR Specialist,Pune,Entry,Bachelor,Agency,2025-02-12
3899,Sales Executive,Mumbai,Mid,PhD,Naukri,2023-02-15
3900,Product Manager,Bangalore,Senior,Diploma,Naukri,2024-12-02
3901,Product Manager,Pune,Entry,Bachelor,Naukri,2023-12-03
3902,HR Specialist,Delhi,Mid,Bachelor,Referral,2023-01-11
3903,Sales Executive,Delhi,Senior,Bachelor,LinkedIn,2024-04-25
3904,Data Analyst,Chennai,Entry,PhD,Referral,2025-06-04
3905,Data Analyst,Mumbai,Entry,Diploma,LinkedIn,2025-08-02
3906,Product Manager,Bangalore,Senior,PhD,CareerSite,2025-02-24
3907,Data Analyst,Bangalore,Entry,Bachelor,LinkedIn,2023-03-02
3908,Product Manager,Pune,Mid,Master,Naukri,2024-01-19
3909,Data Analyst,Chennai,Entry,PhD,CareerSite,2024-08-15
3910,HR Specialist,Mumbai,Mid,PhD,LinkedIn,2023-06-25
3911,Product Manager,Pune,Senior,Master,LinkedIn,2024-02-19
3912,HR Specialist,Mumbai,Senior,Bachelor,Naukri,2023-02-08
3913,Data Analyst,Delhi,Entry,Master,Referral,2025-02-27
3914,Product Manager,Chennai,Senior,PhD,CareerSite,2024-08-31
3915,Software Engineer,Bangalore,Mid,PhD,CareerSite,2025-06-03
3916,Sales Executive,Chennai,Senior,Bachelor,LinkedIn,2025-05-31
3917,Product Manager,Bangalore,Entry,Master,CareerSite,2024-11-10
3918,Sales Executive,Pune,Senior,Diploma,Referral,2025-11-14
3919,Product Manager,Pune,Senior,Diploma,Referral,2025-02-20
3920,Software Engineer,Pune,Mid,PhD,LinkedIn,2024-01-01
3921,Product Manager,Delhi,Senior,Bachelor,Naukri,2025-06-07
3922,Product Manager,Mumbai,Senior,Bachelor,LinkedIn,2024-04-30
3923,Product Manager,Bangalore,Entry,Bachelor,Naukri,2025-04-21
3924,Sales Executive,Chennai,Entry,Bachelor,Referral,2024-07-31
3925,Product Manager,Delhi,Entry,Diploma,LinkedIn,2024-07-04
3926,Product Manager,Bangalore,Entry,Master,Referral,2025-01-04
3927,Sales Executive,Pune,Senior,PhD,Naukri,2025-08-08
3928,Software Engineer,Delhi,Mid,Diploma,LinkedIn,2023-10-14
3929,Sales Executive,Delhi,Mid,PhD,Agency,2024-07-16
3930,Product Manager,Mumbai,Entry,Diploma,Referral,2025-03-09
3931,Data Analyst,Mumbai,Entry,Master,CareerSite,2024-04-07
3932,Software Engineer,Mumbai,Senior,Master,LinkedIn,2024-06-16
3933,HR Specialist,Mumbai,Entry,Master,Referral,2025-04-03
3934,Sales Executive,Mumbai,Mid,Master,Naukri,2025-03-19
3935,Software Engineer,Pune,Mid,Master,LinkedIn,2024-08-21
3936,Data Analyst,Mumbai,Mid,Master,Referral,2025-02-14
3937,Software Engineer,Chennai,Senior,PhD,Referral,2025-03-19
3938,Software Engineer,Pune,Entry,PhD,Naukri,2025-10-29
3939,HR Specialist,Delhi,Mid,PhD,LinkedIn,2023-06-09
3940,Sales Executive,Delhi,Mid,Master,LinkedIn,2025-11-11
3941,Product Manager,Chennai,Senior,Master,Referral,2023-08-05
3942,Software Engineer,Bangalore,Senior,Bachelor,CareerSite,2024-02-02
3943,Software Engineer,Pune,Senior,PhD,Naukri,2024-06-16
3944,Data Analyst,Pune,Senior,PhD,LinkedIn,2024-10-31
3945,Sales Executive,Mumbai,Entry,Bachelor,Referral,2023-02-20
3946,Software Engineer,Delhi,Entry,Master,Referral,2025-11-13
3947,Data Analyst,Mumbai,Entry,PhD,CareerSite,2024-08-18
3948,Sales Executive,Chennai,Mid,PhD,LinkedIn,2024-02-20
3949,Product Manager,Chennai,Mid,Diploma,Referral,2025-10-31
3950,Product Manager,Pune,Senior,Bachelor,Naukri,2024-10-09
3951,Data Analyst,Bangalore,Senior,PhD,CareerSite,2025-03-29
3952,Sales Executive,Mumbai,Senior,Master,Agency,2025-10-25
3953,Data Analyst,Mumbai,Entry,Bachelor,Referral,2024-06-21
3954,Software Engineer,Chennai,Senior,Diploma,Referral,2023-02-18
3955,Sales Executive,Mumbai,Entry,PhD,Naukri,2023-11-26
3956,Sales Executive,Pune,Senior,Diploma,Referral,2025-08-30
3957,HR Specialist,Pune,Mid,PhD,LinkedIn,2023-09-02
3958,Data Analyst,Bangalore,Mid,Bachelor,LinkedIn,2025-01-12
3959,Sales Executive,Pune,Senior,Diploma,LinkedIn,2023-10-30
3960,Sales Executive,Mumbai,Senior,Master,LinkedIn,2025-07-07
3961,Sales Executive,Pune,Entry,PhD,LinkedIn,2023-08-26
3962,Software Engineer,Mumbai,Senior,Diploma,Referral,2024-10-26
3963,Software Engineer,Mumbai,Entry,Diploma,LinkedIn,2025-09-13
3964,Sales Executive,Pune,Entry,Master,Naukri,2024-05-31
3965,Software Engineer,Delhi,Entry,Diploma,Referral,2024-10-28
3966,Product Manager,Delhi,Mid,PhD,CareerSite,2025-02-22
3967,Product Manager,Pune,Mid,Master,Agency,2025-06-18
3968,HR Specialist,Mumbai,Entry,PhD,LinkedIn,2024-12-11
3969,HR Specialist,Bangalore,Entry,PhD,LinkedIn,2023-04-25
3970,HR Specialist,Chennai,Senior,PhD,Naukri,2023-11-02
3971,HR Specialist,Pune,Mid,Bachelor,Agency,2025-05-01
3972,Data Analyst,Bangalore,Entry,Diploma,Naukri,2024-08-30
3973,Software Engineer,Chennai,Entry,Master,LinkedIn,2023-10-18
3974,Product Manager,Pune,Mid,Diploma,LinkedIn,2024-03-14
3975,Data Analyst,Chennai,Senior,Master,LinkedIn,2024-05-13
3976,Data Analyst,Chennai,Entry,Bachelor,CareerSite,2025-10-31
3977,Product Manager,Bangalore,Mid,Master,Referral,2025-03-25
3978,Software Engineer,Delhi,Senior,Bachelor,Referral,2025-10-23
3979,Product Manager,Mumbai,Entry,Master,Naukri,2025-07-31
3980,Product Manager,Pune,Entry,Master,Agency,2025-07-13
3981,Data Analyst,Mumbai,Senior,Master,Referral,2024-08-20
3982,Data Analyst,Bangalore,Mid,PhD,CareerSite,2024-03-14
3983,HR Specialist,Mumbai,Entry,Diploma,Naukri,2025-08-09
3984,Data Analyst,Bangalore,Entry,PhD,Naukri,2025-06-30
3985,Software Engineer,Chennai,Mid,Master,Referral,2023-05-11
3986,Software Engineer,Chennai,Mid,PhD,Referral,2023-04-25
3987,Software Engineer,Chennai,Entry,Bachelor,LinkedIn,2025-02-13
3988,Product Manager,Delhi,Senior,Diploma,LinkedIn,2024-09-14
3989,Data Analyst,Mumbai,Entry,PhD,LinkedIn,2025-06-10
3990,Software Engineer,Mumbai,Entry,Master,LinkedIn,2023-06-19
3991,Data Analyst,Mumbai,Mid,Bachelor,LinkedIn,2024-08-15
3992,Product Manager,Mumbai,Senior,Bachelor,Referral,2023-07-21
3993,HR Specialist,Bangalore,Entry,PhD,Referral,2023-08-17
3994,Product Manager,Chennai,Entry,PhD,Naukri,2025-12-12
3995,Product Manager,Mumbai,Entry,PhD,Naukri,2025-06-22
3996,Data Analyst,Mumbai,Entry,Diploma,LinkedIn,2024-04-19
3997,HR Specialist,Pune,Entry,Diploma,Referral,2024-08-12
3998,Software Engineer,Bangalore,Entry,Diploma,LinkedIn,2024-05-27
3999,Software Engineer,Mumbai,Senior,PhD,Naukri,2025-03-05
4000,Sales Executive,Chennai,Entry,Master,LinkedIn,2024-10-31
4001,Data Analyst,Delhi,Mid,Diploma,CareerSite,2023-03-12
4002,Product Manager,Pune,Mid,Master,Naukri,2025-04-18
4003,Product Manager,Pune,Mid,Bachelor,LinkedIn,2025-11-15
4004,Product Manager,Delhi,Mid,Bachelor,CareerSite,2023-08-12
4005,HR Specialist,Pune,Mid,Bachelor,Naukri,2025-08-27
4006,HR Specialist,Pune,Senior,Diploma,LinkedIn,2025-09-29
4007,Data Analyst,Delhi,Senior,Diploma,Referral,2024-10-31
4008,Data Analyst,Pune,Senior,PhD,LinkedIn,2024-11-28
4009,Product Manager,Delhi,Mid,Diploma,LinkedIn,2025-04-02
4010,Software Engineer,Pune,Mid,Bachelor,LinkedIn,2024-01-23
4011,Sales Executive,Mumbai,Senior,Master,Referral,2025-03-10
4012,Data Analyst,Chennai,Entry,Diploma,Naukri,2024-08-30
4013,Product Manager,Bangalore,Mid,Master,Naukri,2025-05-11
4014,Data Analyst,Pune,Entry,PhD,LinkedIn,2025-07-13
4015,HR Specialist,Pune,Entry,PhD,Naukri,2025-01-26
4016,Data Analyst,Bangalore,Entry,PhD,LinkedIn,2024-06-20
4017,Sales Executive,Chennai,Mid,Bachelor,Referral,2025-12-31
4018,Software Engineer,Chennai,Senior,Bachelor,Naukri,2023-04-30
4019,Sales Executive,Mumbai,Entry,PhD,LinkedIn,2025-05-18
4020,HR Specialist,Mumbai,Mid,PhD,LinkedIn,2023-04-12
4021,Software Engineer,Bangalore,Senior,Diploma,LinkedIn,2023-04-11
4022,Software Engineer,Bangalore,Mid,Bachelor,LinkedIn,2023-08-21
4023,Software Engineer,Chennai,Senior,Master,LinkedIn,2024-08-20
4024,Software Engineer,Bangalore,Senior,Bachelor,Naukri,2025-05-31
4025,Software Engineer,Chennai,Mid,Bachelor,LinkedIn,2024-06-20
4026,HR Specialist,Bangalore,Senior,Bachelor,LinkedIn,2025-11-23
4027,Data Analyst,Bangalore,Senior,Bachelor,LinkedIn,2025-01-06
4028,HR Specialist,Bangalore,Entry,Bachelor,Naukri,2025-09-29
4029,Data Analyst,Chennai,Entry,Master,Referral,2025-07-02
4030,Software Engineer,Mumbai,Entry,Bachelor,LinkedIn,2025-12-15
4031,Sales Executive,Pune,Senior,Diploma,LinkedIn,2024-06-07
4032,Product Manager,Chennai,Senior,PhD,LinkedIn,2025-05-28
4033,Software Engineer,Bangalore,Mid,Bachelor,Naukri,2025-09-22
4034,Sales Executive,Chennai,Entry,Diploma,Agency,2025-08-07
4035,Software Engineer,Mumbai,Entry,Bachelor,Referral,2024-05-31
4036,Sales Executive,Mumbai,Entry,Bachelor,Referral,2025-07-25
4037,Data Analyst,Delhi,Senior,PhD,Naukri,2024-10-26
4038,Software Engineer,Chennai,Senior,Diploma,LinkedIn,2025-08-24
4039,Sales Executive,Pune,Entry,Master,LinkedIn,2025-12-13
4040,Software Engineer,Mumbai,Senior,Master,LinkedIn,2024-09-21
4041,Sales Executive,Delhi,Senior,Bachelor,LinkedIn,2023-05-02
4042,Data Analyst,Chennai,Entry,PhD,Agency,2025-01-14
4043,Software Engineer,Bangalore,Entry,Master,LinkedIn,2025-05-13
4044,HR Specialist,Mumbai,Entry,Diploma,LinkedIn,2025-05-26
4045,Software Engineer,Delhi,Entry,Master,Agency,2023-02-01
4046,Sales Executive,Chennai,Mid,Bachelor,Naukri,2025-11-08
4047,Software Engineer,Bangalore,Mid,Master,Naukri,2023-11-23
4048,HR Specialist,Pune,Entry,Diploma,LinkedIn,2024-09-22
4049,Software Engineer,Chennai,Entry,Diploma,LinkedIn,2024-04-02
4050,Sales Executive,Mumbai,Mid,Bachelor,LinkedIn,2025-09-14
4051,Product Manager,Chennai,Mid,Bachelor,Referral,2023-03-11
4052,HR Specialist,Delhi,Entry,PhD,LinkedIn,2025-11-07
4053,Product Manager,Mumbai,Entry,Diploma,Referral,2023-04-29
4054,Data Analyst,Delhi,Senior,Bachelor,LinkedIn,2023-07-01
4055,Software Engineer,Delhi,Senior,PhD,Referral,2025-11-04
4056,HR Specialist,Delhi,Senior,Diploma,Naukri,2025-08-26
4057,Data Analyst,Delhi,Entry,Master,LinkedIn,2024-11-10
4058,Product Manager,Delhi,Mid,Bachelor,CareerSite,2025-08-16
4059,HR Specialist,Pune,Entry,PhD,Referral,2024-12-30
4060,Data Analyst,Chennai,Entry,PhD,LinkedIn,2025-08-20
4061,Product Manager,Bangalore,Entry,PhD,Referral,2023-09-25
4062,Software Engineer,Mumbai,Entry,Diploma,CareerSite,2025-06-12
4063,HR Specialist,Mumbai,Mid,Master,LinkedIn,2025-10-21
4064,Product Manager,Bangalore,Entry,PhD,LinkedIn,2024-02-09
4065,Software Engineer,Chennai,Entry,PhD,Naukri,2025-12-28
4066,Data Analyst,Delhi,Entry,PhD,Naukri,2025-08-16
4067,Software Engineer,Pune,Entry,Master,Referral,2023-06-02
4068,Data Analyst,Bangalore,Mid,Diploma,Referral,2025-11-29
4069,HR Specialist,Pune,Senior,PhD,LinkedIn,2025-10-21
4070,Data Analyst,Mumbai,Mid,PhD,LinkedIn,2023-09-24
4071,Data Analyst,Pune,Mid,Diploma,CareerSite,2023-12-01
4072,Sales Executive,Mumbai,Senior,Bachelor,Naukri,2023-05-27
4073,Data Analyst,Delhi,Senior,Diploma,Naukri,2025-09-11
4074,Sales Executive,Delhi,Senior,Bachelor,Agency,2025-02-19
4075,Product Manager,Bangalore,Entry,Diploma,LinkedIn,2024-08-23
4076,Software Engineer,Pune,Entry,Bachelor,Agency,2025-08-23
4077,Product Manager,Delhi,Entry,Diploma,Naukri,2023-12-29
4078,Data Analyst,Delhi,Mid,Diploma,Naukri,2025-09-01
4079,Data Analyst,Pune,Senior,Bachelor,Referral,2023-09-29
4080,Sales Executive,Mumbai,Mid,Master,Agency,2025-04-09
4081,Sales Executive,Delhi,Senior,Diploma,LinkedIn,2023-11-01
4082,Product Manager,Bangalore,Entry,Diploma,LinkedIn,2024-08-15
4083,Data Analyst,Chennai,Mid,Bachelor,LinkedIn,2024-02-09
4084,Software Engineer,Delhi,Mid,Master,CareerSite,2023-06-07
4085,Data Analyst,Pune,Entry,Diploma,Referral,2023-06-25
4086,Sales Executive,Mumbai,Mid,Bachelor,Referral,2023-12-16
4087,Product Manager,Mumbai,Entry,Bachelor,LinkedIn,2025-10-05
4088,Sales Executive,Mumbai,Mid,Bachelor,Naukri,2025-08-15
4089,Sales Executive,Chennai,Entry,Diploma,Naukri,2023-09-03
4090,Software Engineer,Chennai,Mid,Bachelor,Referral,2025-11-01
4091,Product Manager,Pune,Entry,Master,Naukri,2023-10-11
4092,Product Manager,Mumbai,Entry,Bachelor,Naukri,2023-02-16
4093,Sales Executive,Mumbai,Mid,Master,Naukri,2023-08-09
4094,Sales Executive,Mumbai,Mid,Master,Agency,2024-08-31
4095,Software Engineer,Mumbai,Entry,Master,Naukri,2024-10-29
4096,Data Analyst,Delhi,Senior,Master,Naukri,2025-07-24
4097,HR Specialist,Pune,Senior,PhD,CareerSite,2025-12-12
4098,Software Engineer,Bangalore,Entry,Diploma,LinkedIn,2024-02-02
4099,HR Specialist,Bangalore,Entry,Diploma,CareerSite,2025-01-02
4100,Sales Executive,Pune,Mid,PhD,Referral,2025-11-02
4101,Data Analyst,Chennai,Entry,PhD,Naukri,2023-11-27
4102,Data Analyst,Chennai,Mid,Bachelor,LinkedIn,2025-09-02
4103,Sales Executive,Mumbai,Entry,Diploma,Referral,2024-10-11
4104,Data Analyst,Pune,Entry,Diploma,Referral,2025-04-09
4105,Software Engineer,Pune,Mid,PhD,LinkedIn,2024-06-24
4106,Product Manager,Pune,Mid,Bachelor,LinkedIn,2025-03-07
4107,Software Engineer,Pune,Entry,Master,Naukri,2023-12-06
4108,Data Analyst,Delhi,Entry,Bachelor,LinkedIn,2024-08-18
4109,Data Analyst,Chennai,Senior,Bachelor,Referral,2025-12-16
4110,Product Manager,Pune,Entry,Diploma,LinkedIn,2024-12-01
4111,Product Manager,Bangalore,Mid,Diploma,CareerSite,2025-05-03
4112,HR Specialist,Bangalore,Mid,Bachelor,LinkedIn,2023-01-13
4113,Data Analyst,Mumbai,Senior,Master,CareerSite,2025-06-09
4114,Software Engineer,Bangalore,Entry,Master,LinkedIn,2024-10-29
4115,Sales Executive,Chennai,Mid,Bachelor,Referral,2023-08-23
4116,Sales Executive,Bangalore,Senior,Master,LinkedIn,2025-10-02
4117,Data Analyst,Pune,Mid,Diploma,Naukri,2025-11-01
4118,HR Specialist,Delhi,Mid,Bachelor,LinkedIn,2025-04-28
4119,Sales Executive,Pune,Senior,Master,CareerSite,2025-10-19
4120,Software Engineer,Mumbai,Entry,Diploma,Referral,2024-07-17
4121,Data Analyst,Delhi,Mid,Diploma,LinkedIn,2024-01-27
4122,Software Engineer,Bangalore,Entry,PhD,LinkedIn,2025-07-09
4123,Sales Executive,Chennai,Mid,Diploma,LinkedIn,2023-06-14
4124,Sales Executive,Delhi,Mid,PhD,Referral,2024-07-23
4125,Data Analyst,Pune,Senior,Diploma,LinkedIn,2025-07-15
4126,Software Engineer,Delhi,Entry,PhD,LinkedIn,2025-08-16
4127,Software Engineer,Pune,Entry,PhD,LinkedIn,2025-05-26
4128,Product Manager,Mumbai,Entry,Bachelor,LinkedIn,2025-05-18
4129,Data Analyst,Delhi,Senior,Bachelor,Naukri,2025-10-03
4130,Sales Executive,Chennai,Senior,PhD,LinkedIn,2025-01-13
4131,Data Analyst,Delhi,Senior,Diploma,CareerSite,2025-10-14
4132,HR Specialist,Mumbai,Entry,Master,LinkedIn,2025-03-03
4133,HR Specialist,Pune,Senior,Master,CareerSite,2024-07-23
4134,Product Manager,Chennai,Entry,Master,Referral,2023-05-18
4135,Software Engineer,Delhi,Mid,Master,CareerSite,2023-04-24
4136,HR Specialist,Chennai,Entry,Master,LinkedIn,2025-12-16
4137,HR Specialist,Bangalore,Mid,PhD,Naukri,2025-06-18
4138,HR Specialist,Mumbai,Senior,Bachelor,CareerSite,2023-08-18
4139,Data Analyst,Pune,Entry,Master,LinkedIn,2026-01-01
4140,Data Analyst,Chennai,Senior,Bachelor,LinkedIn,2025-03-21
4141,HR Specialist,Bangalore,Mid,Master,LinkedIn,2025-09-29
4142,Sales Executive,Chennai,Entry,Diploma,Referral,2024-06-17
4143,Data Analyst,Mumbai,Entry,Master,Naukri,2024-03-01
4144,Software Engineer,Bangalore,Mid,Master,LinkedIn,2025-10-15
4145,Data Analyst,Pune,Entry,PhD,LinkedIn,2025-05-21
4146,Software Engineer,Chennai,Entry,Diploma,Referral,2026-01-01
4147,Sales Executive,Bangalore,Entry,PhD,Naukri,2024-08-20
4148,Data Analyst,Delhi,Entry,Master,CareerSite,2024-09-06
4149,HR Specialist,Delhi,Senior,PhD,Referral,2025-03-23
4150,Product Manager,Delhi,Mid,PhD,Naukri,2026-01-01
4151,Data Analyst,Delhi,Mid,Master,Naukri,2025-11-09
4152,Product Manager,Mumbai,Senior,Master,CareerSite,2024-02-06
4153,Software Engineer,Bangalore,Mid,Bachelor,Naukri,2024-08-08
4154,Software Engineer,Pune,Mid,Master,LinkedIn,2025-01-23
4155,Software Engineer,Chennai,Mid,PhD,Referral,2025-11-14
4156,HR Specialist,Delhi,Senior,PhD,Naukri,2024-06-14
4157,HR Specialist,Mumbai,Senior,Diploma,Naukri,2025-12-14
4158,HR Specialist,Chennai,Mid,PhD,Naukri,2024-02-19
4159,Product Manager,Delhi,Entry,Diploma,Referral,2024-03-02
4160,Software Engineer,Chennai,Mid,PhD,LinkedIn,2025-12-11
4161,HR Specialist,Bangalore,Senior,Master,CareerSite,2025-06-01
4162,Data Analyst,Delhi,Mid,Master,Naukri,2023-10-20
4163,Software Engineer,Mumbai,Mid,Master,LinkedIn,2024-10-31
4164,Software Engineer,Bangalore,Entry,PhD,Referral,2023-10-07
4165,Product Manager,Pune,Entry,Master,LinkedIn,2024-08-02
4166,Product Manager,Chennai,Mid,Bachelor,LinkedIn,2024-01-29
4167,Data Analyst,Delhi,Entry,Diploma,Naukri,2025-09-01
4168,Software Engineer,Delhi,Entry,PhD,CareerSite,2023-06-15
4169,Software Engineer,Delhi,Entry,Diploma,Naukri,2023-04-20
4170,Product Manager,Mumbai,Mid,PhD,LinkedIn,2024-07-20
4171,Data Analyst,Mumbai,Mid,Master,LinkedIn,2023-01-15
4172,Sales Executive,Delhi,Mid,PhD,LinkedIn,2025-03-24
4173,HR Specialist,Bangalore,Senior,PhD,Referral,2025-08-13
4174,Product Manager,Delhi,Mid,PhD,Referral,2025-08-05
4175,Product Manager,Mumbai,Entry,Master,LinkedIn,2025-11-04
4176,Product Manager,Bangalore,Mid,Master,LinkedIn,2025-06-26
4177,Sales Executive,Mumbai,Entry,Bachelor,LinkedIn,2025-10-17
4178,Product Manager,Chennai,Senior,Bachelor,Referral,2025-08-22
4179,Product Manager,Mumbai,Entry,PhD,Naukri,2023-11-06
4180,HR Specialist,Chennai,Entry,Bachelor,LinkedIn,2025-12-20
4181,HR Specialist,Delhi,Senior,PhD,LinkedIn,2023-03-11
4182,Software Engineer,Delhi,Mid,Bachelor,LinkedIn,2023-04-18
4183,Software Engineer,Pune,Entry,Master,Naukri,2025-03-16
4184,Product Manager,Mumbai,Entry,PhD,LinkedIn,2024-04-02
4185,Data Analyst,Pune,Mid,Master,LinkedIn,2024-09-19
4186,Data Analyst,Chennai,Entry,Diploma,Naukri,2023-08-12
4187,Data Analyst,Pune,Entry,Master,CareerSite,2023-08-29
4188,Data Analyst,Chennai,Mid,Master,LinkedIn,2024-06-20
4189,HR Specialist,Mumbai,Senior,PhD,Referral,2023-09-07
4190,Software Engineer,Pune,Entry,Diploma,LinkedIn,2023-12-31
4191,Data Analyst,Bangalore,Entry,Master,LinkedIn,2024-05-20
4192,Sales Executive,Chennai,Senior,Bachelor,Referral,2023-02-27
4193,Software Engineer,Chennai,Senior,Bachelor,Naukri,2024-01-13
4194,HR Specialist,Pune,Mid,Diploma,Referral,2024-10-13
4195,Product Manager,Chennai,Entry,Diploma,LinkedIn,2023-03-05
4196,Software Engineer,Chennai,Mid,Bachelor,Referral,2025-05-15
4197,Data Analyst,Bangalore,Entry,PhD,LinkedIn,2025-08-19
4198,HR Specialist,Delhi,Entry,Diploma,LinkedIn,2024-03-16
4199,Product Manager,Mumbai,Entry,Master,CareerSite,2024-03-06
4200,Product Manager,Bangalore,Senior,Diploma,CareerSite,2026-01-01
4201,Sales Executive,Pune,Entry,PhD,LinkedIn,2023-01-13
4202,HR Specialist,Pune,Senior,Diploma,LinkedIn,2024-01-10
4203,Data Analyst,Pune,Mid,Bachelor,Naukri,2025-12-19
4204,HR Specialist,Pune,Entry,Master,LinkedIn,2025-09-18
4205,Sales Executive,Bangalore,Entry,Bachelor,LinkedIn,2023-09-20
4206,Software Engineer,Bangalore,Mid,PhD,LinkedIn,2025-01-12
4207,Software Engineer,Bangalore,Mid,Bachelor,LinkedIn,2025-04-24
4208,Software Engineer,Bangalore,Entry,Diploma,LinkedIn,2025-05-16
4209,Software Engineer,Delhi,Mid,Master,Referral,2025-07-12
4210,HR Specialist,Delhi,Senior,Master,CareerSite,2024-12-16
4211,HR Specialist,Chennai,Senior,PhD,LinkedIn,2023-11-25
4212,HR Specialist,Bangalore,Mid,Master,LinkedIn,2025-01-24
4213,Data Analyst,Pune,Entry,Diploma,Naukri,2024-06-11
4214,Product Manager,Chennai,Senior,Diploma,LinkedIn,2023-12-02
4215,Product Manager,Pune,Mid,PhD,LinkedIn,2025-10-27
4216,Sales Executive,Mumbai,Senior,Master,Naukri,2024-08-03
4217,Sales Executive,Mumbai,Senior,Master,Agency,2023-08-21
4218,Software Engineer,Bangalore,Entry,Diploma,Naukri,2024-03-23
4219,Data Analyst,Bangalore,Senior,Bachelor,Naukri,2023-11-17
4220,Data Analyst,Mumbai,Senior,PhD,Referral,2023-10-08
4221,Data Analyst,Pune,Senior,Master,LinkedIn,2025-07-02
4222,Product Manager,Delhi,Mid,Bachelor,CareerSite,2025-01-20
4223,Sales Executive,Delhi,Senior,Master,Naukri,2024-01-27
4224,Data Analyst,Mumbai,Entry,PhD,LinkedIn,2025-02-02
4225,Software Engineer,Bangalore,Entry,Diploma,CareerSite,2025-04-30
4226,Software Engineer,Delhi,Mid,Master,Referral,2025-11-13
4227,Data Analyst,Delhi,Senior,Diploma,CareerSite,2025-03-22
4228,Software Engineer,Bangalore,Senior,Diploma,Referral,2025-03-29
4229,HR Specialist,Bangalore,Entry,Diploma,LinkedIn,2025-10-06
4230,Product Manager,Pune,Entry,Master,Naukri,2024-07-08
4231,Software Engineer,Delhi,Entry,Bachelor,CareerSite,2023-06-05
4232,Sales Executive,Pune,Mid,Diploma,LinkedIn,2025-10-28
4233,HR Specialist,Mumbai,Senior,Diploma,CareerSite,2025-10-05
4234,Sales Executive,Pune,Entry,Bachelor,LinkedIn,2024-09-16
4235,Product Manager,Pune,Entry,PhD,LinkedIn,2025-07-31
4236,Data Analyst,Chennai,Senior,Master,Referral,2024-06-09
4237,HR Specialist,Pune,Mid,Master,LinkedIn,2023-09-17
4238,Sales Executive,Mumbai,Mid,Diploma,Referral,2024-11-15
4239,Data Analyst,Pune,Entry,PhD,Referral,2024-03-15
4240,Data Analyst,Chennai,Entry,PhD,LinkedIn,2025-06-01
4241,HR Specialist,Delhi,Entry,Diploma,Referral,2025-03-31
4242,Data Analyst,Mumbai,Entry,Diploma,LinkedIn,2024-04-22
4243,Software Engineer,Mumbai,Senior,Diploma,Naukri,2023-08-31
4244,Data Analyst,Pune,Mid,Master,LinkedIn,2024-08-18
4245,Product Manager,Mumbai,Mid,Bachelor,Naukri,2025-06-12
4246,Product Manager,Chennai,Mid,Bachelor,Referral,2025-05-27
4247,Data Analyst,Chennai,Entry,Diploma,LinkedIn,2025-04-15
4248,Product Manager,Pune,Mid,Diploma,LinkedIn,2025-11-06
4249,HR Specialist,Bangalore,Senior,Master,LinkedIn,2025-05-04
4250,Software Engineer,Bangalore,Mid,PhD,LinkedIn,2025-05-12
4251,Data Analyst,Bangalore,Mid,PhD,CareerSite,2025-02-25
4252,HR Specialist,Bangalore,Senior,PhD,LinkedIn,2025-06-28
4253,Software Engineer,Bangalore,Mid,Bachelor,LinkedIn,2025-08-04
4254,HR Specialist,Pune,Senior,Bachelor,LinkedIn,2025-07-09
4255,Product Manager,Mumbai,Entry,PhD,Naukri,2025-11-26
4256,Sales Executive,Mumbai,Senior,Master,CareerSite,2023-08-22
4257,HR Specialist,Pune,Mid,Master,Naukri,2025-02-11
4258,Product Manager,Chennai,Mid,PhD,LinkedIn,2024-04-17
4259,Sales Executive,Pune,Entry,Diploma,Referral,2023-09-21
4260,Software Engineer,Bangalore,Senior,Bachelor,Referral,2024-04-02
4261,Sales Executive,Bangalore,Mid,Diploma,Referral,2024-11-26
4262,Software Engineer,Pune,Mid,Bachelor,LinkedIn,2025-02-04
4263,Data Analyst,Bangalore,Mid,Master,LinkedIn,2024-05-28
4264,Data Analyst,Delhi,Entry,Bachelor,Naukri,2024-09-12
4265,HR Specialist,Mumbai,Entry,Master,LinkedIn,2025-01-05
4266,Sales Executive,Chennai,Senior,Master,CareerSite,2024-04-07
4267,HR Specialist,Chennai,Mid,PhD,LinkedIn,2023-11-12
4268,Data Analyst,Mumbai,Mid,PhD,LinkedIn,2024-08-09
4269,Software Engineer,Chennai,Mid,Bachelor,LinkedIn,2025-08-26
4270,Software Engineer,Mumbai,Mid,Bachelor,Referral,2024-10-18
4271,Software Engineer,Mumbai,Mid,Bachelor,CareerSite,2023-10-24
4272,Sales Executive,Pune,Entry,PhD,Naukri,2023-10-21
4273,Sales Executive,Mumbai,Senior,Master,LinkedIn,2023-04-28
4274,Data Analyst,Bangalore,Mid,Bachelor,CareerSite,2023-10-05
4275,Software Engineer,Chennai,Senior,Diploma,LinkedIn,2025-08-17
4276,Sales Executive,Chennai,Entry,Diploma,Agency,2023-06-24
4277,Software Engineer,Bangalore,Mid,Diploma,Naukri,2023-08-24
4278,Sales Executive,Delhi,Senior,Diploma,CareerSite,2025-12-23
4279,Data Analyst,Mumbai,Senior,Bachelor,CareerSite,2024-08-08
4280,Software Engineer,Pune,Entry,Diploma,Referral,2023-06-09
4281,Sales Executive,Mumbai,Entry,Bachelor,Referral,2025-03-19
4282,Software Engineer,Mumbai,Entry,Bachelor,LinkedIn,2023-10-27
4283,Sales Executive,Pune,Senior,Diploma,Naukri,2024-11-20
4284,Sales Executive,Chennai,Entry,PhD,CareerSite,2025-10-05
4285,Software Engineer,Bangalore,Senior,Bachelor,LinkedIn,2025-10-26
4286,Product Manager,Bangalore,Senior,PhD,Referral,2023-10-18
4287,Data Analyst,Chennai,Senior,Bachelor,LinkedIn,2024-08-28
4288,Product Manager,Mumbai,Entry,Master,Naukri,2024-09-23
4289,Sales Executive,Bangalore,Entry,Diploma,LinkedIn,2025-01-22
4290,Data Analyst,Pune,Senior,Bachelor,Naukri,2025-03-10
4291,HR Specialist,Chennai,Entry,Bachelor,LinkedIn,2023-10-15
4292,HR Specialist,Delhi,Mid,PhD,Referral,2025-12-20
4293,Data Analyst,Bangalore,Entry,PhD,LinkedIn,2025-10-20
4294,Software Engineer,Bangalore,Mid,PhD,CareerSite,2025-11-30
4295,Sales Executive,Bangalore,Senior,Master,CareerSite,2025-09-08
4296,Product Manager,Pune,Senior,PhD,Agency,2025-06-18
4297,Sales Executive,Chennai,Entry,Diploma,Naukri,2024-07-12
4298,Software Engineer,Mumbai,Senior,Bachelor,LinkedIn,2023-01-25
4299,Data Analyst,Bangalore,Entry,Master,Agency,2024-06-16
4300,Data Analyst,Mumbai,Senior,Diploma,Naukri,2025-12-12
4301,Software Engineer,Pune,Mid,Bachelor,CareerSite,2026-01-01
4302,HR Specialist,Delhi,Senior,PhD,Referral,2023-05-17
4303,HR Specialist,Delhi,Senior,Diploma,Referral,2025-09-17
4304,Software Engineer,Chennai,Entry,Diploma,LinkedIn,2024-12-25
4305,Data Analyst,Chennai,Mid,Master,Referral,2025-05-27
4306,Data Analyst,Bangalore,Entry,Bachelor,Referral,2025-01-07
4307,Sales Executive,Pune,Mid,Diploma,LinkedIn,2024-09-20
4308,Software Engineer,Mumbai,Senior,Diploma,LinkedIn,2025-11-19
4309,Product Manager,Mumbai,Mid,Diploma,LinkedIn,2023-05-01
4310,Sales Executive,Bangalore,Entry,PhD,Naukri,2023-07-07
4311,Product Manager,Delhi,Senior,Master,Naukri,2025-03-04
4312,Data Analyst,Chennai,Mid,Master,Referral,2024-11-16
4313,Product Manager,Pune,Senior,Bachelor,Naukri,2023-09-13
4314,Data Analyst,Pune,Senior,Bachelor,LinkedIn,2025-04-09
4315,Product Manager,Delhi,Senior,PhD,LinkedIn,2024-01-03
4316,Product Manager,Delhi,Senior,Diploma,Referral,2025-11-29
4317,Software Engineer,Pune,Mid,Diploma,Naukri,2025-03-05
4318,Data Analyst,Bangalore,Senior,Bachelor,Naukri,2025-09-06
4319,Data Analyst,Bangalore,Senior,PhD,CareerSite,2024-11-19
4320,HR Specialist,Chennai,Mid,Diploma,Naukri,2024-02-15
4321,Data Analyst,Chennai,Mid,Diploma,LinkedIn,2025-05-06
4322,Software Engineer,Bangalore,Entry,Diploma,CareerSite,2026-01-01
4323,HR Specialist,Delhi,Senior,Bachelor,Agency,2024-12-28
4324,Software Engineer,Chennai,Mid,Diploma,Agency,2024-06-01
4325,Data Analyst,Mumbai,Senior,Master,Referral,2025-05-18
4326,HR Specialist,Pune,Mid,Diploma,Referral,2023-11-13
4327,Software Engineer,Bangalore,Mid,Diploma,LinkedIn,2023-09-21
4328,Sales Executive,Chennai,Senior,Bachelor,Naukri,2024-06-09
4329,Data Analyst,Delhi,Senior,PhD,LinkedIn,2025-03-02
4330,Software Engineer,Bangalore,Entry,Diploma,LinkedIn,2023-03-24
4331,Software Engineer,Mumbai,Mid,Bachelor,Naukri,2023-03-29
4332,Data Analyst,Chennai,Entry,PhD,LinkedIn,2025-01-19
4333,Sales Executive,Pune,Senior,Diploma,Naukri,2024-10-17
4334,Product Manager,Pune,Senior,Bachelor,LinkedIn,2025-04-07
4335,Data Analyst,Chennai,Mid,PhD,LinkedIn,2023-10-26
4336,Data Analyst,Pune,Senior,Diploma,Naukri,2025-08-22
4337,Data Analyst,Chennai,Mid,Master,CareerSite,2024-06-08
4338,Sales Executive,Bangalore,Entry,Bachelor,Naukri,2024-11-03
4339,Data Analyst,Pune,Mid,Bachelor,CareerSite,2025-09-05
4340,Product Manager,Chennai,Senior,PhD,Referral,2025-02-09
4341,Software Engineer,Pune,Entry,Master,Naukri,2023-08-16
4342,Software Engineer,Pune,Senior,Bachelor,Naukri,2023-09-23
4343,Data Analyst,Delhi,Senior,Bachelor,Referral,2023-12-08
4344,Software Engineer,Delhi,Mid,Master,Naukri,2024-08-11
4345,HR Specialist,Mumbai,Senior,Diploma,Naukri,2023-12-19
4346,HR Specialist,Pune,Entry,Bachelor,LinkedIn,2024-02-08
4347,Product Manager,Mumbai,Entry,PhD,Referral,2024-07-04
4348,HR Specialist,Chennai,Senior,Bachelor,LinkedIn,2025-04-06
4349,Software Engineer,Pune,Mid,Master,Referral,2025-05-15
4350,Sales Executive,Mumbai,Senior,PhD,Agency,2024-08-13
4351,Data Analyst,Bangalore,Entry,Master,Referral,2025-11-21
4352,Product Manager,Chennai,Senior,Bachelor,LinkedIn,2023-03-15
4353,Product Manager,Chennai,Mid,Diploma,CareerSite,2023-05-03
4354,Product Manager,Delhi,Senior,Master,Naukri,2023-01-02
4355,Product Manager,Bangalore,Senior,Diploma,LinkedIn,2025-03-18
4356,Product Manager,Chennai,Entry,Master,Referral,2025-11-12
4357,Software Engineer,Delhi,Entry,Master,Naukri,2024-04-15
4358,HR Specialist,Chennai,Mid,Diploma,Naukri,2025-03-18
4359,Software Engineer,Chennai,Mid,Master,LinkedIn,2024-05-13
4360,HR Specialist,Mumbai,Entry,Diploma,LinkedIn,2023-01-21
4361,Sales Executive,Mumbai,Senior,Diploma,Naukri,2023-11-04
4362,Data Analyst,Pune,Entry,PhD,LinkedIn,2025-10-11
4363,Software Engineer,Bangalore,Senior,Master,LinkedIn,2025-08-18
4364,Data Analyst,Delhi,Senior,Diploma,Naukri,2025-11-08
4365,Data Analyst,Mumbai,Senior,Bachelor,LinkedIn,2024-10-24
4366,HR Specialist,Pune,Entry,Bachelor,LinkedIn,2023-12-17
4367,Data Analyst,Bangalore,Entry,Bachelor,LinkedIn,2023-04-02
4368,Data Analyst,Bangalore,Entry,Master,Referral,2025-03-10
4369,Software Engineer,Bangalore,Mid,Diploma,LinkedIn,2024-03-01
4370,Data Analyst,Delhi,Senior,Bachelor,CareerSite,2024-09-14
4371,Product Manager,Bangalore,Mid,PhD,LinkedIn,2025-11-22
4372,Sales Executive,Chennai,Mid,Bachelor,LinkedIn,2025-05-26
4373,HR Specialist,Chennai,Senior,Diploma,Referral,2024-02-14
4374,Software Engineer,Delhi,Mid,Diploma,Referral,2024-09-21
4375,HR Specialist,Delhi,Senior,Diploma,Referral,2025-09-13
4376,Product Manager,Pune,Senior,Master,LinkedIn,2025-07-16
4377,Software Engineer,Mumbai,Senior,Diploma,Naukri,2023-02-27
4378,Software Engineer,Pune,Senior,Diploma,Referral,2024-05-15
4379,Sales Executive,Bangalore,Mid,Master,Agency,2023-02-24
4380,Data Analyst,Delhi,Senior,PhD,LinkedIn,2025-04-29
4381,HR Specialist,Delhi,Mid,Master,LinkedIn,2023-01-22
4382,Product Manager,Pune,Entry,PhD,Naukri,2024-12-13
4383,Sales Executive,Delhi,Mid,Diploma,Referral,2023-04-09
4384,Software Engineer,Bangalore,Mid,Bachelor,LinkedIn,2024-10-05
4385,HR Specialist,Mumbai,Mid,PhD,LinkedIn,2023-04-29
4386,Software Engineer,Chennai,Senior,PhD,LinkedIn,2025-05-27
4387,Sales Executive,Pune,Senior,Master,Referral,2024-04-27
4388,Data Analyst,Pune,Entry,Bachelor,LinkedIn,2025-07-26
4389,HR Specialist,Delhi,Entry,Master,LinkedIn,2024-04-07
4390,HR Specialist,Mumbai,Entry,PhD,Naukri,2025-02-14
4391,Sales Executive,Chennai,Mid,Master,LinkedIn,2023-07-05
4392,Software Engineer,Chennai,Mid,Master,LinkedIn,2025-06-24
4393,Product Manager,Delhi,Mid,Master,LinkedIn,2025-10-08
4394,Sales Executive,Bangalore,Mid,Diploma,Naukri,2024-03-06
4395,Sales Executive,Chennai,Entry,Master,LinkedIn,2025-07-31
4396,Data Analyst,Delhi,Entry,Bachelor,LinkedIn,2025-05-06
4397,Product Manager,Delhi,Entry,Master,LinkedIn,2025-09-28
4398,Data Analyst,Pune,Senior,Diploma,LinkedIn,2025-11-28
4399,Software Engineer,Bangalore,Senior,Bachelor,Referral,2024-06-26
4400,Software Engineer,Bangalore,Mid,PhD,Referral,2024-09-16
4401,Sales Executive,Mumbai,Mid,Diploma,LinkedIn,2024-06-25
4402,Software Engineer,Pune,Entry,Diploma,Naukri,2024-05-11
4403,Software Engineer,Delhi,Mid,Diploma,Naukri,2025-07-09
4404,Data Analyst,Pune,Entry,Bachelor,LinkedIn,2023-06-20
4405,Software Engineer,Bangalore,Entry,Master,Naukri,2023-01-24
4406,Software Engineer,Pune,Entry,PhD,CareerSite,2024-05-12
4407,Product Manager,Pune,Mid,PhD,CareerSite,2025-05-08
4408,Sales Executive,Chennai,Entry,PhD,Referral,2025-10-06
4409,Sales Executive,Chennai,Entry,Bachelor,LinkedIn,2024-05-13
4410,Product Manager,Delhi,Senior,Master,Naukri,2024-10-20
4411,Software Engineer,Pune,Senior,Bachelor,Naukri,2025-04-18
4412,Software Engineer,Mumbai,Entry,PhD,Agency,2023-12-24
4413,Product Manager,Pune,Mid,Diploma,LinkedIn,2025-05-23
4414,HR Specialist,Delhi,Senior,Master,Naukri,2024-06-29
4415,Sales Executive,Delhi,Mid,Diploma,Naukri,2025-08-27
4416,Sales Executive,Delhi,Entry,Diploma,Naukri,2025-07-04
4417,Sales Executive,Delhi,Mid,Diploma,Referral,2025-08-08
4418,HR Specialist,Delhi,Entry,Bachelor,LinkedIn,2024-09-10
4419,Software Engineer,Bangalore,Senior,Master,LinkedIn,2025-08-12
4420,Software Engineer,Bangalore,Senior,Diploma,Referral,2025-08-27
4421,Sales Executive,Chennai,Senior,Diploma,LinkedIn,2023-04-05
4422,Product Manager,Mumbai,Senior,Master,LinkedIn,2024-09-09
4423,Software Engineer,Bangalore,Entry,Master,LinkedIn,2025-12-29
4424,Software Engineer,Bangalore,Entry,Bachelor,LinkedIn,2024-05-09
4425,Data Analyst,Chennai,Senior,Bachelor,LinkedIn,2023-01-06
4426,Product Manager,Chennai,Senior,Diploma,LinkedIn,2025-08-27
4427,Software Engineer,Mumbai,Entry,Bachelor,Naukri,2025-10-11
4428,Product Manager,Mumbai,Mid,Diploma,Referral,2024-11-30
4429,Software Engineer,Bangalore,Senior,Diploma,CareerSite,2024-01-15
4430,Software Engineer,Chennai,Senior,Master,LinkedIn,2025-09-06
4431,HR Specialist,Mumbai,Entry,Master,LinkedIn,2024-11-29
4432,HR Specialist,Pune,Entry,Bachelor,LinkedIn,2024-03-30
4433,Software Engineer,Bangalore,Senior,PhD,Referral,2024-05-29
4434,Sales Executive,Chennai,Senior,Bachelor,LinkedIn,2025-06-04
4435,Data Analyst,Pune,Mid,PhD,CareerSite,2023-03-29
4436,Data Analyst,Mumbai,Entry,Master,LinkedIn,2025-07-03
4437,HR Specialist,Delhi,Senior,PhD,Naukri,2023-12-02
4438,Software Engineer,Delhi,Entry,Master,LinkedIn,2024-12-06
4439,Software Engineer,Delhi,Entry,Master,Referral,2024-11-05
4440,Sales Executive,Mumbai,Mid,Master,Naukri,2024-11-07
4441,Software Engineer,Mumbai,Entry,Diploma,CareerSite,2025-10-06
4442,Software Engineer,Mumbai,Entry,PhD,LinkedIn,2025-02-10
4443,Product Manager,Chennai,Mid,Master,Naukri,2024-09-28
4444,HR Specialist,Mumbai,Senior,Bachelor,Referral,2024-09-17
4445,Sales Executive,Chennai,Entry,PhD,LinkedIn,2025-04-17
4446,Sales Executive,Bangalore,Senior,Master,LinkedIn,2023-03-27
4447,Sales Executive,Bangalore,Entry,PhD,LinkedIn,2024-09-28
4448,Software Engineer,Delhi,Mid,PhD,LinkedIn,2025-02-28
4449,HR Specialist,Mumbai,Entry,Master,LinkedIn,2023-08-18
4450,Product Manager,Delhi,Senior,PhD,LinkedIn,2023-09-04
4451,Sales Executive,Bangalore,Mid,Master,Naukri,2025-02-10
4452,Software Engineer,Mumbai,Senior,Master,LinkedIn,2024-09-30
4453,Product Manager,Mumbai,Senior,Diploma,CareerSite,2024-07-02
4454,Data Analyst,Delhi,Entry,Diploma,LinkedIn,2024-10-31
4455,Data Analyst,Bangalore,Mid,Diploma,Naukri,2025-08-05
4456,Software Engineer,Chennai,Senior,Diploma,Referral,2023-01-21
4457,Software Engineer,Pune,Senior,Bachelor,LinkedIn,2025-05-15
4458,Sales Executive,Delhi,Entry,PhD,Referral,2024-05-21
4459,Software Engineer,Mumbai,Entry,Master,CareerSite,2023-01-24
4460,HR Specialist,Pune,Mid,Master,Naukri,2025-09-04
4461,Software Engineer,Pune,Senior,PhD,LinkedIn,2025-04-19
4462,Software Engineer,Bangalore,Entry,PhD,LinkedIn,2025-01-13
4463,Data Analyst,Pune,Entry,Bachelor,Referral,2025-03-01
4464,HR Specialist,Bangalore,Entry,PhD,LinkedIn,2026-01-01
4465,Product Manager,Pune,Mid,Diploma,LinkedIn,2025-02-08
4466,Sales Executive,Delhi,Mid,Diploma,Referral,2023-07-29
4467,Software Engineer,Delhi,Mid,Diploma,Referral,2025-01-01
4468,Data Analyst,Mumbai,Senior,Master,LinkedIn,2024-09-28
4469,HR Specialist,Pune,Mid,PhD,LinkedIn,2024-06-24
4470,Sales Executive,Delhi,Mid,Bachelor,CareerSite,2025-09-26
4471,Product Manager,Bangalore,Entry,Diploma,Referral,2024-12-09
4472,Software Engineer,Chennai,Senior,Bachelor,Referral,2024-01-24
4473,Data Analyst,Delhi,Entry,PhD,Referral,2025-01-13
4474,Software Engineer,Mumbai,Senior,Bachelor,LinkedIn,2025-12-06
4475,Product Manager,Chennai,Mid,PhD,Naukri,2024-10-23
4476,Data Analyst,Bangalore,Senior,Diploma,LinkedIn,2025-11-04
4477,Software Engineer,Bangalore,Mid,PhD,LinkedIn,2024-06-14
4478,HR Specialist,Mumbai,Senior,Diploma,Referral,2025-04-04
4479,Sales Executive,Mumbai,Entry,Diploma,Referral,2024-05-25
4480,HR Specialist,Chennai,Entry,Diploma,LinkedIn,2024-06-19
4481,Product Manager,Pune,Entry,Diploma,LinkedIn,2024-03-15
4482,Software Engineer,Bangalore,Mid,Master,Naukri,2025-02-14
4483,HR Specialist,Pune,Entry,Bachelor,Referral,2024-08-29
4484,Sales Executive,Delhi,Mid,PhD,Agency,2024-06-08
4485,Sales Executive,Chennai,Mid,Diploma,CareerSite,2025-05-10
4486,Sales Executive,Chennai,Mid,Diploma,Naukri,2023-03-19
4487,Software Engineer,Mumbai,Mid,Bachelor,Naukri,2023-08-14
4488,Sales Executive,Mumbai,Senior,Diploma,LinkedIn,2025-07-23
4489,Software Engineer,Mumbai,Senior,Bachelor,LinkedIn,2024-11-19
4490,Sales Executive,Delhi,Entry,Bachelor,LinkedIn,2024-07-07
4491,Sales Executive,Pune,Entry,PhD,LinkedIn,2024-03-23
4492,Software Engineer,Pune,Senior,Master,Naukri,2024-09-26
4493,Data Analyst,Delhi,Senior,Diploma,Naukri,2024-04-16
4494,Product Manager,Delhi,Senior,Master,Referral,2023-08-08
4495,Data Analyst,Pune,Mid,Diploma,Naukri,2024-11-09
4496,Sales Executive,Chennai,Senior,PhD,LinkedIn,2025-05-21
4497,Data Analyst,Delhi,Senior,Diploma,CareerSite,2025-03-16
4498,HR Specialist,Mumbai,Senior,Diploma,LinkedIn,2025-10-24
4499,Sales Executive,Chennai,Mid,Master,LinkedIn,2024-01-14
4500,HR Specialist,Bangalore,Senior,Bachelor,LinkedIn,2024-06-24
4501,Data Analyst,Delhi,Senior,Bachelor,Naukri,2024-01-18
4502,Sales Executive,Delhi,Entry,Master,Naukri,2025-12-18
4503,Software Engineer,Delhi,Entry,PhD,CareerSite,2023-07-02
4504,Product Manager,Mumbai,Senior,Bachelor,Referral,2023-09-17
4505,HR Specialist,Chennai,Mid,Diploma,Naukri,2024-11-21
4506,Software Engineer,Bangalore,Senior,PhD,Referral,2023-08-02
4507,Software Engineer,Pune,Mid,Bachelor,Naukri,2023-09-09
4508,Product Manager,Delhi,Senior,PhD,CareerSite,2025-11-04
4509,Data Analyst,Delhi,Senior,Master,LinkedIn,2024-10-21
4510,Product Manager,Pune,Entry,Diploma,CareerSite,2025-07-04
4511,Data Analyst,Mumbai,Mid,Master,LinkedIn,2023-11-25
4512,HR Specialist,Pune,Senior,Master,LinkedIn,2025-02-01
4513,HR Specialist,Bangalore,Senior,PhD,LinkedIn,2023-03-13
4514,Product Manager,Bangalore,Senior,Bachelor,LinkedIn,2023-11-26
4515,Data Analyst,Bangalore,Entry,Bachelor,Naukri,2025-10-15
4516,Sales Executive,Bangalore,Mid,Bachelor,Naukri,2025-04-16
4517,Sales Executive,Delhi,Entry,Bachelor,Referral,2025-01-27
4518,Software Engineer,Bangalore,Senior,Master,Agency,2025-12-31
4519,Sales Executive,Mumbai,Entry,Master,Referral,2024-12-23
4520,HR Specialist,Chennai,Mid,Master,Naukri,2025-01-28
4521,Product Manager,Chennai,Entry,Diploma,LinkedIn,2023-02-21
4522,Product Manager,Chennai,Senior,Diploma,LinkedIn,2024-07-31
4523,Software Engineer,Delhi,Senior,Diploma,LinkedIn,2025-11-20
4524,HR Specialist,Delhi,Entry,Master,Naukri,2024-05-14
4525,Product Manager,Mumbai,Entry,Diploma,Referral,2025-12-20
4526,Software Engineer,Pune,Mid,Master,Referral,2024-04-29
4527,HR Specialist,Chennai,Mid,Master,LinkedIn,2025-08-06
4528,Sales Executive,Delhi,Entry,Master,LinkedIn,2025-07-06
4529,Data Analyst,Bangalore,Mid,Bachelor,CareerSite,2024-10-18
4530,HR Specialist,Chennai,Mid,Bachelor,Naukri,2024-11-27
4531,Data Analyst,Bangalore,Mid,Master,Referral,2024-02-18
4532,HR Specialist,Bangalore,Entry,Diploma,CareerSite,2023-02-22
4533,HR Specialist,Pune,Senior,Master,Naukri,2024-01-14
4534,Software Engineer,Chennai,Entry,Bachelor,LinkedIn,2024-02-06
4535,Sales Executive,Chennai,Entry,PhD,Naukri,2025-10-25
4536,Data Analyst,Chennai,Senior,Master,LinkedIn,2025-08-16
4537,Data Analyst,Pune,Mid,Master,Referral,2025-12-01
4538,Product Manager,Chennai,Entry,PhD,Naukri,2023-04-17
4539,Product Manager,Delhi,Entry,Diploma,Naukri,2023-10-13
4540,Sales Executive,Bangalore,Senior,Master,Referral,2024-10-15
4541,HR Specialist,Delhi,Senior,Bachelor,LinkedIn,2025-07-23
4542,HR Specialist,Bangalore,Mid,Master,Naukri,2025-12-16
4543,Sales Executive,Delhi,Mid,Diploma,Referral,2024-11-09
4544,Product Manager,Pune,Senior,Diploma,Referral,2024-04-28
4545,Product Manager,Chennai,Mid,PhD,Naukri,2023-10-24
4546,Data Analyst,Bangalore,Entry,Master,LinkedIn,2025-02-08
4547,Product Manager,Mumbai,Entry,Diploma,Referral,2025-11-04
4548,Software Engineer,Delhi,Entry,PhD,CareerSite,2025-12-31
4549,Product Manager,Delhi,Entry,Bachelor,CareerSite,2024-03-17
4550,Product Manager,Chennai,Mid,Diploma,LinkedIn,2025-12-30
4551,Sales Executive,Chennai,Entry,Master,Referral,2025-01-16
4552,HR Specialist,Delhi,Senior,Master,LinkedIn,2025-05-01
4553,Product Manager,Pune,Senior,Bachelor,Referral,2025-07-23
4554,Software Engineer,Chennai,Senior,Bachelor,Referral,2024-03-03
4555,Software Engineer,Bangalore,Entry,Master,LinkedIn,2025-08-18
4556,HR Specialist,Chennai,Entry,Diploma,Naukri,2024-12-24
4557,Product Manager,Chennai,Mid,Bachelor,LinkedIn,2023-01-31
4558,HR Specialist,Chennai,Senior,PhD,CareerSite,2025-03-22
4559,Software Engineer,Pune,Entry,Master,LinkedIn,2023-03-02
4560,Software Engineer,Chennai,Mid,PhD,Naukri,2026-01-01
4561,Product Manager,Mumbai,Mid,Master,Naukri,2025-08-14
4562,Sales Executive,Mumbai,Senior,Bachelor,CareerSite,2025-03-24
4563,Product Manager,Chennai,Mid,PhD,LinkedIn,2025-10-10
4564,Sales Executive,Bangalore,Entry,PhD,Referral,2023-10-12
4565,HR Specialist,Delhi,Mid,Bachelor,Agency,2023-08-11
4566,Data Analyst,Delhi,Mid,Bachelor,Referral,2024-03-05
4567,Product Manager,Mumbai,Mid,PhD,LinkedIn,2025-12-16
4568,Software Engineer,Delhi,Senior,PhD,Naukri,2025-03-05
4569,Data Analyst,Delhi,Mid,Diploma,Naukri,2025-07-27
4570,HR Specialist,Delhi,Senior,Master,Naukri,2025-09-26
4571,Product Manager,Chennai,Mid,Bachelor,Referral,2024-10-08
4572,Software Engineer,Mumbai,Entry,Diploma,Naukri,2025-09-26
4573,Software Engineer,Bangalore,Senior,Bachelor,Referral,2026-01-01
4574,Product Manager,Delhi,Entry,Diploma,LinkedIn,2023-11-30
4575,Software Engineer,Pune,Mid,Master,Referral,2025-01-17
4576,Sales Executive,Pune,Mid,Bachelor,Naukri,2024-01-19
4577,Software Engineer,Pune,Entry,Bachelor,Referral,2024-11-06
4578,Data Analyst,Pune,Entry,Master,LinkedIn,2024-02-26
4579,HR Specialist,Delhi,Mid,Bachelor,LinkedIn,2025-12-16
4580,Sales Executive,Bangalore,Entry,Diploma,Referral,2024-04-10
4581,Software Engineer,Chennai,Senior,PhD,Referral,2025-11-30
4582,Data Analyst,Delhi,Senior,Diploma,LinkedIn,2025-05-03
4583,Sales Executive,Delhi,Entry,Diploma,Referral,2025-08-31
4584,Software Engineer,Bangalore,Mid,Diploma,LinkedIn,2024-09-03
4585,Product Manager,Chennai,Entry,Master,CareerSite,2025-08-21
4586,Sales Executive,Delhi,Senior,PhD,LinkedIn,2024-12-10
4587,Product Manager,Pune,Senior,Diploma,Referral,2025-03-11
4588,HR Specialist,Delhi,Senior,Bachelor,LinkedIn,2025-11-05
4589,Software Engineer,Bangalore,Mid,Diploma,Referral,2023-09-28
4590,HR Specialist,Mumbai,Senior,PhD,Naukri,2023-06-19
4591,Software Engineer,Pune,Senior,Diploma,LinkedIn,2025-06-12
4592,Data Analyst,Mumbai,Senior,Master,Naukri,2024-02-28
4593,Sales Executive,Pune,Senior,Bachelor,Naukri,2024-08-29
4594,Product Manager,Chennai,Entry,Bachelor,LinkedIn,2025-09-03
4595,Sales Executive,Mumbai,Entry,PhD,LinkedIn,2026-01-01
4596,HR Specialist,Mumbai,Mid,Bachelor,Naukri,2025-09-14
4597,Product Manager,Mumbai,Entry,Bachelor,CareerSite,2025-08-01
4598,Product Manager,Pune,Mid,PhD,Naukri,2025-12-21
4599,Product Manager,Pune,Mid,PhD,Naukri,2024-07-20
4600,Software Engineer,Chennai,Senior,Master,Naukri,2025-10-12
4601,HR Specialist,Mumbai,Mid,Diploma,LinkedIn,2024-08-14
4602,HR Specialist,Pune,Senior,Bachelor,Referral,2024-12-31
4603,Sales Executive,Delhi,Entry,Master,Naukri,2023-01-17
4604,Sales Executive,Chennai,Mid,PhD,Referral,2025-01-15
4605,Data Analyst,Mumbai,Mid,Bachelor,Referral,2023-10-14
4606,Data Analyst,Delhi,Senior,Bachelor,Naukri,2024-12-17
4607,HR Specialist,Bangalore,Senior,PhD,CareerSite,2023-09-30
4608,Product Manager,Mumbai,Mid,PhD,Naukri,2025-04-26
4609,Sales Executive,Pune,Entry,Master,Referral,2024-08-21
4610,Data Analyst,Chennai,Entry,Bachelor,LinkedIn,2025-07-17
4611,Sales Executive,Pune,Mid,Master,Referral,2023-12-16
4612,Data Analyst,Bangalore,Entry,Diploma,LinkedIn,2023-12-29
4613,Product Manager,Bangalore,Senior,PhD,LinkedIn,2026-01-01
4614,Data Analyst,Pune,Entry,Bachelor,Naukri,2024-11-26
4615,Product Manager,Pune,Senior,Master,LinkedIn,2025-08-15
4616,HR Specialist,Delhi,Entry,Master,LinkedIn,2025-01-26
4617,Product Manager,Delhi,Entry,Master,Agency,2024-09-13
4618,Product Manager,Pune,Senior,Bachelor,LinkedIn,2025-04-21
4619,Software Engineer,Pune,Senior,Master,Referral,2024-07-28
4620,HR Specialist,Bangalore,Senior,Bachelor,CareerSite,2025-06-11
4621,Software Engineer,Delhi,Entry,PhD,Naukri,2024-04-23
4622,HR Specialist,Mumbai,Senior,Diploma,Referral,2024-01-04
4623,HR Specialist,Pune,Entry,Bachelor,LinkedIn,2024-09-24
4624,Data Analyst,Mumbai,Senior,Master,CareerSite,2025-03-22
4625,HR Specialist,Delhi,Mid,Diploma,Referral,2025-11-07
4626,HR Specialist,Chennai,Senior,Master,Referral,2024-07-06
4627,Sales Executive,Mumbai,Senior,Diploma,Agency,2024-08-20
4628,Software Engineer,Chennai,Senior,PhD,Referral,2025-12-31
4629,Data Analyst,Chennai,Senior,PhD,CareerSite,2023-09-02
4630,Data Analyst,Chennai,Senior,Master,CareerSite,2024-10-24
4631,Product Manager,Chennai,Entry,Diploma,Referral,2025-02-09
4632,Sales Executive,Mumbai,Senior,Master,Referral,2025-03-02
4633,Sales Executive,Mumbai,Senior,Diploma,Naukri,2025-11-24
4634,Software Engineer,Delhi,Senior,Diploma,LinkedIn,2024-10-22
4635,HR Specialist,Chennai,Entry,Diploma,Referral,2025-08-26
4636,Sales Executive,Chennai,Entry,Bachelor,LinkedIn,2024-02-11
4637,Sales Executive,Pune,Senior,Master,Agency,2025-09-08
4638,Data Analyst,Delhi,Senior,Master,Agency,2025-11-01
4639,HR Specialist,Delhi,Senior,Diploma,Naukri,2024-10-02
4640,HR Specialist,Chennai,Entry,Master,LinkedIn,2025-12-25
4641,Product Manager,Bangalore,Entry,Diploma,Naukri,2025-09-16
4642,Software Engineer,Chennai,Mid,Diploma,CareerSite,2023-11-19
4643,Sales Executive,Mumbai,Mid,PhD,Naukri,2025-01-09
4644,Software Engineer,Delhi,Mid,PhD,Naukri,2023-02-25
4645,HR Specialist,Delhi,Entry,Diploma,LinkedIn,2025-11-01
4646,Sales Executive,Bangalore,Entry,Bachelor,CareerSite,2025-10-02
4647,Software Engineer,Bangalore,Mid,Diploma,LinkedIn,2023-05-07
4648,Product Manager,Pune,Mid,PhD,Naukri,2024-08-31
4649,Software Engineer,Mumbai,Mid,Diploma,LinkedIn,2023-02-22
4650,Product Manager,Bangalore,Senior,Bachelor,Referral,2023-12-24
4651,HR Specialist,Mumbai,Entry,Diploma,Referral,2025-02-13
4652,Product Manager,Delhi,Mid,PhD,Naukri,2025-01-06
4653,Data Analyst,Chennai,Senior,Bachelor,Referral,2025-05-21
4654,HR Specialist,Delhi,Senior,Bachelor,LinkedIn,2024-09-15
4655,Product Manager,Bangalore,Entry,Bachelor,Referral,2025-09-30
4656,Product Manager,Mumbai,Entry,Bachelor,LinkedIn,2025-07-08
4657,Product Manager,Mumbai,Senior,Bachelor,Referral,2024-11-21
4658,HR Specialist,Bangalore,Mid,Master,CareerSite,2025-06-09
4659,Software Engineer,Delhi,Mid,PhD,Agency,2025-10-10
4660,Product Manager,Chennai,Senior,Bachelor,LinkedIn,2023-11-19
4661,HR Specialist,Bangalore,Mid,Master,Referral,2024-03-04
4662,Sales Executive,Mumbai,Mid,Diploma,LinkedIn,2025-07-09
4663,Product Manager,Bangalore,Senior,Master,Referral,2025-03-10
4664,Data Analyst,Delhi,Entry,Bachelor,LinkedIn,2024-03-13
4665,Sales Executive,Chennai,Senior,Diploma,CareerSite,2024-11-15
4666,Software Engineer,Chennai,Senior,Diploma,LinkedIn,2025-11-15
4667,HR Specialist,Pune,Entry,Master,Agency,2025-06-09
4668,Software Engineer,Bangalore,Entry,PhD,CareerSite,2024-11-03
4669,Product Manager,Pune,Senior,Master,Naukri,2023-02-13
4670,Data Analyst,Mumbai,Senior,Diploma,Naukri,2024-01-02
4671,HR Specialist,Bangalore,Entry,Master,LinkedIn,2024-01-29
4672,HR Specialist,Delhi,Mid,PhD,CareerSite,2025-06-17
4673,Product Manager,Pune,Entry,Master,Naukri,2024-04-08
4674,Product Manager,Mumbai,Mid,PhD,CareerSite,2025-11-23
4675,Product Manager,Mumbai,Senior,Diploma,Referral,2023-10-12
4676,Data Analyst,Mumbai,Mid,PhD,Naukri,2023-12-17
4677,Sales Executive,Delhi,Entry,Master,Naukri,2025-08-29
4678,Sales Executive,Chennai,Entry,Master,LinkedIn,2024-09-08
4679,HR Specialist,Bangalore,Mid,Bachelor,LinkedIn,2025-03-04
4680,Software Engineer,Pune,Senior,PhD,Referral,2023-06-27
4681,HR Specialist,Delhi,Entry,Diploma,Referral,2024-03-19
4682,Product Manager,Delhi,Senior,Master,CareerSite,2023-03-28
4683,Sales Executive,Mumbai,Senior,Master,LinkedIn,2025-10-05
4684,HR Specialist,Pune,Entry,Master,LinkedIn,2025-12-31
4685,HR Specialist,Mumbai,Entry,Master,Referral,2025-10-21
4686,Data Analyst,Bangalore,Mid,Master,LinkedIn,2024-01-18
4687,Software Engineer,Chennai,Senior,Master,LinkedIn,2024-11-17
4688,Sales Executive,Chennai,Senior,Master,LinkedIn,2023-07-21
4689,Sales Executive,Chennai,Senior,Diploma,Naukri,2025-03-02
4690,Data Analyst,Mumbai,Senior,Bachelor,CareerSite,2023-08-08
4691,Data Analyst,Pune,Entry,Bachelor,LinkedIn,2023-11-24
4692,HR Specialist,Bangalore,Mid,PhD,Referral,2024-12-29
4693,Sales Executive,Delhi,Entry,Bachelor,LinkedIn,2024-09-21
4694,Data Analyst,Mumbai,Entry,PhD,Naukri,2025-05-03
4695,Data Analyst,Bangalore,Entry,Bachelor,Referral,2024-01-30
4696,Sales Executive,Bangalore,Senior,Master,LinkedIn,2025-12-25
4697,Software Engineer,Pune,Entry,PhD,CareerSite,2024-02-07
4698,Sales Executive,Pune,Entry,Bachelor,LinkedIn,2025-04-20
4699,Product Manager,Mumbai,Senior,Bachelor,LinkedIn,2025-04-11
4700,Software Engineer,Bangalore,Entry,Bachelor,LinkedIn,2025-07-06
4701,Sales Executive,Pune,Mid,Diploma,Referral,2023-04-11
4702,Product Manager,Pune,Senior,Diploma,LinkedIn,2025-08-08
4703,Data Analyst,Bangalore,Senior,Bachelor,LinkedIn,2023-08-12
4704,Product Manager,Mumbai,Entry,Master,CareerSite,2025-10-02
4705,Software Engineer,Bangalore,Senior,Bachelor,LinkedIn,2024-11-21
4706,Data Analyst,Pune,Senior,Master,Naukri,2023-05-22
4707,Data Analyst,Bangalore,Mid,PhD,LinkedIn,2025-12-04
4708,Product Manager,Delhi,Senior,PhD,LinkedIn,2025-06-21
4709,Software Engineer,Pune,Mid,Diploma,Referral,2025-12-19
4710,HR Specialist,Mumbai,Mid,Diploma,CareerSite,2025-04-22
4711,Sales Executive,Bangalore,Entry,PhD,Naukri,2023-09-22
4712,Data Analyst,Chennai,Entry,Diploma,Naukri,2023-08-12
4713,Data Analyst,Delhi,Senior,Bachelor,Naukri,2024-12-16
4714,Software Engineer,Pune,Senior,Master,LinkedIn,2025-08-02
4715,Data Analyst,Delhi,Senior,Diploma,Agency,2024-10-18
4716,Product Manager,Chennai,Mid,Diploma,Referral,2025-09-10
4717,HR Specialist,Delhi,Mid,Bachelor,Naukri,2024-12-03
4718,Product Manager,Bangalore,Senior,Bachelor,Naukri,2025-07-26
4719,Product Manager,Chennai,Entry,Bachelor,LinkedIn,2023-02-03
4720,Software Engineer,Chennai,Mid,PhD,Referral,2025-11-29
4721,HR Specialist,Delhi,Mid,Master,LinkedIn,2025-02-12
4722,Data Analyst,Chennai,Senior,PhD,Referral,2024-11-21
4723,Data Analyst,Mumbai,Entry,Bachelor,Naukri,2023-07-24
4724,Product Manager,Bangalore,Entry,Diploma,Referral,2025-11-01
4725,Software Engineer,Mumbai,Entry,Diploma,LinkedIn,2025-09-06
4726,HR Specialist,Bangalore,Entry,Diploma,Naukri,2023-12-31
4727,Product Manager,Pune,Entry,PhD,LinkedIn,2025-01-12
4728,Sales Executive,Bangalore,Senior,PhD,LinkedIn,2023-04-30
4729,Software Engineer,Bangalore,Entry,PhD,CareerSite,2023-07-27
4730,HR Specialist,Bangalore,Mid,Master,Agency,2025-09-27
4731,Data Analyst,Chennai,Entry,PhD,LinkedIn,2025-08-17
4732,HR Specialist,Bangalore,Mid,Master,LinkedIn,2025-10-10
4733,Software Engineer,Delhi,Senior,Bachelor,LinkedIn,2025-01-11
4734,Data Analyst,Delhi,Entry,Bachelor,Naukri,2025-05-20
4735,Data Analyst,Delhi,Entry,PhD,Naukri,2024-01-26
4736,Product Manager,Mumbai,Mid,Master,Naukri,2025-05-02
4737,Sales Executive,Chennai,Entry,Bachelor,Referral,2023-03-29
4738,Software Engineer,Pune,Mid,Diploma,LinkedIn,2025-02-26
4739,Data Analyst,Pune,Senior,Bachelor,LinkedIn,2025-09-30
4740,HR Specialist,Mumbai,Mid,Bachelor,Referral,2023-07-27
4741,Product Manager,Delhi,Entry,Bachelor,Naukri,2025-04-24
4742,Product Manager,Bangalore,Entry,Diploma,Referral,2025-02-27
4743,Sales Executive,Mumbai,Senior,PhD,Referral,2025-04-01
4744,Data Analyst,Delhi,Entry,Bachelor,Referral,2025-01-05
4745,HR Specialist,Delhi,Mid,PhD,Referral,2023-08-25
4746,Software Engineer,Mumbai,Entry,Master,LinkedIn,2024-09-15
4747,HR Specialist,Bangalore,Senior,PhD,Referral,2023-06-04
4748,Software Engineer,Delhi,Mid,Master,CareerSite,2025-05-15
4749,Sales Executive,Chennai,Mid,Diploma,Naukri,2025-09-14
4750,HR Specialist,Pune,Mid,Diploma,LinkedIn,2024-08-23
4751,Product Manager,Mumbai,Entry,Bachelor,LinkedIn,2025-09-06
4752,HR Specialist,Delhi,Mid,Master,LinkedIn,2024-05-30
4753,Software Engineer,Mumbai,Mid,Bachelor,LinkedIn,2025-08-17
4754,Software Engineer,Bangalore,Entry,Bachelor,LinkedIn,2023-10-01
4755,Data Analyst,Delhi,Senior,Master,LinkedIn,2025-03-11
4756,Sales Executive,Pune,Entry,Master,Naukri,2025-09-30
4757,Data Analyst,Chennai,Mid,Diploma,CareerSite,2024-08-21
4758,Product Manager,Delhi,Senior,Bachelor,Naukri,2024-11-29
4759,Product Manager,Pune,Senior,Master,Referral,2023-04-06
4760,Data Analyst,Bangalore,Senior,Diploma,Naukri,2025-10-09
4761,Sales Executive,Bangalore,Entry,Bachelor,LinkedIn,2023-09-20
4762,Product Manager,Chennai,Entry,Diploma,Naukri,2023-12-25
4763,Data Analyst,Bangalore,Mid,Bachelor,Naukri,2025-06-27
4764,HR Specialist,Bangalore,Mid,PhD,Referral,2026-01-01
4765,Sales Executive,Delhi,Entry,Diploma,CareerSite,2025-03-09
4766,Software Engineer,Mumbai,Mid,Diploma,Naukri,2024-09-04
4767,Sales Executive,Chennai,Mid,Bachelor,CareerSite,2024-09-05
4768,Data Analyst,Mumbai,Mid,PhD,LinkedIn,2025-12-03
4769,Sales Executive,Bangalore,Mid,PhD,LinkedIn,2023-12-14
4770,HR Specialist,Pune,Mid,Bachelor,LinkedIn,2025-04-16
4771,Data Analyst,Pune,Entry,Bachelor,Naukri,2025-05-06
4772,Data Analyst,Chennai,Mid,Bachelor,Naukri,2024-04-28
4773,Sales Executive,Pune,Senior,Diploma,CareerSite,2024-07-11
4774,Product Manager,Delhi,Entry,Diploma,Referral,2025-02-10
4775,Sales Executive,Mumbai,Mid,Diploma,Naukri,2025-09-22
4776,Data Analyst,Mumbai,Entry,Bachelor,Referral,2025-05-31
4777,Software Engineer,Mumbai,Entry,PhD,Referral,2025-09-03
4778,HR Specialist,Bangalore,Senior,Bachelor,Naukri,2025-04-26
4779,Data Analyst,Pune,Senior,PhD,Naukri,2023-10-25
4780,Sales Executive,Pune,Entry,PhD,LinkedIn,2023-04-20
4781,Data Analyst,Chennai,Entry,Diploma,Naukri,2024-07-08
4782,HR Specialist,Delhi,Entry,Bachelor,LinkedIn,2024-07-10
4783,Product Manager,Chennai,Senior,PhD,Naukri,2024-08-08
4784,Product Manager,Chennai,Mid,Diploma,Referral,2024-04-03
4785,HR Specialist,Delhi,Entry,Diploma,Naukri,2024-09-01
4786,Product Manager,Mumbai,Entry,PhD,LinkedIn,2026-01-01
4787,Product Manager,Bangalore,Entry,Bachelor,Naukri,2024-08-25
4788,HR Specialist,Chennai,Mid,Bachelor,CareerSite,2023-07-30
4789,HR Specialist,Chennai,Entry,Diploma,CareerSite,2024-04-01
4790,Software Engineer,Pune,Entry,Master,Naukri,2023-10-30
4791,Sales Executive,Chennai,Senior,Master,Naukri,2024-10-04
4792,HR Specialist,Pune,Entry,PhD,LinkedIn,2024-10-26
4793,Sales Executive,Pune,Entry,Diploma,Naukri,2025-05-23
4794,Data Analyst,Bangalore,Mid,Bachelor,LinkedIn,2023-10-05
4795,HR Specialist,Chennai,Senior,Bachelor,LinkedIn,2025-02-17
4796,Product Manager,Delhi,Senior,Bachelor,LinkedIn,2024-04-12
4797,Data Analyst,Chennai,Mid,Master,LinkedIn,2024-03-27
4798,HR Specialist,Pune,Senior,Master,LinkedIn,2023-03-09
4799,Software Engineer,Delhi,Entry,PhD,Referral,2025-02-21
4800,Data Analyst,Chennai,Entry,PhD,LinkedIn,2024-11-09
4801,Data Analyst,Chennai,Entry,Master,Naukri,2024-08-09
4802,Data Analyst,Mumbai,Entry,Master,CareerSite,2025-05-01
4803,HR Specialist,Mumbai,Mid,Bachelor,Naukri,2024-11-19
4804,HR Specialist,Mumbai,Entry,Bachelor,LinkedIn,2025-09-16
4805,Sales Executive,Delhi,Entry,Diploma,Referral,2024-06-17
4806,Sales Executive,Pune,Mid,PhD,CareerSite,2023-11-11
4807,Sales Executive,Bangalore,Mid,Bachelor,LinkedIn,2024-05-05
4808,Data Analyst,Mumbai,Mid,Diploma,Referral,2025-12-18
4809,HR Specialist,Pune,Mid,PhD,CareerSite,2025-04-29
4810,Data Analyst,Chennai,Mid,Diploma,LinkedIn,2023-02-06
4811,Product Manager,Chennai,Mid,PhD,LinkedIn,2025-03-28
4812,Sales Executive,Mumbai,Senior,Bachelor,LinkedIn,2023-04-05
4813,Software Engineer,Bangalore,Senior,Diploma,Referral,2023-02-22
4814,Product Manager,Mumbai,Entry,Bachelor,Naukri,2025-12-21
4815,Sales Executive,Mumbai,Entry,PhD,Referral,2026-01-01
4816,Sales Executive,Delhi,Mid,Diploma,Referral,2024-01-19
4817,Data Analyst,Chennai,Entry,Bachelor,Naukri,2024-11-16
4818,Data Analyst,Mumbai,Entry,Master,Referral,2024-06-29
4819,Software Engineer,Chennai,Senior,Master,LinkedIn,2025-09-14
4820,HR Specialist,Pune,Mid,Bachelor,CareerSite,2024-09-08
4821,HR Specialist,Mumbai,Mid,PhD,CareerSite,2024-06-04
4822,Sales Executive,Pune,Senior,PhD,Naukri,2025-05-05
4823,Sales Executive,Bangalore,Mid,Diploma,Referral,2024-02-05
4824,HR Specialist,Bangalore,Mid,Master,LinkedIn,2025-05-19
4825,Software Engineer,Chennai,Senior,Diploma,LinkedIn,2025-05-12
4826,HR Specialist,Bangalore,Senior,Diploma,LinkedIn,2025-10-16
4827,HR Specialist,Bangalore,Entry,PhD,LinkedIn,2025-10-12
4828,Product Manager,Delhi,Mid,Diploma,CareerSite,2023-03-12
4829,Data Analyst,Chennai,Senior,PhD,LinkedIn,2025-11-16
4830,HR Specialist,Mumbai,Senior,Bachelor,LinkedIn,2024-04-17
4831,Product Manager,Bangalore,Entry,Diploma,LinkedIn,2024-03-26
4832,Software Engineer,Mumbai,Entry,Master,Referral,2024-06-22
4833,Sales Executive,Chennai,Mid,PhD,LinkedIn,2025-07-26
4834,Software Engineer,Mumbai,Mid,Master,Referral,2025-04-05
4835,Data Analyst,Delhi,Mid,PhD,LinkedIn,2025-09-11
4836,Software Engineer,Chennai,Entry,Bachelor,LinkedIn,2025-11-26
4837,HR Specialist,Bangalore,Entry,Master,Naukri,2023-10-30
4838,HR Specialist,Chennai,Senior,Bachelor,Naukri,2025-01-08
4839,HR Specialist,Chennai,Mid,Bachelor,Referral,2024-05-11
4840,Software Engineer,Delhi,Senior,Bachelor,Referral,2023-08-03
4841,Product Manager,Mumbai,Mid,Diploma,LinkedIn,2024-05-20
4842,Software Engineer,Mumbai,Mid,Diploma,Naukri,2024-09-15
4843,Data Analyst,Chennai,Mid,Diploma,LinkedIn,2025-11-16
4844,Sales Executive,Bangalore,Senior,Diploma,CareerSite,2023-10-23
4845,Software Engineer,Mumbai,Entry,Master,LinkedIn,2025-07-12
4846,Product Manager,Delhi,Entry,Bachelor,Naukri,2024-11-07
4847,Sales Executive,Bangalore,Mid,PhD,LinkedIn,2024-10-24
4848,Software Engineer,Chennai,Mid,Bachelor,Naukri,2025-01-30
4849,Data Analyst,Delhi,Senior,PhD,LinkedIn,2024-01-17
4850,Data Analyst,Delhi,Entry,Master,LinkedIn,2025-01-11
4851,HR Specialist,Pune,Entry,Master,CareerSite,2025-07-01
4852,Product Manager,Mumbai,Entry,Bachelor,Naukri,2024-09-06
4853,Product Manager,Chennai,Mid,Master,Naukri,2025-09-03
4854,Data Analyst,Bangalore,Senior,Master,Referral,2025-05-24
4855,HR Specialist,Delhi,Senior,Diploma,Referral,2024-09-07
4856,Product Manager,Bangalore,Senior,Bachelor,LinkedIn,2023-03-05
4857,Product Manager,Pune,Mid,PhD,Referral,2025-11-24
4858,Software Engineer,Delhi,Mid,Diploma,LinkedIn,2025-08-11
4859,Product Manager,Mumbai,Entry,Bachelor,Naukri,2025-01-28
4860,HR Specialist,Bangalore,Senior,Bachelor,Referral,2024-05-10
4861,Data Analyst,Mumbai,Mid,Master,LinkedIn,2025-09-03
4862,Software Engineer,Mumbai,Senior,Master,Agency,2025-06-10
4863,Data Analyst,Delhi,Entry,PhD,Naukri,2025-05-13
4864,HR Specialist,Mumbai,Entry,Bachelor,LinkedIn,2024-09-16
4865,Software Engineer,Pune,Senior,Bachelor,LinkedIn,2024-09-17
4866,Data Analyst,Delhi,Mid,Bachelor,Referral,2025-03-03
4867,Sales Executive,Bangalore,Mid,Diploma,Naukri,2025-08-11
4868,Sales Executive,Delhi,Mid,Master,LinkedIn,2024-03-29
4869,Product Manager,Delhi,Senior,PhD,LinkedIn,2025-03-30
4870,Sales Executive,Delhi,Senior,Diploma,LinkedIn,2025-11-01
4871,Sales Executive,Mumbai,Entry,Diploma,Naukri,2023-12-01
4872,Product Manager,Chennai,Mid,Diploma,LinkedIn,2023-03-10
4873,HR Specialist,Delhi,Mid,Bachelor,Naukri,2025-07-28
4874,Product Manager,Pune,Mid,Master,LinkedIn,2023-06-23
4875,Sales Executive,Pune,Mid,Master,Naukri,2025-11-06
4876,Sales Executive,Pune,Mid,Bachelor,LinkedIn,2023-07-21
4877,Sales Executive,Chennai,Senior,PhD,LinkedIn,2025-04-04
4878,Sales Executive,Delhi,Entry,Diploma,LinkedIn,2023-11-22
4879,Software Engineer,Bangalore,Mid,Master,Referral,2025-05-15
4880,Sales Executive,Bangalore,Mid,Master,Naukri,2025-08-22
4881,Product Manager,Delhi,Mid,Bachelor,LinkedIn,2025-07-19
4882,Sales Executive,Delhi,Mid,Bachelor,LinkedIn,2024-01-15
4883,Sales Executive,Delhi,Entry,PhD,Referral,2025-02-02
4884,HR Specialist,Bangalore,Mid,PhD,Referral,2024-05-23
4885,Data Analyst,Delhi,Mid,Bachelor,LinkedIn,2025-05-19
4886,Sales Executive,Bangalore,Mid,Bachelor,Naukri,2025-07-06
4887,HR Specialist,Bangalore,Senior,Bachelor,Referral,2025-12-17
4888,Sales Executive,Pune,Mid,Bachelor,CareerSite,2023-07-08
4889,Product Manager,Bangalore,Senior,Master,LinkedIn,2023-05-04
4890,HR Specialist,Delhi,Entry,Master,Referral,2025-12-14
4891,HR Specialist,Pune,Entry,Diploma,Referral,2024-01-09
4892,Product Manager,Chennai,Senior,Master,Referral,2024-03-04
4893,Software Engineer,Bangalore,Mid,Bachelor,Naukri,2025-06-16
4894,Software Engineer,Delhi,Senior,PhD,Naukri,2024-04-03
4895,Product Manager,Delhi,Mid,PhD,Referral,2025-11-20
4896,Data Analyst,Pune,Mid,Bachelor,Referral,2025-08-29
4897,Product Manager,Bangalore,Entry,PhD,Naukri,2024-09-15
4898,Software Engineer,Bangalore,Mid,Bachelor,Agency,2025-07-30
4899,Software Engineer,Pune,Mid,Bachelor,LinkedIn,2023-01-30
4900,Software Engineer,Mumbai,Entry,Bachelor,LinkedIn,2024-01-04
4901,Software Engineer,Pune,Mid,Diploma,Naukri,2024-12-08
4902,Software Engineer,Delhi,Senior,Bachelor,LinkedIn,2025-10-04
4903,Software Engineer,Chennai,Entry,PhD,LinkedIn,2024-02-08
4904,HR Specialist,Chennai,Entry,Bachelor,LinkedIn,2025-02-01
4905,Sales Executive,Bangalore,Senior,Bachelor,Naukri,2024-02-19
4906,Data Analyst,Delhi,Entry,PhD,Naukri,2025-01-15
4907,HR Specialist,Bangalore,Mid,Diploma,LinkedIn,2025-02-25
4908,Data Analyst,Pune,Mid,Master,Naukri,2025-12-22
4909,Product Manager,Delhi,Senior,Diploma,LinkedIn,2024-03-23
4910,Product Manager,Chennai,Senior,Bachelor,Naukri,2024-08-31
4911,Software Engineer,Chennai,Mid,Master,Agency,2023-09-17
4912,Sales Executive,Bangalore,Mid,PhD,LinkedIn,2025-02-27
4913,Product Manager,Bangalore,Mid,Master,CareerSite,2023-07-11
4914,HR Specialist,Bangalore,Mid,Bachelor,LinkedIn,2025-02-24
4915,Software Engineer,Delhi,Entry,PhD,Agency,2023-07-13
4916,Sales Executive,Pune,Senior,Bachelor,Naukri,2024-10-03
4917,Software Engineer,Delhi,Mid,Diploma,Referral,2025-05-21
4918,Data Analyst,Bangalore,Entry,Diploma,Naukri,2023-09-02
4919,Product Manager,Delhi,Senior,PhD,LinkedIn,2024-05-31
4920,HR Specialist,Bangalore,Mid,PhD,LinkedIn,2025-04-28
4921,HR Specialist,Mumbai,Mid,Master,CareerSite,2024-07-15
4922,Product Manager,Bangalore,Mid,Diploma,CareerSite,2023-03-18
4923,HR Specialist,Chennai,Senior,Diploma,LinkedIn,2023-09-01
4924,HR Specialist,Chennai,Senior,Master,Agency,2023-09-26
4925,HR Specialist,Bangalore,Senior,Bachelor,LinkedIn,2024-12-12
4926,HR Specialist,Delhi,Senior,Diploma,Referral,2023-07-14
4927,Data Analyst,Delhi,Entry,PhD,Referral,2024-10-15
4928,Sales Executive,Bangalore,Mid,Master,LinkedIn,2025-05-20
4929,Sales Executive,Delhi,Senior,Master,LinkedIn,2025-11-06
4930,Data Analyst,Chennai,Mid,Master,Naukri,2025-07-13
4931,HR Specialist,Bangalore,Senior,Diploma,LinkedIn,2024-12-18
4932,Data Analyst,Bangalore,Mid,PhD,LinkedIn,2025-01-16
4933,Software Engineer,Delhi,Entry,Bachelor,LinkedIn,2024-06-03
4934,HR Specialist,Pune,Senior,Diploma,LinkedIn,2024-05-06
4935,Software Engineer,Chennai,Senior,Diploma,Naukri,2023-05-14
4936,Software Engineer,Delhi,Mid,PhD,LinkedIn,2025-08-04
4937,Software Engineer,Pune,Mid,PhD,LinkedIn,2024-12-08
4938,Software Engineer,Pune,Mid,Bachelor,LinkedIn,2025-12-29
4939,HR Specialist,Bangalore,Mid,Bachelor,LinkedIn,2025-09-26
4940,Product Manager,Mumbai,Senior,Bachelor,LinkedIn,2025-03-23
4941,HR Specialist,Pune,Mid,Bachelor,Naukri,2025-02-21
4942,HR Specialist,Mumbai,Senior,Bachelor,CareerSite,2025-06-09
4943,Data Analyst,Mumbai,Mid,Bachelor,LinkedIn,2025-10-24
4944,Software Engineer,Pune,Senior,Bachelor,Naukri,2023-07-28
4945,HR Specialist,Delhi,Entry,Bachelor,Naukri,2023-06-27
4946,Product Manager,Mumbai,Senior,PhD,CareerSite,2023-04-22
4947,Software Engineer,Pune,Entry,PhD,LinkedIn,2025-01-29
4948,Sales Executive,Chennai,Senior,PhD,Referral,2025-05-16
4949,Product Manager,Mumbai,Entry,Bachelor,Naukri,2023-02-02
4950,Software Engineer,Mumbai,Senior,Bachelor,Referral,2023-11-18
4951,Data Analyst,Delhi,Entry,Diploma,LinkedIn,2024-11-04
4952,Software Engineer,Chennai,Entry,Bachelor,LinkedIn,2025-12-28
4953,Product Manager,Pune,Senior,PhD,LinkedIn,2025-12-18
4954,Software Engineer,Mumbai,Entry,Bachelor,LinkedIn,2023-05-16
4955,Data Analyst,Mumbai,Senior,Master,CareerSite,2024-06-23
4956,Sales Executive,Pune,Entry,Master,Naukri,2024-09-10
4957,Product Manager,Mumbai,Mid,PhD,Naukri,2023-11-23
4958,Product Manager,Chennai,Entry,Bachelor,Naukri,2025-07-31
4959,HR Specialist,Chennai,Mid,Bachelor,Agency,2024-09-18
4960,Product Manager,Mumbai,Entry,Master,LinkedIn,2023-11-09
4961,HR Specialist,Pune,Senior,Diploma,Referral,2025-10-30
4962,Data Analyst,Delhi,Senior,Master,Referral,2023-01-18
4963,Product Manager,Mumbai,Mid,PhD,Naukri,2024-07-08
4964,Data Analyst,Delhi,Senior,PhD,Naukri,2023-11-11
4965,Software Engineer,Delhi,Senior,PhD,LinkedIn,2024-01-31
4966,Sales Executive,Bangalore,Entry,Master,LinkedIn,2024-04-23
4967,Product Manager,Mumbai,Senior,Diploma,CareerSite,2023-09-21
4968,Sales Executive,Delhi,Mid,Diploma,LinkedIn,2024-01-26
4969,Software Engineer,Mumbai,Mid,Master,LinkedIn,2024-06-20
4970,Software Engineer,Pune,Entry,PhD,Naukri,2025-11-12
4971,Sales Executive,Mumbai,Mid,Diploma,Naukri,2025-03-13
4972,HR Specialist,Delhi,Senior,PhD,Referral,2023-10-24
4973,Software Engineer,Pune,Entry,Bachelor,Naukri,2023-08-26
4974,HR Specialist,Mumbai,Mid,Master,Naukri,2024-08-17
4975,Software Engineer,Chennai,Entry,Diploma,Referral,2024-08-30
4976,Sales Executive,Pune,Senior,Diploma,Naukri,2025-12-18
4977,Sales Executive,Delhi,Senior,PhD,Referral,2025-10-09
4978,HR Specialist,Bangalore,Mid,Master,Naukri,2025-12-24
4979,HR Specialist,Pune,Senior,Diploma,Referral,2024-09-09
4980,Software Engineer,Delhi,Mid,Bachelor,LinkedIn,2023-02-03
4981,Product Manager,Chennai,Entry,PhD,Referral,2024-03-12
4982,Sales Executive,Delhi,Entry,Bachelor,Naukri,2023-06-23
4983,Sales Executive,Mumbai,Senior,Master,LinkedIn,2024-02-06
4984,Data Analyst,Pune,Mid,Diploma,Naukri,2024-02-25
4985,Software Engineer,Mumbai,Entry,PhD,Naukri,2024-10-29
4986,Product Manager,Chennai,Senior,Diploma,LinkedIn,2025-03-25
4987,Sales Executive,Pune,Senior,PhD,Naukri,2025-11-16
4988,HR Specialist,Chennai,Senior,Diploma,LinkedIn,2024-09-17
4989,HR Specialist,Pune,Mid,PhD,Naukri,2025-03-17
4990,Software Engineer,Pune,Entry,Diploma,Naukri,2024-05-13
4991,Data Analyst,Delhi,Entry,Master,Naukri,2025-09-01
4992,Software Engineer,Pune,Senior,Master,CareerSite,2025-04-21
4993,Product Manager,Pune,Entry,Diploma,LinkedIn,2023-05-20
4994,Software Engineer,Delhi,Entry,Master,LinkedIn,2024-09-27
4995,Sales Executive,Chennai,Senior,Diploma,Referral,2025-05-12
4996,Data Analyst,Pune,Senior,PhD,LinkedIn,2023-01-24
4997,Product Manager,Mumbai,Senior,Bachelor,LinkedIn,2025-01-28
4998,HR Specialist,Delhi,Mid,PhD,LinkedIn,2024-12-02
4999,Product Manager,Mumbai,Entry,Diploma,Referral,2023-05-26
5000,HR Specialist,Delhi,Senior,Bachelor,Naukri,2026-01-01
5001,Product Manager,Chennai,Mid,Bachelor,Naukri,2025-05-17
5002,Product Manager,Delhi,Senior,Bachelor,LinkedIn,2024-07-08
5003,Sales Executive,Delhi,Senior,Bachelor,Naukri,2025-07-27
5004,HR Specialist,Mumbai,Mid,Bachelor,Naukri,2025-10-02
5005,Data Analyst,Bangalore,Mid,Master,CareerSite,2024-04-29
5006,Software Engineer,Pune,Entry,PhD,Agency,2023-04-20
5007,Product Manager,Pune,Entry,PhD,Naukri,2025-01-08
5008,Product Manager,Bangalore,Entry,Bachelor,Naukri,2024-04-17
5009,Product Manager,Pune,Entry,PhD,LinkedIn,2023-03-19
5010,Product Manager,Mumbai,Senior,Bachelor,Naukri,2023-08-05
5011,HR Specialist,Delhi,Senior,Master,Referral,2025-06-12
5012,Sales Executive,Mumbai,Senior,Diploma,LinkedIn,2025-10-13
5013,Product Manager,Delhi,Senior,Master,LinkedIn,2023-07-20
5014,Sales Executive,Bangalore,Entry,Bachelor,LinkedIn,2025-12-31
5015,Data Analyst,Pune,Entry,PhD,Referral,2024-12-06
5016,Product Manager,Delhi,Mid,Diploma,LinkedIn,2024-08-29
5017,Sales Executive,Bangalore,Entry,Master,Referral,2025-03-11
5018,HR Specialist,Mumbai,Mid,PhD,CareerSite,2025-04-14
5019,Sales Executive,Bangalore,Mid,PhD,LinkedIn,2024-05-04
5020,Sales Executive,Delhi,Senior,Master,Referral,2025-09-15
5021,Software Engineer,Bangalore,Entry,Master,Naukri,2024-04-02
5022,HR Specialist,Delhi,Senior,Bachelor,Naukri,2024-11-25
5023,Software Engineer,Pune,Entry,Diploma,LinkedIn,2025-12-08
5024,Software Engineer,Delhi,Entry,Diploma,Referral,2025-01-23
5025,Data Analyst,Chennai,Entry,Master,Naukri,2025-07-24
5026,Product Manager,Bangalore,Mid,Diploma,LinkedIn,2024-04-08
5027,Product Manager,Bangalore,Entry,PhD,LinkedIn,2025-05-28
5028,HR Specialist,Pune,Mid,Bachelor,LinkedIn,2025-09-24
5029,Software Engineer,Delhi,Senior,Bachelor,Naukri,2025-12-29
5030,Product Manager,Chennai,Senior,PhD,CareerSite,2025-07-16
5031,Software Engineer,Mumbai,Senior,Diploma,CareerSite,2025-03-25
5032,Product Manager,Pune,Mid,Bachelor,Agency,2025-03-10
5033,Data Analyst,Chennai,Senior,Bachelor,Referral,2024-12-29
5034,Sales Executive,Delhi,Senior,PhD,CareerSite,2025-07-01
5035,HR Specialist,Pune,Entry,Master,LinkedIn,2025-04-25
5036,Sales Executive,Delhi,Senior,Master,Referral,2023-04-26
5037,Data Analyst,Pune,Entry,Master,Referral,2024-02-16
5038,Software Engineer,Mumbai,Entry,Master,LinkedIn,2025-06-11
5039,Product Manager,Mumbai,Senior,PhD,LinkedIn,2023-03-17
5040,Software Engineer,Mumbai,Entry,Diploma,Referral,2025-10-27
5041,Software Engineer,Pune,Entry,Diploma,Naukri,2025-05-08
5042,Software Engineer,Mumbai,Mid,Bachelor,LinkedIn,2024-10-30
5043,Sales Executive,Chennai,Entry,Bachelor,Agency,2024-02-12
5044,Product Manager,Chennai,Entry,Master,LinkedIn,2024-08-23
5045,Data Analyst,Pune,Entry,Bachelor,LinkedIn,2023-04-27
5046,Software Engineer,Bangalore,Mid,PhD,LinkedIn,2025-09-20
5047,Sales Executive,Mumbai,Senior,Diploma,LinkedIn,2025-07-15
5048,Sales Executive,Pune,Mid,Diploma,Agency,2024-01-27
5049,Software Engineer,Chennai,Mid,Diploma,Referral,2024-06-23
5050,HR Specialist,Mumbai,Senior,Bachelor,Naukri,2025-04-05
5051,Sales Executive,Pune,Entry,Master,Naukri,2023-11-08
5052,Sales Executive,Bangalore,Entry,Diploma,LinkedIn,2025-02-26
5053,Sales Executive,Bangalore,Entry,Master,Referral,2024-04-16
5054,Sales Executive,Pune,Mid,Bachelor,Naukri,2023-11-10
5055,Data Analyst,Bangalore,Entry,Diploma,Referral,2024-08-24
5056,HR Specialist,Bangalore,Senior,Master,Agency,2024-12-03
5057,Product Manager,Mumbai,Entry,PhD,Naukri,2025-05-05
5058,Software Engineer,Chennai,Entry,Bachelor,LinkedIn,2026-01-01
5059,Software Engineer,Chennai,Senior,Master,LinkedIn,2023-09-18
5060,Software Engineer,Mumbai,Entry,Master,LinkedIn,2023-04-26
5061,HR Specialist,Bangalore,Entry,Master,LinkedIn,2025-10-05
5062,Data Analyst,Pune,Entry,PhD,LinkedIn,2024-10-23
5063,Software Engineer,Chennai,Entry,Master,Referral,2023-12-15
5064,Sales Executive,Chennai,Entry,Diploma,Referral,2025-06-11
5065,HR Specialist,Delhi,Senior,PhD,Referral,2024-12-12
5066,Software Engineer,Bangalore,Mid,Diploma,Agency,2025-06-23
5067,Sales Executive,Pune,Mid,Bachelor,Naukri,2025-07-13
5068,HR Specialist,Delhi,Entry,PhD,LinkedIn,2024-06-30
5069,Product Manager,Bangalore,Senior,PhD,Naukri,2023-01-26
5070,Data Analyst,Chennai,Mid,PhD,LinkedIn,2024-08-11
5071,Software Engineer,Pune,Entry,Diploma,LinkedIn,2025-12-18
5072,Software Engineer,Bangalore,Entry,Diploma,LinkedIn,2023-04-08
5073,Software Engineer,Bangalore,Senior,PhD,LinkedIn,2025-02-03
5074,Sales Executive,Chennai,Senior,PhD,Referral,2023-12-31
5075,Product Manager,Delhi,Mid,Master,LinkedIn,2025-06-26
5076,HR Specialist,Bangalore,Senior,Diploma,Naukri,2025-08-12
5077,HR Specialist,Bangalore,Mid,Bachelor,Agency,2023-02-24
5078,Data Analyst,Chennai,Mid,PhD,LinkedIn,2025-05-02
5079,HR Specialist,Mumbai,Senior,PhD,Naukri,2024-07-06
5080,HR Specialist,Pune,Mid,Diploma,LinkedIn,2025-12-27
5081,Data Analyst,Mumbai,Entry,Master,Naukri,2024-12-14
5082,HR Specialist,Mumbai,Entry,Master,LinkedIn,2024-02-06
5083,HR Specialist,Pune,Senior,Bachelor,Referral,2023-08-22
5084,Software Engineer,Pune,Senior,Bachelor,Naukri,2025-03-11
5085,Product Manager,Chennai,Senior,PhD,Referral,2026-01-01
5086,Software Engineer,Delhi,Senior,Bachelor,LinkedIn,2024-04-27
5087,Data Analyst,Pune,Entry,PhD,Naukri,2024-06-27
5088,Software Engineer,Mumbai,Senior,Bachelor,Agency,2025-09-27
5089,Data Analyst,Mumbai,Mid,Master,LinkedIn,2025-03-25
5090,HR Specialist,Delhi,Senior,PhD,Naukri,2024-10-20
5091,Sales Executive,Pune,Senior,Bachelor,Naukri,2025-07-17
5092,Product Manager,Pune,Senior,PhD,Referral,2025-01-22
5093,Product Manager,Chennai,Senior,Bachelor,Referral,2025-07-24
5094,Sales Executive,Bangalore,Mid,Bachelor,LinkedIn,2024-05-23
5095,Product Manager,Mumbai,Senior,PhD,LinkedIn,2023-07-20
5096,Data Analyst,Mumbai,Mid,Bachelor,LinkedIn,2025-03-28
5097,HR Specialist,Delhi,Mid,Diploma,LinkedIn,2025-10-28
5098,Sales Executive,Mumbai,Senior,Bachelor,LinkedIn,2025-04-30
5099,Data Analyst,Delhi,Entry,Bachelor,Naukri,2025-02-03
5100,HR Specialist,Pune,Senior,PhD,Agency,2023-06-11
5101,HR Specialist,Delhi,Entry,Bachelor,CareerSite,2025-10-18
5102,Sales Executive,Bangalore,Mid,PhD,Referral,2026-01-01
5103,Product Manager,Bangalore,Senior,Diploma,LinkedIn,2024-08-16
5104,Product Manager,Chennai,Entry,Master,CareerSite,2023-08-07
5105,Software Engineer,Bangalore,Mid,Diploma,LinkedIn,2023-07-04
5106,Product Manager,Pune,Entry,Master,CareerSite,2024-07-16
5107,Software Engineer,Mumbai,Mid,Diploma,LinkedIn,2025-01-22
5108,Software Engineer,Chennai,Senior,PhD,Referral,2023-12-11
5109,Product Manager,Bangalore,Mid,Bachelor,Referral,2025-12-28
5110,HR Specialist,Bangalore,Entry,PhD,Agency,2024-10-06
5111,HR Specialist,Mumbai,Entry,PhD,LinkedIn,2025-12-10
5112,Sales Executive,Pune,Mid,Diploma,CareerSite,2024-05-21
5113,Sales Executive,Delhi,Entry,Bachelor,Naukri,2023-03-01
5114,Data Analyst,Delhi,Entry,Bachelor,Naukri,2025-02-04
5115,Software Engineer,Bangalore,Senior,Bachelor,LinkedIn,2025-10-28
5116,Software Engineer,Delhi,Mid,Diploma,Agency,2024-03-09
5117,HR Specialist,Pune,Entry,Master,Naukri,2023-04-14
5118,HR Specialist,Delhi,Senior,Bachelor,LinkedIn,2023-07-19
5119,Product Manager,Delhi,Entry,Master,Referral,2024-11-27
5120,Sales Executive,Bangalore,Mid,Diploma,Naukri,2023-07-20
5121,Product Manager,Chennai,Entry,PhD,CareerSite,2024-12-31
5122,Product Manager,Mumbai,Senior,Diploma,Naukri,2025-05-06
5123,HR Specialist,Chennai,Mid,Bachelor,LinkedIn,2024-05-28
5124,Product Manager,Pune,Mid,Bachelor,Referral,2025-10-15
5125,HR Specialist,Bangalore,Entry,Diploma,Naukri,2025-07-11
5126,Software Engineer,Chennai,Entry,Diploma,LinkedIn,2023-08-01
5127,Software Engineer,Pune,Senior,PhD,Referral,2025-01-04
5128,Data Analyst,Pune,Entry,Diploma,Naukri,2024-12-01
5129,Software Engineer,Mumbai,Senior,Bachelor,LinkedIn,2024-12-09
5130,Data Analyst,Mumbai,Mid,Diploma,LinkedIn,2023-10-11
5131,Software Engineer,Delhi,Senior,Diploma,LinkedIn,2025-06-23
5132,Product Manager,Mumbai,Mid,PhD,LinkedIn,2024-08-26
5133,Software Engineer,Delhi,Senior,PhD,Naukri,2025-04-08
5134,Product Manager,Bangalore,Senior,Diploma,LinkedIn,2023-05-24
5135,Product Manager,Delhi,Mid,Master,LinkedIn,2024-01-14
5136,Product Manager,Pune,Senior,PhD,LinkedIn,2024-11-18
5137,Data Analyst,Mumbai,Mid,Diploma,LinkedIn,2025-08-12
5138,Software Engineer,Mumbai,Entry,Diploma,Referral,2024-09-07
5139,HR Specialist,Delhi,Senior,Bachelor,LinkedIn,2023-01-21
5140,Data Analyst,Pune,Entry,Bachelor,LinkedIn,2025-06-07
5141,Product Manager,Bangalore,Entry,Master,LinkedIn,2024-12-31
5142,Product Manager,Mumbai,Senior,Master,CareerSite,2025-10-06
5143,Product Manager,Delhi,Entry,Diploma,Referral,2025-03-11
5144,Software Engineer,Bangalore,Senior,Diploma,LinkedIn,2025-01-24
5145,Product Manager,Delhi,Senior,Master,LinkedIn,2025-08-15
5146,HR Specialist,Mumbai,Entry,Diploma,Referral,2024-09-12
5147,HR Specialist,Chennai,Mid,PhD,LinkedIn,2023-09-02
5148,Data Analyst,Bangalore,Senior,Master,Referral,2024-02-07
5149,Data Analyst,Delhi,Mid,Diploma,LinkedIn,2023-09-15
5150,Data Analyst,Mumbai,Entry,Bachelor,Naukri,2023-10-20
5151,Sales Executive,Bangalore,Entry,Diploma,LinkedIn,2024-10-13
5152,Software Engineer,Chennai,Mid,PhD,Agency,2025-06-15
5153,Sales Executive,Bangalore,Entry,Master,Naukri,2024-10-12
5154,Software Engineer,Mumbai,Mid,Bachelor,Naukri,2024-11-23
5155,Software Engineer,Chennai,Entry,Master,Referral,2025-10-13
5156,Software Engineer,Bangalore,Senior,Master,LinkedIn,2025-02-24
5157,Sales Executive,Pune,Mid,Diploma,LinkedIn,2025-03-29
5158,Product Manager,Mumbai,Entry,Bachelor,LinkedIn,2024-06-11
5159,HR Specialist,Chennai,Mid,Bachelor,LinkedIn,2025-04-13
5160,HR Specialist,Mumbai,Entry,Master,CareerSite,2024-07-17
5161,Data Analyst,Chennai,Mid,PhD,Naukri,2025-11-15
5162,Software Engineer,Bangalore,Entry,PhD,LinkedIn,2024-09-04
5163,Software Engineer,Bangalore,Entry,Diploma,Referral,2024-04-27
5164,Sales Executive,Bangalore,Entry,Diploma,Naukri,2024-07-12
5165,Software Engineer,Mumbai,Mid,Diploma,LinkedIn,2025-02-12
5166,Software Engineer,Delhi,Entry,Master,Naukri,2023-07-12
5167,HR Specialist,Chennai,Mid,Bachelor,LinkedIn,2023-07-27
5168,HR Specialist,Chennai,Senior,Diploma,Referral,2024-10-03
5169,Software Engineer,Bangalore,Entry,Diploma,Referral,2025-07-25
5170,Product Manager,Delhi,Entry,PhD,LinkedIn,2025-07-24
5171,Sales Executive,Delhi,Mid,Bachelor,Referral,2023-02-09
5172,Sales Executive,Pune,Entry,Bachelor,LinkedIn,2025-12-23
5173,Data Analyst,Chennai,Entry,Bachelor,LinkedIn,2025-03-19
5174,Sales Executive,Chennai,Senior,Diploma,LinkedIn,2024-11-05
5175,Sales Executive,Bangalore,Entry,Bachelor,LinkedIn,2024-01-13
5176,Software Engineer,Bangalore,Entry,Master,LinkedIn,2024-07-27
5177,Software Engineer,Mumbai,Senior,PhD,Agency,2025-09-07
5178,Data Analyst,Pune,Senior,Diploma,Referral,2023-12-17
5179,Data Analyst,Pune,Mid,Diploma,CareerSite,2025-08-05
5180,Software Engineer,Chennai,Entry,PhD,LinkedIn,2025-11-25
5181,Data Analyst,Chennai,Entry,Diploma,CareerSite,2025-07-01
5182,Sales Executive,Bangalore,Entry,Diploma,LinkedIn,2025-05-13
5183,Sales Executive,Pune,Senior,Diploma,Naukri,2025-01-16
5184,Software Engineer,Bangalore,Senior,PhD,CareerSite,2023-12-03
5185,Software Engineer,Mumbai,Mid,Diploma,Naukri,2025-10-15
5186,Sales Executive,Chennai,Entry,Bachelor,LinkedIn,2024-08-14
5187,HR Specialist,Mumbai,Senior,Bachelor,CareerSite,2025-09-25
5188,Product Manager,Bangalore,Mid,PhD,LinkedIn,2023-05-11
5189,HR Specialist,Bangalore,Senior,Diploma,Agency,2024-11-12
5190,Data Analyst,Chennai,Mid,PhD,Referral,2025-09-10
5191,Product Manager,Pune,Senior,Diploma,Naukri,2024-04-10
5192,HR Specialist,Mumbai,Entry,Master,LinkedIn,2025-09-23
5193,Product Manager,Delhi,Senior,PhD,Naukri,2025-04-23
5194,Data Analyst,Chennai,Entry,Master,Agency,2025-05-28
5195,Product Manager,Delhi,Senior,PhD,LinkedIn,2025-02-13
5196,Product Manager,Bangalore,Entry,Diploma,Naukri,2025-07-25
5197,Software Engineer,Pune,Entry,Bachelor,Agency,2026-01-01
5198,HR Specialist,Bangalore,Senior,PhD,Referral,2023-06-04
5199,Sales Executive,Chennai,Senior,Master,CareerSite,2023-07-11
5200,Product Manager,Mumbai,Entry,Master,Referral,2025-07-28
5201,Software Engineer,Chennai,Entry,Bachelor,Naukri,2025-09-02
5202,Software Engineer,Delhi,Mid,Bachelor,LinkedIn,2025-09-25
5203,Data Analyst,Pune,Mid,Bachelor,LinkedIn,2023-11-30
5204,Sales Executive,Delhi,Senior,Master,Naukri,2024-02-24
5205,Software Engineer,Chennai,Mid,Diploma,LinkedIn,2024-10-11
5206,Software Engineer,Bangalore,Senior,Diploma,Naukri,2024-07-03
5207,Software Engineer,Bangalore,Senior,Diploma,Naukri,2025-09-02
5208,Sales Executive,Chennai,Mid,Diploma,Referral,2025-06-30
5209,Product Manager,Chennai,Senior,Master,Naukri,2023-06-17
5210,HR Specialist,Pune,Mid,Master,LinkedIn,2025-09-13
5211,Software Engineer,Mumbai,Mid,Master,Referral,2024-02-11
5212,Product Manager,Chennai,Entry,Bachelor,Naukri,2026-01-01
5213,Sales Executive,Mumbai,Entry,Master,LinkedIn,2023-12-23
5214,Software Engineer,Delhi,Entry,Master,Agency,2025-02-14
5215,HR Specialist,Bangalore,Entry,Diploma,LinkedIn,2025-08-02
5216,HR Specialist,Mumbai,Entry,PhD,Naukri,2024-12-13
5217,HR Specialist,Chennai,Senior,Master,Naukri,2023-03-03
5218,HR Specialist,Delhi,Entry,Bachelor,LinkedIn,2023-07-27
5219,Software Engineer,Bangalore,Senior,Master,LinkedIn,2026-01-01
5220,Software Engineer,Bangalore,Senior,Diploma,LinkedIn,2024-04-03
5221,Product Manager,Chennai,Mid,PhD,Naukri,2025-01-13
5222,Product Manager,Bangalore,Senior,Master,Naukri,2025-05-14
5223,Software Engineer,Bangalore,Senior,PhD,LinkedIn,2025-11-09
5224,Sales Executive,Bangalore,Entry,Diploma,LinkedIn,2024-09-14
5225,Software Engineer,Mumbai,Entry,Master,LinkedIn,2024-11-26
5226,Data Analyst,Bangalore,Senior,Master,CareerSite,2025-06-12
5227,Data Analyst,Bangalore,Senior,Master,LinkedIn,2023-09-29
5228,Product Manager,Mumbai,Senior,Diploma,Naukri,2025-11-09
5229,Product Manager,Pune,Mid,Master,CareerSite,2023-12-29
5230,HR Specialist,Pune,Mid,Master,LinkedIn,2024-08-15
5231,HR Specialist,Delhi,Mid,Bachelor,Referral,2023-05-06
5232,Software Engineer,Mumbai,Mid,Diploma,LinkedIn,2025-09-19
5233,Sales Executive,Delhi,Senior,PhD,Referral,2025-05-21
5234,HR Specialist,Chennai,Entry,PhD,Agency,2025-09-12
5235,Software Engineer,Pune,Entry,Bachelor,LinkedIn,2024-07-25
5236,Software Engineer,Delhi,Mid,Master,Referral,2025-01-12
5237,Data Analyst,Delhi,Mid,Bachelor,Referral,2023-08-20
5238,Software Engineer,Delhi,Senior,Master,CareerSite,2025-10-18
5239,HR Specialist,Mumbai,Entry,Master,Naukri,2024-12-09
5240,Product Manager,Pune,Mid,Bachelor,Naukri,2024-09-26
5241,Data Analyst,Delhi,Senior,Bachelor,LinkedIn,2025-08-21
5242,HR Specialist,Chennai,Senior,Diploma,LinkedIn,2025-10-20
5243,Product Manager,Bangalore,Mid,PhD,LinkedIn,2023-07-18
5244,Sales Executive,Chennai,Entry,Bachelor,Naukri,2023-01-30
5245,Data Analyst,Delhi,Senior,PhD,LinkedIn,2024-02-27
5246,Data Analyst,Chennai,Senior,Master,LinkedIn,2023-03-01
5247,Software Engineer,Delhi,Entry,PhD,Agency,2025-02-15
5248,HR Specialist,Bangalore,Entry,Master,Referral,2025-08-18
5249,HR Specialist,Chennai,Entry,Bachelor,LinkedIn,2023-03-09
5250,HR Specialist,Chennai,Mid,Master,Agency,2024-08-13
5251,HR Specialist,Chennai,Mid,Diploma,LinkedIn,2023-06-11
5252,Data Analyst,Mumbai,Entry,PhD,LinkedIn,2024-07-11
5253,Software Engineer,Mumbai,Entry,PhD,LinkedIn,2025-02-16
5254,HR Specialist,Pune,Senior,Master,LinkedIn,2025-10-26
5255,HR Specialist,Pune,Senior,PhD,Naukri,2023-05-26
5256,HR Specialist,Delhi,Mid,Bachelor,CareerSite,2025-05-28
5257,Product Manager,Mumbai,Senior,Diploma,LinkedIn,2025-06-18
5258,Data Analyst,Chennai,Entry,PhD,LinkedIn,2024-08-08
5259,Product Manager,Pune,Entry,Diploma,Naukri,2023-10-04
5260,HR Specialist,Delhi,Mid,Bachelor,Naukri,2023-01-28
5261,Software Engineer,Pune,Entry,PhD,Naukri,2024-11-12
5262,Data Analyst,Pune,Entry,Diploma,Naukri,2025-09-04
5263,HR Specialist,Chennai,Mid,Diploma,Naukri,2024-03-01
5264,Data Analyst,Pune,Entry,Bachelor,LinkedIn,2025-02-07
5265,Sales Executive,Bangalore,Mid,Diploma,CareerSite,2023-09-13
5266,Product Manager,Chennai,Mid,Master,LinkedIn,2024-05-10
5267,Sales Executive,Bangalore,Entry,Master,Naukri,2025-12-05
5268,HR Specialist,Bangalore,Mid,Bachelor,Naukri,2025-05-03
5269,Product Manager,Delhi,Entry,Diploma,LinkedIn,2023-03-20
5270,Product Manager,Mumbai,Entry,Bachelor,Agency,2024-07-20
5271,Data Analyst,Mumbai,Entry,Bachelor,LinkedIn,2026-01-01
5272,Sales Executive,Pune,Mid,PhD,Referral,2023-04-27
5273,Software Engineer,Bangalore,Mid,Diploma,Referral,2023-01-27
5274,Data Analyst,Delhi,Senior,Diploma,Agency,2025-07-13
5275,Sales Executive,Chennai,Senior,Bachelor,Referral,2023-01-16
5276,Data Analyst,Delhi,Entry,Diploma,LinkedIn,2024-03-22
5277,HR Specialist,Pune,Mid,PhD,Referral,2024-12-10
5278,Software Engineer,Bangalore,Entry,Bachelor,Referral,2023-02-24
5279,Product Manager,Mumbai,Entry,Master,Referral,2024-06-21
5280,Product Manager,Chennai,Senior,Bachelor,LinkedIn,2025-12-02
5281,Data Analyst,Pune,Mid,PhD,LinkedIn,2025-03-16
5282,HR Specialist,Mumbai,Mid,Diploma,Naukri,2024-10-26
5283,Sales Executive,Pune,Entry,Diploma,LinkedIn,2025-06-26
5284,Sales Executive,Mumbai,Senior,Master,LinkedIn,2025-10-10
5285,Software Engineer,Delhi,Entry,PhD,LinkedIn,2023-04-04
5286,Sales Executive,Delhi,Entry,Master,Naukri,2024-06-13
5287,Sales Executive,Delhi,Entry,Diploma,Naukri,2024-07-11
5288,Product Manager,Bangalore,Entry,Master,CareerSite,2025-08-09
5289,Software Engineer,Mumbai,Senior,Diploma,LinkedIn,2025-11-22
5290,Data Analyst,Delhi,Entry,Master,LinkedIn,2025-11-20
5291,Software Engineer,Delhi,Mid,Diploma,Referral,2023-12-31
5292,Software Engineer,Bangalore,Entry,PhD,Naukri,2024-03-29
5293,Software Engineer,Delhi,Mid,Bachelor,Agency,2023-11-22
5294,Data Analyst,Delhi,Entry,Bachelor,LinkedIn,2025-09-01
5295,Software Engineer,Chennai,Mid,Master,Referral,2024-10-23
5296,HR Specialist,Bangalore,Mid,PhD,LinkedIn,2025-03-23
5297,Sales Executive,Chennai,Mid,PhD,Naukri,2023-09-27
5298,Product Manager,Pune,Mid,PhD,Naukri,2023-02-04
5299,Sales Executive,Pune,Entry,Diploma,LinkedIn,2023-12-14
5300,Software Engineer,Bangalore,Mid,Master,LinkedIn,2023-09-21
5301,Data Analyst,Bangalore,Entry,PhD,LinkedIn,2024-06-28
5302,Product Manager,Mumbai,Senior,Bachelor,LinkedIn,2025-08-09
5303,Product Manager,Bangalore,Entry,Diploma,Referral,2023-04-02
5304,HR Specialist,Pune,Senior,Master,LinkedIn,2025-09-17
5305,HR Specialist,Pune,Senior,Diploma,Naukri,2025-04-29
5306,Software Engineer,Pune,Entry,Bachelor,Naukri,2024-02-09
5307,HR Specialist,Chennai,Mid,Diploma,Referral,2025-11-23
5308,Product Manager,Delhi,Entry,Diploma,Naukri,2025-02-22
5309,Product Manager,Mumbai,Entry,Bachelor,Referral,2023-04-24
5310,HR Specialist,Chennai,Entry,PhD,LinkedIn,2024-08-20
5311,Data Analyst,Mumbai,Mid,Diploma,LinkedIn,2023-11-12
5312,Product Manager,Mumbai,Senior,Master,Naukri,2025-04-11
5313,Data Analyst,Delhi,Mid,PhD,LinkedIn,2024-10-01
5314,Product Manager,Pune,Senior,Master,LinkedIn,2025-08-17
5315,Data Analyst,Delhi,Mid,PhD,Naukri,2024-10-26
5316,Data Analyst,Chennai,Senior,PhD,Naukri,2024-11-08
5317,Data Analyst,Pune,Entry,Bachelor,Naukri,2025-12-01
5318,Software Engineer,Delhi,Mid,Bachelor,Referral,2024-08-18
5319,Product Manager,Mumbai,Mid,Bachelor,LinkedIn,2024-12-01
5320,Sales Executive,Delhi,Mid,Master,Naukri,2024-04-30
5321,Sales Executive,Delhi,Mid,Diploma,Naukri,2025-03-15
5322,Data Analyst,Chennai,Senior,PhD,Agency,2025-03-28
5323,HR Specialist,Delhi,Mid,Bachelor,LinkedIn,2023-05-13
5324,Sales Executive,Delhi,Mid,Diploma,Naukri,2024-06-08
5325,Data Analyst,Chennai,Mid,Diploma,Referral,2025-09-04
5326,HR Specialist,Mumbai,Senior,PhD,Referral,2024-07-10
5327,HR Specialist,Mumbai,Mid,Bachelor,Naukri,2025-02-12
5328,HR Specialist,Chennai,Mid,Bachelor,Naukri,2023-07-21
5329,Sales Executive,Mumbai,Entry,PhD,Referral,2023-12-24
5330,HR Specialist,Pune,Mid,Master,Naukri,2024-11-16
5331,Data Analyst,Mumbai,Senior,Bachelor,Naukri,2025-05-02
5332,Data Analyst,Mumbai,Senior,Master,LinkedIn,2024-01-31
5333,HR Specialist,Bangalore,Senior,Diploma,Naukri,2024-01-09
5334,Product Manager,Bangalore,Mid,Master,LinkedIn,2023-09-12
5335,HR Specialist,Mumbai,Mid,Master,Referral,2024-08-08
5336,Sales Executive,Bangalore,Senior,Master,LinkedIn,2025-01-02
5337,Software Engineer,Chennai,Senior,Bachelor,LinkedIn,2025-03-04
5338,Software Engineer,Delhi,Senior,PhD,LinkedIn,2025-01-20
5339,Sales Executive,Delhi,Entry,Diploma,LinkedIn,2023-07-27
5340,Product Manager,Delhi,Entry,Bachelor,LinkedIn,2025-06-12
5341,Product Manager,Bangalore,Entry,Bachelor,LinkedIn,2023-12-25
5342,Data Analyst,Bangalore,Senior,PhD,Referral,2024-10-16
5343,Sales Executive,Pune,Entry,Master,CareerSite,2024-08-11
5344,Data Analyst,Delhi,Entry,Diploma,Referral,2025-03-04
5345,Sales Executive,Chennai,Entry,Bachelor,CareerSite,2024-09-28
5346,Data Analyst,Delhi,Senior,Master,LinkedIn,2024-10-14
5347,Sales Executive,Bangalore,Senior,Master,Referral,2023-02-20
5348,HR Specialist,Delhi,Senior,Diploma,LinkedIn,2024-05-12
5349,Sales Executive,Mumbai,Mid,Master,LinkedIn,2023-11-25
5350,Data Analyst,Delhi,Mid,Diploma,Referral,2025-10-25
5351,HR Specialist,Pune,Entry,PhD,Referral,2025-08-10
5352,Software Engineer,Pune,Entry,Master,LinkedIn,2023-05-15
5353,Sales Executive,Chennai,Entry,Bachelor,LinkedIn,2025-03-09
5354,HR Specialist,Bangalore,Entry,Diploma,Naukri,2023-08-31
5355,Sales Executive,Mumbai,Entry,Master,Referral,2024-09-11
5356,Sales Executive,Delhi,Senior,Diploma,LinkedIn,2024-07-05
5357,Software Engineer,Delhi,Senior,Bachelor,Agency,2025-08-04
5358,Sales Executive,Mumbai,Mid,Bachelor,LinkedIn,2025-12-22
5359,Sales Executive,Mumbai,Senior,PhD,Referral,2025-11-20
5360,Data Analyst,Delhi,Mid,PhD,Naukri,2025-01-11
5361,Sales Executive,Bangalore,Mid,Diploma,Naukri,2025-10-29
5362,Product Manager,Mumbai,Senior,PhD,CareerSite,2025-11-04
5363,Sales Executive,Bangalore,Senior,PhD,Referral,2025-12-31
5364,HR Specialist,Delhi,Senior,Bachelor,LinkedIn,2025-04-16
5365,HR Specialist,Pune,Mid,Diploma,Referral,2023-08-04
5366,Sales Executive,Delhi,Mid,Master,Naukri,2025-07-02
5367,Sales Executive,Chennai,Senior,PhD,Agency,2024-09-29
5368,Product Manager,Pune,Entry,Diploma,LinkedIn,2023-12-24
5369,HR Specialist,Pune,Entry,Bachelor,LinkedIn,2023-03-27
5370,Software Engineer,Chennai,Senior,Master,Naukri,2025-01-15
5371,Data Analyst,Pune,Senior,Diploma,Naukri,2023-10-23
5372,Data Analyst,Pune,Entry,Bachelor,CareerSite,2024-03-10
5373,Sales Executive,Chennai,Senior,Bachelor,CareerSite,2025-11-03
5374,HR Specialist,Delhi,Entry,Bachelor,Naukri,2025-11-06
5375,Product Manager,Pune,Entry,PhD,LinkedIn,2024-11-15
5376,Software Engineer,Pune,Entry,Master,CareerSite,2023-06-12
5377,Product Manager,Pune,Senior,Master,LinkedIn,2023-02-16
5378,Software Engineer,Bangalore,Entry,Master,Referral,2023-01-27
5379,Sales Executive,Bangalore,Senior,Bachelor,LinkedIn,2024-02-26
5380,Software Engineer,Pune,Entry,Bachelor,Agency,2025-09-19
5381,Product Manager,Delhi,Senior,Master,Referral,2024-01-15
5382,Data Analyst,Pune,Senior,Bachelor,LinkedIn,2024-02-09
5383,Software Engineer,Chennai,Entry,PhD,Agency,2025-03-09
5384,HR Specialist,Delhi,Senior,PhD,Agency,2024-08-02
5385,Software Engineer,Pune,Entry,Master,Naukri,2023-10-27
5386,Sales Executive,Delhi,Entry,Diploma,Referral,2025-01-09
5387,Software Engineer,Pune,Mid,Master,Naukri,2025-10-30
5388,HR Specialist,Mumbai,Mid,Master,LinkedIn,2025-09-16
5389,Sales Executive,Bangalore,Mid,Bachelor,Referral,2023-07-16
5390,HR Specialist,Chennai,Senior,Diploma,LinkedIn,2023-11-25
5391,Sales Executive,Delhi,Senior,Bachelor,Agency,2025-06-11
5392,Product Manager,Bangalore,Mid,PhD,Naukri,2024-04-04
5393,Data Analyst,Bangalore,Senior,Bachelor,Naukri,2025-02-08
5394,Product Manager,Pune,Senior,PhD,LinkedIn,2024-05-24
5395,Data Analyst,Mumbai,Mid,Bachelor,Referral,2025-12-06
5396,Software Engineer,Pune,Senior,Bachelor,LinkedIn,2023-03-03
5397,Sales Executive,Mumbai,Entry,Bachelor,Naukri,2025-12-01
5398,Software Engineer,Pune,Senior,Master,LinkedIn,2024-03-16
5399,Software Engineer,Pune,Entry,Master,Naukri,2025-08-03
5400,Sales Executive,Mumbai,Mid,PhD,Naukri,2025-12-27
5401,Product Manager,Bangalore,Mid,PhD,Agency,2025-01-21
5402,Software Engineer,Mumbai,Entry,Master,Referral,2024-07-22
5403,Software Engineer,Delhi,Entry,Master,LinkedIn,2024-05-19
5404,Data Analyst,Mumbai,Senior,Diploma,CareerSite,2023-07-20
5405,Software Engineer,Mumbai,Entry,Diploma,LinkedIn,2023-08-12
5406,Product Manager,Delhi,Senior,Master,Naukri,2025-04-27
5407,HR Specialist,Pune,Senior,Diploma,Naukri,2025-03-22
5408,HR Specialist,Mumbai,Mid,Bachelor,Naukri,2025-04-20
5409,Software Engineer,Chennai,Entry,PhD,CareerSite,2025-07-17
5410,Product Manager,Delhi,Entry,Bachelor,LinkedIn,2023-12-19
5411,Sales Executive,Bangalore,Mid,Master,CareerSite,2024-07-25
5412,Data Analyst,Pune,Mid,Bachelor,LinkedIn,2024-06-24
5413,Product Manager,Bangalore,Entry,Diploma,Referral,2023-06-03
5414,Data Analyst,Mumbai,Entry,Diploma,Agency,2024-12-28
5415,Software Engineer,Pune,Senior,Master,Referral,2024-01-03
5416,Product Manager,Pune,Senior,Diploma,LinkedIn,2024-01-26
5417,HR Specialist,Pune,Mid,Master,LinkedIn,2024-10-25
5418,Software Engineer,Delhi,Entry,Diploma,CareerSite,2023-03-13
5419,Sales Executive,Delhi,Entry,Master,LinkedIn,2023-08-21
5420,HR Specialist,Mumbai,Entry,Bachelor,Referral,2025-04-04
5421,Product Manager,Mumbai,Entry,Bachelor,Naukri,2025-01-01
5422,HR Specialist,Mumbai,Senior,Master,Agency,2025-10-06
5423,Software Engineer,Bangalore,Entry,Diploma,CareerSite,2023-08-10
5424,Product Manager,Chennai,Senior,Diploma,LinkedIn,2025-06-20
5425,Sales Executive,Chennai,Entry,Master,LinkedIn,2023-09-15
5426,Product Manager,Mumbai,Mid,PhD,Referral,2025-01-21
5427,Sales Executive,Chennai,Entry,Diploma,Referral,2025-03-14
5428,Product Manager,Delhi,Mid,Diploma,Referral,2025-01-04
5429,HR Specialist,Pune,Mid,Bachelor,LinkedIn,2025-07-29
5430,Product Manager,Mumbai,Entry,Diploma,Naukri,2025-02-17
5431,Sales Executive,Mumbai,Mid,Diploma,Agency,2025-09-20
5432,Data Analyst,Pune,Senior,PhD,LinkedIn,2025-02-24
5433,Data Analyst,Mumbai,Senior,Master,Naukri,2023-04-02
5434,Data Analyst,Bangalore,Mid,Diploma,Naukri,2023-02-04
5435,Product Manager,Chennai,Mid,Diploma,Naukri,2025-01-23
5436,Data Analyst,Chennai,Senior,PhD,Agency,2024-10-24
5437,Sales Executive,Pune,Entry,PhD,CareerSite,2025-02-26
5438,HR Specialist,Chennai,Mid,Diploma,CareerSite,2025-06-09
5439,Product Manager,Pune,Entry,Diploma,LinkedIn,2023-11-15
5440,Sales Executive,Pune,Entry,Diploma,LinkedIn,2023-09-12
5441,Product Manager,Chennai,Entry,PhD,Referral,2023-10-31
5442,Sales Executive,Delhi,Senior,Master,Referral,2023-03-12
5443,Product Manager,Mumbai,Senior,Master,LinkedIn,2025-04-28
5444,Sales Executive,Mumbai,Entry,PhD,LinkedIn,2025-09-22
5445,HR Specialist,Chennai,Entry,Diploma,LinkedIn,2025-08-24
5446,Software Engineer,Chennai,Entry,Bachelor,Referral,2024-02-25
5447,Data Analyst,Bangalore,Mid,Bachelor,LinkedIn,2025-10-12
5448,Sales Executive,Chennai,Entry,Bachelor,Naukri,2024-01-12
5449,Software Engineer,Delhi,Entry,Master,Referral,2025-10-07
5450,Data Analyst,Mumbai,Senior,Bachelor,LinkedIn,2023-08-07
5451,Product Manager,Chennai,Senior,Bachelor,LinkedIn,2025-09-22
5452,Sales Executive,Mumbai,Mid,Bachelor,LinkedIn,2025-02-28
5453,Product Manager,Mumbai,Mid,Diploma,CareerSite,2024-12-14
5454,Software Engineer,Pune,Senior,Master,Agency,2025-09-22
5455,Software Engineer,Mumbai,Entry,PhD,LinkedIn,2024-11-15
5456,Product Manager,Mumbai,Mid,Diploma,CareerSite,2023-12-31
5457,Product Manager,Chennai,Mid,Diploma,Naukri,2025-12-11
5458,Data Analyst,Mumbai,Mid,Bachelor,LinkedIn,2025-06-06
5459,Software Engineer,Pune,Entry,Bachelor,Referral,2024-02-06
5460,Software Engineer,Mumbai,Senior,Diploma,Naukri,2023-07-21
5461,HR Specialist,Pune,Mid,Diploma,Agency,2023-06-29
5462,Sales Executive,Chennai,Senior,Bachelor,Naukri,2024-03-23
5463,HR Specialist,Delhi,Entry,PhD,Naukri,2024-11-01
5464,Sales Executive,Delhi,Mid,Bachelor,LinkedIn,2025-05-17
5465,HR Specialist,Bangalore,Senior,Bachelor,LinkedIn,2024-08-29
5466,Software Engineer,Chennai,Mid,Diploma,LinkedIn,2024-05-04
5467,Product Manager,Chennai,Senior,Diploma,LinkedIn,2025-08-21
5468,Data Analyst,Pune,Senior,Diploma,LinkedIn,2023-03-31
5469,HR Specialist,Delhi,Entry,Bachelor,LinkedIn,2023-07-28
5470,HR Specialist,Chennai,Senior,Bachelor,LinkedIn,2024-06-25
5471,Software Engineer,Mumbai,Mid,PhD,Naukri,2024-06-12
5472,Sales Executive,Chennai,Senior,Bachelor,LinkedIn,2023-04-25
5473,Sales Executive,Delhi,Mid,PhD,Naukri,2024-02-25
5474,Sales Executive,Delhi,Mid,PhD,LinkedIn,2024-10-05
5475,Sales Executive,Bangalore,Mid,PhD,LinkedIn,2025-11-13
5476,Sales Executive,Mumbai,Senior,Diploma,Naukri,2024-03-07
5477,Sales Executive,Chennai,Senior,Master,LinkedIn,2024-02-25
5478,HR Specialist,Pune,Senior,PhD,LinkedIn,2025-12-17
5479,Data Analyst,Pune,Entry,Bachelor,Naukri,2023-03-19
5480,Data Analyst,Delhi,Entry,Diploma,CareerSite,2025-01-29
5481,Software Engineer,Delhi,Mid,Master,LinkedIn,2023-04-09
5482,HR Specialist,Mumbai,Mid,PhD,LinkedIn,2023-08-13
5483,Software Engineer,Chennai,Senior,Diploma,Naukri,2025-10-04
5484,Software Engineer,Chennai,Senior,Diploma,LinkedIn,2025-10-10
5485,Data Analyst,Delhi,Entry,Bachelor,LinkedIn,2023-07-08
5486,Sales Executive,Chennai,Entry,Master,LinkedIn,2024-09-01
5487,Data Analyst,Chennai,Senior,PhD,Referral,2023-11-06
5488,Software Engineer,Mumbai,Mid,Bachelor,LinkedIn,2025-05-12
5489,Sales Executive,Bangalore,Senior,PhD,Referral,2023-05-31
5490,Product Manager,Pune,Mid,PhD,Referral,2024-02-04
5491,HR Specialist,Bangalore,Entry,Bachelor,Agency,2024-08-19
5492,HR Specialist,Bangalore,Entry,PhD,Referral,2025-05-17
5493,Product Manager,Pune,Entry,PhD,CareerSite,2023-12-10
5494,Data Analyst,Delhi,Senior,Diploma,LinkedIn,2025-05-23
5495,Product Manager,Bangalore,Entry,PhD,Referral,2025-07-02
5496,Product Manager,Delhi,Mid,Diploma,Naukri,2025-08-14
5497,HR Specialist,Mumbai,Mid,Bachelor,Referral,2025-02-17
5498,Product Manager,Delhi,Senior,Master,Agency,2023-05-19
5499,Product Manager,Delhi,Senior,Diploma,Naukri,2023-06-14
5500,Software Engineer,Chennai,Mid,Diploma,LinkedIn,2024-08-23
