candidate_id,stage,event_date
1,Applied,2025-11-16
1,Screened,2025-11-17
1,Interviewed,2025-12-15
2,Applied,2025-11-03
2,Screened,2025-11-03
3,Applied,2024-05-16
3,Screened,2024-05-22
3,Interviewed,2024-06-04
3,Offered,2024-06-04
4,Applied,2023-09-22
4,Screened,2023-10-04
4,Interviewed,2023-10-10
4,Offered,2023-10-19
4,Hired,2023-10-20
5,Applied,2024-03-21
5,Screened,2024-03-26
6,Applied,2025-06-30
6,Screened,2025-07-01
7,Applied,2023-01-19
8,Applied,2023-05-16
8,Screened,2023-05-16
8,Interviewed,2023-05-21
9,Applied,2025-12-12
9,Screened,2025-12-14
9,Interviewed,2025-12-31
9,Offered,2026-01-04
9,Hired,2026-01-15
10,Applied,2025-04-09
11,Applied,2025-06-15
12,Applied,2024-05-02
12,Screened,2024-05-07
12,Interviewed,2024-05-10
12,Offered,2024-05-12
13,Applied,2025-12-03
13,Screened,2025-12-05
13,Interviewed,2025-12-05
14,Applied,2025-01-24
14,Screened,2025-01-27
14,Interviewed,2025-02-18
15,Applied,2024-07-29
15,Screened,2024-07-30
16,Applied,2025-07-14
16,Screened,2025-07-15
16,Interviewed,2025-09-09
17,Applied,2025-08-28
18,Applied,2023-07-06
18,Screened,2023-07-06
19,Applied,2024-12-18
20,Applied,2024-07-13
20,Screened,2024-08-09
20,Interviewed,2024-09-11
21,Applied,2025-08-19
21,Screened,2025-09-24
21,Interviewed,2025-09-28
22,Applied,2024-09-19
22,Screened,2024-09-20
22,Interviewed,2024-09-29
23,Applied,2023-06-02
23,Screened,2023-06-07
24,Applied,2024-02-19
25,Applied,2025-02-12
25,Screened,2025-02-12
26,Applied,2023-11-11
26,Screened,2023-11-23
26,Interviewed,2023-11-24
27,Applied,2023-04-14
28,Applied,2025-05-26
28,Screened,2025-05-26
29,Applied,2023-07-11
29,Screened,2023-07-19
30,Applied,2024-04-04
30,Screened,2024-04-04
30,Interviewed,2024-05-01
31,Applied,2024-04-29
31,Screened,2024-04-29
31,Interviewed,2024-05-12
32,Applied,2023-03-19
32,Screened,2023-04-07
33,Applied,2024-08-24
34,Applied,2023-04-21
34,Screened,2023-04-21
34,Interviewed,2023-05-17
34,Offered,2023-05-28
34,Hired,2023-05-28
35,Applied,2025-06-12
36,Applied,2024-10-06
36,Screened,2024-10-13
37,Applied,2025-07-16
37,Screened,2025-07-16
38,Applied,2024-11-26
38,Screened,2024-12-03
39,Applied,2026-01-01
39,Screened,2026-01-13
40,Applied,2025-09-11
40,Screened,2025-09-17
41,Applied,2024-01-25
41,Screened,2024-02-02
41,Interviewed,2024-02-07
42,Applied,2025-04-09
43,Applied,2023-11-12
44,Applied,2023-03-14
44,Screened,2023-03-22
44,Interviewed,2023-03-24
44,Offered,2023-03-26
45,Applied,2025-11-26
45,Screened,2025-11-27
45,Interviewed,2025-12-03
45,Offered,2025-12-07
45,Hired,2025-12-08
46,Applied,2023-06-23
46,Screened,2023-06-29
47,Applied,2023-02-14
48,Applied,2025-12-17
48,Screened,2025-12-20
48,Interviewed,2025-12-20
49,Applied,2025-05-10
49,Screened,2025-05-14
49,Interviewed,2025-06-26
50,Applied,2023-05-12
51,Applied,2024-09-11
51,Screened,2024-09-11
52,Applied,2023-06-03
52,Screened,2023-06-06
52,Interviewed,2023-07-08
53,Applied,2025-11-08
53,Screened,2025-12-05
53,Interviewed,2025-12-10
54,Applied,2024-12-07
55,Applied,2025-06-19
55,Screened,2025-06-24
55,Interviewed,2025-07-25
55,Offered,2025-07-27
55,Hired,2025-07-27
56,Applied,2025-08-18
57,Applied,2024-05-21
57,Screened,2024-05-29
58,Applied,2024-03-13
58,Screened,2024-03-25
58,Interviewed,2024-04-04
58,Offered,2024-04-06
58,Hired,2024-04-08
59,Applied,2024-10-10
59,Screened,2024-10-12
59,Interviewed,2024-10-26
60,Applied,2023-04-24
60,Screened,2023-04-25
60,Interviewed,2023-04-27
61,Applied,2025-11-29
61,Screened,2025-12-17
62,Applied,2025-11-28
63,Applied,2025-10-27
63,Screened,2025-10-31
64,Applied,2023-06-08
64,Screened,2023-06-19
64,Interviewed,2023-07-15
65,Applied,2025-04-07
65,Screened,2025-04-08
65,Interviewed,2025-05-01
66,Applied,2025-06-19
66,Screened,2025-06-28
67,Applied,2025-09-21
68,Applied,2024-11-11
68,Screened,2024-11-12
69,Applied,2025-04-14
69,Screened,2025-04-18
70,Applied,2025-03-12
70,Screened,2025-03-17
70,Interviewed,2025-03-22
70,Offered,2025-04-07
70,Hired,2025-04-09
71,Applied,2023-11-02
72,Applied,2024-11-08
73,Applied,2025-10-11
73,Screened,2025-10-13
74,Applied,2024-08-15
74,Screened,2024-08-24
74,Interviewed,2024-08-27
75,Applied,2025-10-07
75,Screened,2025-10-07
76,Applied,2024-05-26
76,Screened,2024-06-01
76,Interviewed,2024-06-20
76,Offered,2024-07-05
76,Hired,2024-07-06
77,Applied,2025-02-28
77,Screened,2025-03-04
78,Applied,2023-10-29
78,Screened,2023-10-30
79,Applied,2023-09-11
79,Screened,2023-09-22
79,Interviewed,2023-10-06
79,Offered,2023-10-06
79,Hired,2023-10-12
80,Applied,2023-11-18
80,Screened,2023-11-18
80,Interviewed,2023-11-30
81,Applied,2025-06-23
82,Applied,2025-12-12
83,Applied,2023-11-01
83,Screened,2023-11-02
84,Applied,2025-06-26
84,Screened,2025-06-29
84,Interviewed,2025-07-16
84,Offered,2025-07-17
84,Hired,2025-07-18
85,Applied,2024-10-04
85,Screened,2024-10-07
86,Applied,2025-07-18
86,Screened,2025-08-07
86,Interviewed,2025-09-19
86,Offered,2025-09-23
86,Hired,2025-09-26
87,Applied,2025-11-16
87,Screened,2025-11-19
88,Applied,2023-01-03
88,Screened,2023-01-05
89,Applied,2024-08-04
90,Applied,2023-09-28
90,Screened,2023-10-06
91,Applied,2023-05-15
91,Screened,2023-05-18
92,Applied,2025-07-06
92,Screened,2025-07-06
92,Interviewed,2025-07-22
93,Applied,2025-01-02
93,Screened,2025-01-16
93,Interviewed,2025-01-24
94,Applied,2025-10-19
94,Screened,2025-10-19
94,Interviewed,2025-10-28
95,Applied,2024-07-26
95,Screened,2024-07-28
96,Applied,2025-09-25
96,Screened,2025-09-25
97,Applied,2025-12-21
98,Applied,2025-11-08
98,Screened,2025-11-09
98,Interviewed,2025-11-12
98,Offered,2025-11-22
98,Hired,2025-11-22
99,Applied,2026-01-01
99,Screened,2026-01-02
100,Applied,2024-03-10
100,Screened,2024-03-23
100,Interviewed,2024-03-28
101,Applied,2023-10-18
101,Screened,2023-10-19
102,Applied,2024-06-27
102,Screened,2024-07-04
103,Applied,2025-08-19
103,Screened,2025-08-28
103,Interviewed,2025-09-26
104,Applied,2025-10-06
104,Screened,2025-10-07
104,Interviewed,2025-10-12
105,Applied,2025-04-18
105,Screened,2025-05-06
105,Interviewed,2025-06-13
106,Applied,2025-03-06
107,Applied,2024-10-17
108,Applied,2026-01-01
108,Screened,2026-01-12
109,Applied,2025-11-13
110,Applied,2026-01-01
110,Screened,2026-01-02
110,Interviewed,2026-01-16
111,Applied,2025-08-24
112,Applied,2025-10-21
112,Screened,2025-10-21
112,Interviewed,2025-11-06
113,Applied,2024-10-14
113,Screened,2024-10-18
113,Interviewed,2024-10-19
114,Applied,2025-11-11
114,Screened,2025-11-16
114,Interviewed,2025-11-25
114,Offered,2025-11-27
114,Hired,2025-12-11
115,Applied,2025-07-29
115,Screened,2025-08-06
116,Applied,2025-10-06
117,Applied,2025-06-21
118,Applied,2025-09-19
118,Screened,2025-09-20
119,Applied,2025-04-24
120,Applied,2023-04-10
121,Applied,2024-02-11
122,Applied,2024-11-10
122,Screened,2024-12-13
122,Interviewed,2024-12-19
123,Applied,2025-02-24
123,Screened,2025-03-20
123,Interviewed,2025-04-15
124,Applied,2024-07-26
124,Screened,2024-07-29
125,Applied,2025-06-01
125,Screened,2025-06-02
125,Interviewed,2025-06-04
126,Applied,2024-10-08
126,Screened,2024-10-11
127,Applied,2025-02-19
127,Screened,2025-03-21
127,Interviewed,2025-03-24
127,Offered,2025-03-31
127,Hired,2025-03-31
128,Applied,2025-01-30
128,Screened,2025-01-30
128,Interviewed,2025-03-21
129,Applied,2023-05-19
130,Applied,2025-01-27
130,Screened,2025-02-04
131,Applied,2025-07-13
131,Screened,2025-07-24
132,Applied,2024-01-27
132,Screened,2024-02-10
133,Applied,2023-05-14
134,Applied,2025-08-20
134,Screened,2025-08-26
135,Applied,2024-10-20
135,Screened,2024-10-26
135,Interviewed,2024-11-09
136,Applied,2025-10-01
136,Screened,2025-10-04
137,Applied,2025-07-12
137,Screened,2025-08-02
138,Applied,2023-08-11
138,Screened,2023-08-18
139,Applied,2025-12-07
140,Applied,2025-10-02
141,Applied,2025-09-05
141,Screened,2025-09-17
142,Applied,2025-03-24
143,Applied,2023-07-07
143,Screened,2023-07-12
143,Interviewed,2023-07-17
143,Offered,2023-07-18
143,Hired,2023-07-19
144,Applied,2025-03-19
144,Screened,2025-03-19
145,Applied,2025-09-10
145,Screened,2025-09-13
145,Interviewed,2025-09-23
145,Offered,2025-10-04
145,Hired,2025-10-07
146,Applied,2024-01-02
147,Applied,2024-05-25
147,Screened,2024-05-26
148,Applied,2025-01-24
148,Screened,2025-01-27
148,Interviewed,2025-04-05
149,Applied,2025-04-22
150,Applied,2024-02-24
150,Screened,2024-03-07
150,Interviewed,2024-04-15
151,Applied,2025-10-20
152,Applied,2024-01-20
152,Screened,2024-02-07
153,Applied,2025-10-11
154,Applied,2023-06-05
155,Applied,2025-07-22
155,Screened,2025-07-25
155,Interviewed,2025-08-05
155,Offered,2025-08-06
155,Hired,2025-08-13
156,Applied,2023-03-26
156,Screened,2023-04-03
157,Applied,2024-11-15
158,Applied,2024-04-11
159,Applied,2025-05-27
159,Screened,2025-06-02
159,Interviewed,2025-06-27
160,Applied,2024-02-22
160,Screened,2024-02-24
160,Interviewed,2024-02-25
161,Applied,2025-08-01
161,Screened,2025-08-21
162,Applied,2025-09-25
162,Screened,2025-10-10
163,Applied,2025-03-30
163,Screened,2025-03-30
164,Applied,2025-03-21
164,Screened,2025-03-21
165,Applied,2025-04-27
165,Screened,2025-04-27
166,Applied,2023-03-03
166,Screened,2023-03-30
167,Applied,2024-01-08
167,Screened,2024-01-11
167,Interviewed,2024-01-24
168,Applied,2025-09-02
169,Applied,2025-04-17
169,Screened,2025-04-22
170,Applied,2023-06-11
170,Screened,2023-06-15
171,Applied,2024-07-19
171,Screened,2024-08-02
172,Applied,2023-11-15
172,Screened,2023-11-18
173,Applied,2024-11-14
173,Screened,2024-11-24
173,Interviewed,2024-12-13
173,Offered,2025-01-04
173,Hired,2025-01-05
174,Applied,2024-03-13
174,Screened,2024-03-14
175,Applied,2025-05-26
175,Screened,2025-05-26
176,Applied,2024-10-24
176,Screened,2024-10-25
177,Applied,2024-04-30
177,Screened,2024-04-30
177,Interviewed,2024-05-12
178,Applied,2024-11-30
178,Screened,2025-01-02
179,Applied,2024-02-02
179,Screened,2024-02-14
179,Interviewed,2024-02-24
179,Offered,2024-03-14
179,Hired,2024-03-16
180,Applied,2024-05-03
180,Screened,2024-05-03
181,Applied,2024-11-09
182,Applied,2023-11-06
182,Screened,2023-11-08
183,Applied,2025-08-01
183,Screened,2025-08-03
183,Interviewed,2025-08-23
183,Offered,2025-08-24
183,Hired,2025-08-27
184,Applied,2025-05-14
185,Applied,2025-11-05
185,Screened,2025-11-13
185,Interviewed,2025-11-14
186,Applied,2025-03-03
186,Screened,2025-03-07
186,Interviewed,2025-04-16
187,Applied,2024-08-26
187,Screened,2024-09-05
187,Interviewed,2024-09-09
187,Offered,2024-09-11
187,Hired,2024-09-14
188,Applied,2025-11-16
188,Screened,2025-11-21
188,Interviewed,2025-11-26
188,Offered,2025-11-29
188,Hired,2025-12-01
189,Applied,2024-04-30
189,Screened,2024-05-03
190,Applied,2025-02-04
191,Applied,2023-08-15
191,Screened,2023-08-15
192,Applied,2025-01-02
192,Screened,2025-01-07
193,Applied,2025-08-05
194,Applied,2024-02-14
194,Screened,2024-02-15
195,Applied,2025-09-21
195,Screened,2025-09-25
196,Applied,2023-10-09
196,Screened,2023-10-17
196,Interviewed,2023-10-31
197,Applied,2024-02-04
198,Applied,2025-10-02
198,Screened,2025-10-03
198,Interviewed,2025-10-09
198,Offered,2025-10-12
198,Hired,2025-10-14
199,Applied,2024-05-09
199,Screened,2024-05-17
200,Applied,2025-12-19
200,Screened,2025-12-23
200,Interviewed,2025-12-24
200,Offered,2025-12-26
200,Hired,2025-12-30
201,Applied,2023-11-25
202,Applied,2025-07-22
202,Screened,2025-07-29
202,Interviewed,2025-08-01
203,Applied,2025-09-09
203,Screened,2025-09-17
203,Interviewed,2025-10-20
204,Applied,2023-07-11
205,Applied,2025-05-15
205,Screened,2025-05-19
206,Applied,2024-06-02
206,Screened,2024-06-26
206,Interviewed,2024-07-05
206,Offered,2024-07-11
206,Hired,2024-07-12
207,Applied,2023-02-14
208,Applied,2023-11-04
209,Applied,2025-01-15
210,Applied,2025-09-30
210,Screened,2025-10-12
211,Applied,2025-02-25
212,Applied,2024-02-14
213,Applied,2025-11-09
213,Screened,2025-11-15
213,Interviewed,2025-11-29
214,Applied,2025-09-17
214,Screened,2025-09-20
214,Interviewed,2025-09-29
215,Applied,2024-05-26
215,Screened,2024-06-08
215,Interviewed,2024-06-09
216,Applied,2025-07-31
216,Screened,2025-08-03
217,Applied,2023-06-10
217,Screened,2023-06-10
218,Applied,2025-01-16
218,Screened,2025-02-15
218,Interviewed,2025-03-03
218,Offered,2025-03-07
218,Hired,2025-03-10
219,Applied,2023-02-04
219,Screened,2023-02-13
219,Interviewed,2023-02-17
220,Applied,2025-09-17
221,Applied,2024-01-10
221,Screened,2024-01-15
222,Applied,2023-10-12
222,Screened,2023-10-14
223,Applied,2023-06-11
223,Screened,2023-06-14
224,Applied,2025-03-30
225,Applied,2024-01-23
226,Applied,2024-06-02
226,Screened,2024-06-11
226,Interviewed,2024-06-16
227,Applied,2025-09-15
228,Applied,2024-12-04
228,Screened,2024-12-06
228,Interviewed,2025-01-24
228,Offered,2025-02-02
228,Hired,2025-02-15
229,Applied,2023-12-11
229,Screened,2023-12-12
230,Applied,2025-07-14
231,Applied,2025-07-22
231,Screened,2025-07-25
231,Interviewed,2025-07-25
232,Applied,2025-11-27
233,Applied,2025-08-05
233,Screened,2025-08-05
234,Applied,2023-02-11
235,Applied,2024-12-01
235,Screened,2024-12-03
236,Applied,2023-11-17
236,Screened,2023-11-26
236,Interviewed,2023-11-26
237,Applied,2024-01-09
238,Applied,2025-08-30
239,Applied,2025-01-26
239,Screened,2025-02-03
239,Interviewed,2025-02-05
240,Applied,2025-01-14
240,Screened,2025-01-21
241,Applied,2023-05-16
241,Screened,2023-05-29
241,Interviewed,2023-06-09
242,Applied,2025-03-11
242,Screened,2025-03-29
242,Interviewed,2025-04-16
243,Applied,2023-03-06
244,Applied,2024-02-20
244,Screened,2024-02-23
244,Interviewed,2024-03-01
245,Applied,2024-03-14
245,Screened,2024-03-14
246,Applied,2024-02-13
246,Screened,2024-02-15
247,Applied,2023-12-31
248,Applied,2023-11-28
249,Applied,2023-04-02
250,Applied,2025-03-28
251,Applied,2025-09-24
252,Applied,2025-10-21
252,Screened,2025-10-31
252,Interviewed,2025-12-11
253,Applied,2024-06-05
253,Screened,2024-06-20
254,Applied,2024-03-06
254,Screened,2024-03-10
254,Interviewed,2024-04-21
255,Applied,2023-04-30
255,Screened,2023-05-11
256,Applied,2025-12-08
256,Screened,2025-12-16
256,Interviewed,2025-12-30
257,Applied,2023-01-18
258,Applied,2024-01-01
258,Screened,2024-01-04
258,Interviewed,2024-01-13
259,Applied,2024-07-15
259,Screened,2024-07-17
260,Applied,2024-04-23
261,Applied,2025-11-16
261,Screened,2025-11-24
262,Applied,2024-04-21
263,Applied,2024-10-13
264,Applied,2025-08-21
265,Applied,2025-06-22
265,Screened,2025-07-10
265,Interviewed,2025-07-21
266,Applied,2023-09-02
266,Screened,2023-09-03
266,Interviewed,2023-09-21
267,Applied,2024-01-08
267,Screened,2024-01-11
268,Applied,2024-03-07
268,Screened,2024-03-09
269,Applied,2025-11-07
269,Screened,2025-11-17
270,Applied,2023-06-25
271,Applied,2025-06-07
272,Applied,2024-09-01
272,Screened,2024-09-17
272,Interviewed,2024-10-08
272,Offered,2024-10-19
272,Hired,2024-10-28
273,Applied,2025-12-07
274,Applied,2023-05-26
274,Screened,2023-05-28
275,Applied,2025-12-14
275,Screened,2025-12-17
275,Interviewed,2025-12-24
276,Applied,2025-05-14
276,Screened,2025-05-16
276,Interviewed,2025-05-22
277,Applied,2023-11-06
278,Applied,2025-12-04
279,Applied,2024-03-13
279,Screened,2024-03-15
279,Interviewed,2024-03-29
280,Applied,2025-02-11
281,Applied,2025-01-13
281,Screened,2025-01-13
281,Interviewed,2025-01-14
282,Applied,2024-10-10
282,Screened,2024-10-16
282,Interviewed,2024-10-24
283,Applied,2025-04-16
283,Screened,2025-04-27
284,Applied,2024-10-18
284,Screened,2024-10-26
284,Interviewed,2024-10-29
285,Applied,2023-03-30
285,Screened,2023-03-31
286,Applied,2025-10-28
287,Applied,2023-08-19
288,Applied,2025-06-01
288,Screened,2025-06-13
288,Interviewed,2025-06-23
288,Offered,2025-07-03
288,Hired,2025-07-06
289,Applied,2024-07-10
290,Applied,2025-10-16
291,Applied,2025-06-07
291,Screened,2025-06-09
292,Applied,2025-10-01
292,Screened,2025-10-05
293,Applied,2024-08-31
294,Applied,2025-04-11
294,Screened,2025-04-19
294,Interviewed,2025-04-20
294,Offered,2025-04-20
294,Hired,2025-04-26
295,Applied,2025-03-14
295,Screened,2025-03-20
295,Interviewed,2025-03-23
296,Applied,2025-12-30
297,Applied,2024-01-02
297,Screened,2024-01-22
298,Applied,2025-12-11
299,Applied,2025-07-30
300,Applied,2025-07-23
300,Screened,2025-07-25
301,Applied,2025-09-10
302,Applied,2025-07-25
303,Applied,2023-03-27
304,Applied,2025-02-21
304,Screened,2025-03-04
305,Applied,2025-05-14
305,Screened,2025-05-21
306,Applied,2024-03-06
306,Screened,2024-03-09
307,Applied,2024-04-03
307,Screened,2024-04-04
308,Applied,2023-08-05
308,Screened,2023-08-17
309,Applied,2024-12-07
309,Screened,2024-12-14
310,Applied,2024-04-18
311,Applied,2025-01-22
312,Applied,2024-12-01
312,Screened,2024-12-10
313,Applied,2023-02-15
313,Screened,2023-02-18
314,Applied,2023-01-25
315,Applied,2024-11-23
315,Screened,2024-12-25
316,Applied,2023-10-04
317,Applied,2024-05-19
317,Screened,2024-06-07
318,Applied,2025-11-09
318,Screened,2025-11-16
318,Interviewed,2025-11-18
319,Applied,2025-07-15
319,Screened,2025-07-27
320,Applied,2024-03-24
320,Screened,2024-04-10
321,Applied,2023-04-24
322,Applied,2025-05-16
322,Screened,2025-05-31
323,Applied,2024-05-03
324,Applied,2023-08-26
324,Screened,2023-08-26
324,Interviewed,2023-08-28
325,Applied,2023-11-26
325,Screened,2023-11-29
326,Applied,2025-08-05
326,Screened,2025-08-07
327,Applied,2023-07-15
328,Applied,2024-05-25
328,Screened,2024-06-04
329,Applied,2025-11-06
329,Screened,2025-11-14
330,Applied,2024-08-08
331,Applied,2025-09-15
332,Applied,2025-07-30
333,Applied,2025-09-06
333,Screened,2025-09-11
334,Applied,2024-10-22
334,Screened,2024-10-23
334,Interviewed,2024-10-26
335,Applied,2024-10-17
336,Applied,2025-06-25
336,Screened,2025-06-27
337,Applied,2024-12-13
338,Applied,2024-06-18
338,Screened,2024-07-05
339,Applied,2025-05-04
340,Applied,2024-04-20
340,Screened,2024-04-22
340,Interviewed,2024-05-06
341,Applied,2024-10-23
341,Screened,2024-10-30
342,Applied,2023-06-23
342,Screened,2023-07-26
343,Applied,2023-06-29
344,Applied,2024-06-13
345,Applied,2025-11-03
346,Applied,2025-09-25
346,Screened,2025-09-27
346,Interviewed,2025-10-21
346,Offered,2025-10-30
346,Hired,2025-10-31
347,Applied,2024-11-23
347,Screened,2024-11-23
348,Applied,2024-09-06
348,Screened,2024-09-16
348,Interviewed,2024-09-17
349,Applied,2024-10-13
349,Screened,2024-10-18
349,Interviewed,2024-10-20
350,Applied,2025-12-17
350,Screened,2025-12-17
351,Applied,2024-10-12
352,Applied,2023-08-24
352,Screened,2023-09-05
352,Interviewed,2023-09-11
353,Applied,2023-11-30
354,Applied,2024-06-06
354,Screened,2024-06-30
355,Applied,2024-11-12
355,Screened,2024-11-15
356,Applied,2025-09-17
357,Applied,2023-02-02
357,Screened,2023-02-07
358,Applied,2025-07-11
358,Screened,2025-07-13
358,Interviewed,2025-07-14
359,Applied,2024-05-11
359,Screened,2024-05-31
359,Interviewed,2024-06-01
360,Applied,2024-09-15
360,Screened,2024-09-30
361,Applied,2024-01-08
361,Screened,2024-01-08
361,Interviewed,2024-01-21
362,Applied,2024-05-21
362,Screened,2024-05-21
363,Applied,2023-07-21
364,Applied,2023-06-24
364,Screened,2023-07-06
365,Applied,2024-04-12
365,Screened,2024-04-22
365,Interviewed,2024-04-22
366,Applied,2025-03-11
366,Screened,2025-03-16
366,Interviewed,2025-03-23
367,Applied,2025-06-15
367,Screened,2025-06-17
368,Applied,2025-04-19
368,Screened,2025-04-20
368,Interviewed,2025-05-23
369,Applied,2025-01-14
369,Screened,2025-01-22
369,Interviewed,2025-02-05
369,Offered,2025-02-20
370,Applied,2025-08-18
370,Screened,2025-08-25
371,Applied,2024-07-21
371,Screened,2024-07-28
372,Applied,2024-01-16
372,Screened,2024-02-04
373,Applied,2024-07-29
373,Screened,2024-08-08
374,Applied,2023-12-15
374,Screened,2023-12-16
375,Applied,2024-04-29
375,Screened,2024-05-07
375,Interviewed,2024-05-20
376,Applied,2025-07-25
377,Applied,2025-07-22
378,Applied,2025-09-02
378,Screened,2025-09-04
379,Applied,2024-08-21
380,Applied,2023-11-30
380,Screened,2023-12-09
380,Interviewed,2023-12-24
381,Applied,2025-10-16
382,Applied,2024-02-14
383,Applied,2024-09-02
383,Screened,2024-09-03
383,Interviewed,2024-09-08
383,Offered,2024-09-09
384,Applied,2024-05-29
385,Applied,2024-10-10
386,Applied,2025-05-06
386,Screened,2025-05-07
387,Applied,2023-11-11
388,Applied,2025-10-22
388,Screened,2025-10-28
389,Applied,2024-12-15
389,Screened,2024-12-18
390,Applied,2025-02-22
390,Screened,2025-02-25
391,Applied,2024-01-20
391,Screened,2024-01-21
391,Interviewed,2024-01-30
391,Offered,2024-01-30
392,Applied,2024-11-09
392,Screened,2024-11-13
392,Interviewed,2024-12-01
392,Offered,2024-12-02
392,Hired,2024-12-03
393,Applied,2023-06-28
393,Screened,2023-07-06
393,Interviewed,2023-07-06
394,Applied,2024-08-11
394,Screened,2024-08-12
395,Applied,2024-11-07
395,Screened,2024-11-11
395,Interviewed,2024-11-16
396,Applied,2025-11-17
397,Applied,2024-10-09
397,Screened,2024-10-20
398,Applied,2023-09-10
398,Screened,2023-09-10
398,Interviewed,2023-09-11
398,Offered,2023-09-15
398,Hired,2023-09-26
399,Applied,2024-10-23
399,Screened,2024-11-02
400,Applied,2024-06-25
401,Applied,2025-01-05
401,Screened,2025-01-06
401,Interviewed,2025-01-12
401,Offered,2025-01-15
401,Hired,2025-01-18
402,Applied,2023-02-05
403,Applied,2023-04-20
403,Screened,2023-04-27
403,Interviewed,2023-06-06
404,Applied,2025-06-04
404,Screened,2025-06-22
404,Interviewed,2025-06-26
405,Applied,2025-04-29
405,Screened,2025-04-29
406,Applied,2023-02-27
406,Screened,2023-02-27
406,Interviewed,2023-03-20
407,Applied,2025-09-23
407,Screened,2025-10-04
407,Interviewed,2025-10-22
408,Applied,2025-08-12
408,Screened,2025-08-15
409,Applied,2023-06-24
410,Applied,2023-12-10
410,Screened,2023-12-29
410,Interviewed,2024-01-01
411,Applied,2023-03-19
411,Screened,2023-03-19
412,Applied,2023-08-04
412,Screened,2023-08-06
413,Applied,2023-01-11
414,Applied,2024-06-09
414,Screened,2024-06-12
415,Applied,2025-08-24
415,Screened,2025-09-04
415,Interviewed,2025-09-23
416,Applied,2023-08-09
416,Screened,2023-08-15
416,Interviewed,2023-08-28
416,Offered,2023-08-28
416,Hired,2023-08-31
417,Applied,2025-01-07
417,Screened,2025-01-08
418,Applied,2025-06-14
418,Screened,2025-06-16
418,Interviewed,2025-06-18
418,Offered,2025-07-04
418,Hired,2025-07-05
419,Applied,2025-01-15
419,Screened,2025-01-18
420,Applied,2023-06-06
420,Screened,2023-06-07
421,Applied,2025-03-29
422,Applied,2025-07-20
422,Screened,2025-07-24
422,Interviewed,2025-07-28
423,Applied,2025-08-26
423,Screened,2025-08-28
424,Applied,2023-07-19
424,Screened,2023-07-27
424,Interviewed,2023-09-05
425,Applied,2025-03-25
425,Screened,2025-04-02
425,Interviewed,2025-04-28
426,Applied,2023-08-03
426,Screened,2023-08-07
427,Applied,2025-02-13
427,Screened,2025-02-14
428,Applied,2024-11-25
429,Applied,2023-03-10
429,Screened,2023-03-11
429,Interviewed,2023-03-11
429,Offered,2023-03-14
429,Hired,2023-03-16
430,Applied,2024-04-14
430,Screened,2024-04-26
431,Applied,2025-10-30
431,Screened,2025-11-12
431,Interviewed,2025-11-12
432,Applied,2024-09-15
433,Applied,2025-02-12
434,Applied,2025-10-05
434,Screened,2025-10-05
434,Interviewed,2025-10-23
435,Applied,2025-05-08
436,Applied,2025-08-22
436,Screened,2025-09-12
436,Interviewed,2025-09-12
437,Applied,2024-08-17
437,Screened,2024-08-18
437,Interviewed,2024-08-26
438,Applied,2025-07-21
439,Applied,2023-06-02
439,Screened,2023-06-02
440,Applied,2024-06-14
441,Applied,2023-11-12
441,Screened,2023-11-13
442,Applied,2025-06-01
442,Screened,2025-06-06
442,Interviewed,2025-06-12
443,Applied,2025-11-12
444,Applied,2024-12-08
445,Applied,2023-12-14
445,Screened,2023-12-20
446,Applied,2023-09-28
446,Screened,2023-10-06
446,Interviewed,2023-10-30
446,Offered,2023-11-03
447,Applied,2025-01-22
447,Screened,2025-01-28
447,Interviewed,2025-02-03
447,Offered,2025-02-04
447,Hired,2025-02-04
448,Applied,2025-06-10
448,Screened,2025-06-16
449,Applied,2024-08-09
450,Applied,2023-01-13
450,Screened,2023-01-13
450,Interviewed,2023-01-22
450,Offered,2023-02-05
450,Hired,2023-02-08
451,Applied,2024-07-13
451,Screened,2024-07-23
452,Applied,2025-06-02
453,Applied,2023-03-18
453,Screened,2023-03-24
453,Interviewed,2023-04-08
453,Offered,2023-04-08
453,Hired,2023-04-11
454,Applied,2025-11-27
454,Screened,2025-12-01
454,Interviewed,2025-12-04
454,Offered,2025-12-04
455,Applied,2025-11-13
455,Screened,2025-11-15
456,Applied,2024-01-04
456,Screened,2024-01-08
457,Applied,2025-05-03
457,Screened,2025-05-04
458,Applied,2024-08-08
459,Applied,2023-10-20
459,Screened,2023-10-25
460,Applied,2023-03-16
461,Applied,2023-05-16
461,Screened,2023-05-20
461,Interviewed,2023-05-24
462,Applied,2025-06-17
463,Applied,2025-10-25
463,Screened,2025-11-03
463,Interviewed,2025-11-12
464,Applied,2023-12-23
464,Screened,2023-12-27
464,Interviewed,2024-01-17
465,Applied,2024-09-24
466,Applied,2023-04-30
467,Applied,2024-03-27
467,Screened,2024-03-29
468,Applied,2023-08-10
468,Screened,2023-08-13
468,Interviewed,2023-08-15
469,Applied,2025-07-29
469,Screened,2025-07-29
470,Applied,2024-03-11
470,Screened,2024-03-20
471,Applied,2025-03-02
472,Applied,2023-07-27
472,Screened,2023-08-02
472,Interviewed,2023-08-07
473,Applied,2023-08-17
473,Screened,2023-08-17
473,Interviewed,2023-08-25
474,Applied,2024-11-27
475,Applied,2025-11-06
476,Applied,2023-12-09
476,Screened,2023-12-30
477,Applied,2025-08-13
477,Screened,2025-08-22
477,Interviewed,2025-09-04
478,Applied,2023-11-24
478,Screened,2023-12-15
479,Applied,2025-05-25
479,Screened,2025-05-27
480,Applied,2025-10-02
481,Applied,2025-04-28
482,Applied,2025-07-29
482,Screened,2025-07-31
482,Interviewed,2025-08-27
483,Applied,2025-12-06
484,Applied,2025-09-15
485,Applied,2025-04-24
486,Applied,2023-05-11
487,Applied,2024-11-12
487,Screened,2024-11-14
488,Applied,2025-02-21
489,Applied,2023-05-09
490,Applied,2025-11-12
490,Screened,2025-11-14
490,Interviewed,2025-11-30
491,Applied,2025-08-25
491,Screened,2025-08-25
492,Applied,2023-12-01
492,Screened,2023-12-14
493,Applied,2023-02-12
494,Applied,2025-04-03
494,Screened,2025-04-04
495,Applied,2024-09-27
495,Screened,2024-09-27
495,Interviewed,2024-10-04
496,Applied,2024-08-04
496,Screened,2024-08-19
496,Interviewed,2024-08-21
496,Offered,2024-08-21
496,Hired,2024-08-21
497,Applied,2025-11-19
497,Screened,2025-11-29
498,Applied,2024-11-05
499,Applied,2023-12-17
499,Screened,2023-12-17
499,Interviewed,2023-12-20
499,Offered,2024-01-03
499,Hired,2024-01-09
500,Applied,2024-08-01
501,Applied,2025-02-27
501,Screened,2025-02-27
502,Applied,2023-03-08
502,Screened,2023-03-10
503,Applied,2024-05-15
504,Applied,2025-10-02
504,Screened,2025-10-04
505,Applied,2024-05-28
505,Screened,2024-06-04
505,Interviewed,2024-06-12
506,Applied,2023-12-03
507,Applied,2024-12-09
507,Screened,2024-12-09
507,Interviewed,2024-12-13
508,Applied,2023-04-30
508,Screened,2023-05-07
508,Interviewed,2023-06-09
509,Applied,2023-05-06
509,Screened,2023-05-08
509,Interviewed,2023-06-17
510,Applied,2024-12-04
510,Screened,2024-12-22
510,Interviewed,2025-01-07
511,Applied,2025-01-23
511,Screened,2025-01-25
512,Applied,2023-04-25
513,Applied,2025-11-07
514,Applied,2025-02-23
514,Screened,2025-02-23
515,Applied,2025-01-07
515,Screened,2025-01-19
516,Applied,2025-03-09
516,Screened,2025-03-15
517,Applied,2024-03-20
517,Screened,2024-03-25
517,Interviewed,2024-03-28
518,Applied,2023-02-08
518,Screened,2023-02-17
519,Applied,2023-06-11
520,Applied,2025-06-18
521,Applied,2025-11-12
521,Screened,2025-12-03
521,Interviewed,2025-12-24
522,Applied,2025-04-21
522,Screened,2025-04-22
523,Applied,2025-10-31
523,Screened,2025-11-02
524,Applied,2024-08-28
524,Screened,2024-08-28
525,Applied,2023-05-04
526,Applied,2023-09-18
526,Screened,2023-09-19
526,Interviewed,2023-09-19
526,Offered,2023-09-19
526,Hired,2023-09-21
527,Applied,2025-03-08
528,Applied,2023-09-19
528,Screened,2023-09-23
528,Interviewed,2023-09-24
529,Applied,2025-08-18
529,Screened,2025-08-20
530,Applied,2024-02-17
531,Applied,2023-07-11
531,Screened,2023-07-22
531,Interviewed,2023-07-29
532,Applied,2025-12-10
532,Screened,2025-12-12
533,Applied,2024-04-16
534,Applied,2023-03-12
535,Applied,2024-11-04
536,Applied,2024-11-30
536,Screened,2024-12-15
537,Applied,2024-11-27
537,Screened,2024-12-01
537,Interviewed,2024-12-03
538,Applied,2025-08-04
538,Screened,2025-08-10
538,Interviewed,2025-08-20
538,Offered,2025-08-23
538,Hired,2025-08-25
539,Applied,2024-05-05
539,Screened,2024-05-14
539,Interviewed,2024-05-24
539,Offered,2024-06-01
539,Hired,2024-06-13
540,Applied,2023-06-13
541,Applied,2024-11-26
541,Screened,2024-11-30
542,Applied,2024-06-13
543,Applied,2025-01-10
543,Screened,2025-01-18
544,Applied,2024-07-17
544,Screened,2024-07-22
545,Applied,2023-08-16
546,Applied,2025-12-23
546,Screened,2025-12-23
547,Applied,2025-07-21
547,Screened,2025-07-21
548,Applied,2025-06-17
549,Applied,2024-10-16
549,Screened,2024-10-19
550,Applied,2023-03-26
551,Applied,2025-04-22
552,Applied,2024-11-07
553,Applied,2025-12-22
553,Screened,2025-12-27
554,Applied,2025-08-16
554,Screened,2025-08-24
554,Interviewed,2025-09-06
555,Applied,2025-03-13
555,Screened,2025-03-13
555,Interviewed,2025-03-15
556,Applied,2025-10-28
557,Applied,2025-07-22
557,Screened,2025-07-26
558,Applied,2024-09-16
558,Screened,2024-09-26
558,Interviewed,2024-10-04
558,Offered,2024-10-12
559,Applied,2023-12-30
560,Applied,2024-07-02
561,Applied,2025-01-20
561,Screened,2025-01-22
562,Applied,2025-10-11
563,Applied,2023-08-14
564,Applied,2023-11-23
564,Screened,2023-11-23
564,Interviewed,2023-11-24
565,Applied,2024-06-13
565,Screened,2024-06-22
565,Interviewed,2024-06-22
566,Applied,2023-02-27
566,Screened,2023-03-08
567,Applied,2025-09-09
567,Screened,2025-09-11
567,Interviewed,2025-09-15
568,Applied,2023-08-14
568,Screened,2023-08-14
569,Applied,2025-02-18
570,Applied,2023-09-12
570,Screened,2023-09-12
571,Applied,2024-07-03
571,Screened,2024-07-13
572,Applied,2024-03-21
572,Screened,2024-04-11
572,Interviewed,2024-04-17
573,Applied,2024-02-26
573,Screened,2024-02-29
573,Interviewed,2024-03-15
573,Offered,2024-03-16
573,Hired,2024-03-19
574,Applied,2025-03-04
574,Screened,2025-03-07
575,Applied,2023-09-30
576,Applied,2024-12-26
576,Screened,2024-12-31
577,Applied,2025-07-20
577,Screened,2025-07-24
577,Interviewed,2025-07-25
578,Applied,2025-12-27
578,Screened,2026-01-04
578,Interviewed,2026-01-17
578,Offered,2026-01-22
578,Hired,2026-01-22
579,Applied,2025-03-11
579,Screened,2025-03-13
579,Interviewed,2025-03-29
580,Applied,2024-05-02
580,Screened,2024-05-16
580,Interviewed,2024-07-09
581,Applied,2024-05-21
581,Screened,2024-05-28
582,Applied,2026-01-01
583,Applied,2025-11-01
583,Screened,2025-11-02
583,Interviewed,2025-11-10
584,Applied,2024-11-13
585,Applied,2023-02-06
585,Screened,2023-02-11
586,Applied,2024-12-13
586,Screened,2024-12-30
586,Interviewed,2025-01-10
587,Applied,2023-01-29
588,Applied,2023-06-08
589,Applied,2023-03-10
589,Screened,2023-03-30
590,Applied,2024-06-30
590,Screened,2024-07-03
591,Applied,2024-11-17
591,Screened,2024-11-17
592,Applied,2024-07-01
593,Applied,2025-11-09
593,Screened,2025-11-29
594,Applied,2025-10-11
594,Screened,2025-10-15
595,Applied,2024-04-19
595,Screened,2024-04-22
595,Interviewed,2024-06-08
595,Offered,2024-06-11
595,Hired,2024-06-12
596,Applied,2024-12-25
596,Screened,2025-01-11
596,Interviewed,2025-02-09
596,Offered,2025-02-09
597,Applied,2023-09-20
597,Screened,2023-09-20
598,Applied,2025-09-15
598,Screened,2025-09-17
599,Applied,2026-01-01
599,Screened,2026-01-08
599,Interviewed,2026-01-27
600,Applied,2023-10-14
600,Screened,2023-10-14
600,Interviewed,2023-11-12
601,Applied,2025-06-26
601,Screened,2025-07-05
602,Applied,2025-02-16
602,Screened,2025-02-21
603,Applied,2024-06-14
603,Screened,2024-06-16
603,Interviewed,2024-07-12
604,Applied,2025-09-17
604,Screened,2025-09-21
604,Interviewed,2025-10-14
605,Applied,2025-01-15
605,Screened,2025-01-16
605,Interviewed,2025-01-26
606,Applied,2024-01-21
607,Applied,2024-05-22
607,Screened,2024-06-06
607,Interviewed,2024-06-13
608,Applied,2023-08-11
608,Screened,2023-08-17
609,Applied,2024-09-23
610,Applied,2023-06-18
610,Screened,2023-06-18
611,Applied,2025-01-07
611,Screened,2025-01-15
611,Interviewed,2025-01-21
612,Applied,2025-01-25
612,Screened,2025-01-28
613,Applied,2024-06-13
613,Screened,2024-06-20
614,Applied,2023-01-26
614,Screened,2023-01-30
615,Applied,2024-09-22
615,Screened,2024-10-05
615,Interviewed,2024-10-05
615,Offered,2024-10-08
615,Hired,2024-10-13
616,Applied,2024-05-09
617,Applied,2025-04-11
617,Screened,2025-04-16
618,Applied,2026-01-01
618,Screened,2026-01-03
619,Applied,2023-11-11
619,Screened,2023-11-22
619,Interviewed,2023-11-22
620,Applied,2024-07-18
621,Applied,2025-06-29
621,Screened,2025-07-03
621,Interviewed,2025-08-17
622,Applied,2023-05-08
622,Screened,2023-05-19
623,Applied,2025-04-28
624,Applied,2025-10-31
624,Screened,2025-11-05
625,Applied,2024-08-22
625,Screened,2024-09-04
625,Interviewed,2024-09-09
626,Applied,2024-10-16
626,Screened,2024-10-18
627,Applied,2025-07-30
627,Screened,2025-08-05
627,Interviewed,2025-08-14
628,Applied,2025-08-16
628,Screened,2025-08-24
628,Interviewed,2025-08-29
628,Offered,2025-08-31
628,Hired,2025-09-06
629,Applied,2023-07-29
629,Screened,2023-07-29
629,Interviewed,2023-08-08
630,Applied,2025-01-10
631,Applied,2024-08-12
632,Applied,2025-07-24
632,Screened,2025-07-26
632,Interviewed,2025-08-01
633,Applied,2024-09-12
633,Screened,2024-09-19
634,Applied,2023-06-29
634,Screened,2023-07-04
634,Interviewed,2023-07-23
635,Applied,2023-11-16
636,Applied,2024-05-21
636,Screened,2024-05-26
637,Applied,2024-03-24
637,Screened,2024-03-24
638,Applied,2024-04-11
639,Applied,2024-08-29
640,Applied,2025-08-05
640,Screened,2025-08-20
640,Interviewed,2025-08-28
641,Applied,2024-03-09
642,Applied,2025-06-04
642,Screened,2025-06-18
642,Interviewed,2025-06-19
643,Applied,2025-08-04
643,Screened,2025-08-13
644,Applied,2024-12-17
645,Applied,2024-10-09
646,Applied,2025-05-24
646,Screened,2025-05-26
646,Interviewed,2025-06-25
647,Applied,2023-01-22
647,Screened,2023-01-26
647,Interviewed,2023-02-01
647,Offered,2023-02-19
647,Hired,2023-02-19
648,Applied,2025-10-06
648,Screened,2025-10-09
648,Interviewed,2025-10-13
648,Offered,2025-10-19
648,Hired,2025-10-20
649,Applied,2025-04-08
649,Screened,2025-04-10
650,Applied,2025-11-20
650,Screened,2025-11-20
650,Interviewed,2025-12-19
651,Applied,2025-05-13
652,Applied,2025-05-09
653,Applied,2025-01-25
653,Screened,2025-02-01
653,Interviewed,2025-03-13
653,Offered,2025-03-23
653,Hired,2025-04-05
654,Applied,2025-04-26
655,Applied,2025-03-19
655,Screened,2025-03-27
655,Interviewed,2025-04-23
656,Applied,2025-07-06
656,Screened,2025-07-10
656,Interviewed,2025-07-15
657,Applied,2024-06-08
657,Screened,2024-06-10
658,Applied,2025-06-10
659,Applied,2025-10-04
660,Applied,2025-07-26
660,Screened,2025-07-26
661,Applied,2025-12-15
661,Screened,2025-12-20
661,Interviewed,2025-12-31
661,Offered,2026-01-10
661,Hired,2026-01-20
662,Applied,2025-06-18
662,Screened,2025-06-20
662,Interviewed,2025-07-05
663,Applied,2025-07-11
663,Screened,2025-07-13
664,Applied,2025-06-27
664,Screened,2025-06-27
664,Interviewed,2025-07-05
665,Applied,2025-08-17
666,Applied,2025-09-09
667,Applied,2023-06-04
667,Screened,2023-06-08
667,Interviewed,2023-06-22
667,Offered,2023-06-25
667,Hired,2023-07-05
668,Applied,2024-03-22
669,Applied,2024-11-01
669,Screened,2024-11-12
670,Applied,2023-09-21
670,Screened,2023-09-24
670,Interviewed,2023-09-24
670,Offered,2023-10-01
670,Hired,2023-10-15
671,Applied,2023-05-26
672,Applied,2024-09-02
673,Applied,2024-08-21
673,Screened,2024-08-25
674,Applied,2023-11-26
674,Screened,2023-11-27
674,Interviewed,2023-12-01
675,Applied,2025-01-23
676,Applied,2025-06-12
676,Screened,2025-06-13
676,Interviewed,2025-06-22
677,Applied,2023-03-25
677,Screened,2023-03-30
677,Interviewed,2023-04-15
678,Applied,2024-11-08
678,Screened,2024-11-09
679,Applied,2025-09-02
679,Screened,2025-09-05
680,Applied,2023-02-13
681,Applied,2025-07-08
681,Screened,2025-07-12
681,Interviewed,2025-07-16
682,Applied,2024-11-20
683,Applied,2025-08-18
683,Screened,2025-08-18
684,Applied,2024-05-01
684,Screened,2024-05-04
685,Applied,2024-09-16
685,Screened,2024-09-29
685,Interviewed,2024-10-14
686,Applied,2024-09-07
686,Screened,2024-09-13
687,Applied,2023-11-13
687,Screened,2023-11-18
688,Applied,2024-08-26
688,Screened,2024-08-26
688,Interviewed,2024-09-04
689,Applied,2025-08-29
690,Applied,2025-11-08
690,Screened,2025-11-12
690,Interviewed,2025-11-21
691,Applied,2025-03-22
692,Applied,2024-08-30
692,Screened,2024-08-31
693,Applied,2025-03-06
693,Screened,2025-03-07
694,Applied,2025-09-09
694,Screened,2025-10-20
694,Interviewed,2025-11-04
694,Offered,2025-11-10
695,Applied,2024-01-02
695,Screened,2024-01-03
695,Interviewed,2024-01-08
696,Applied,2025-03-21
696,Screened,2025-03-22
696,Interviewed,2025-03-23
697,Applied,2025-10-15
698,Applied,2023-09-01
698,Screened,2023-09-05
699,Applied,2025-04-11
699,Screened,2025-04-11
700,Applied,2025-03-21
700,Screened,2025-03-23
701,Applied,2024-08-03
702,Applied,2024-11-19
703,Applied,2023-06-07
704,Applied,2023-02-17
705,Applied,2023-04-16
705,Screened,2023-04-22
705,Interviewed,2023-04-24
706,Applied,2024-03-23
706,Screened,2024-04-10
706,Interviewed,2024-04-17
707,Applied,2025-08-24
707,Screened,2025-08-31
707,Interviewed,2025-09-22
708,Applied,2023-01-17
708,Screened,2023-01-28
709,Applied,2025-11-19
709,Screened,2025-12-08
710,Applied,2025-03-11
710,Screened,2025-03-13
710,Interviewed,2025-03-13
711,Applied,2024-06-04
711,Screened,2024-06-24
711,Interviewed,2024-06-29
712,Applied,2023-09-08
713,Applied,2023-10-29
713,Screened,2023-10-31
713,Interviewed,2024-01-04
713,Offered,2024-01-08
714,Applied,2024-04-24
714,Screened,2024-05-13
715,Applied,2025-03-13
716,Applied,2024-04-05
716,Screened,2024-04-10
717,Applied,2024-05-02
718,Applied,2023-12-14
718,Screened,2023-12-18
718,Interviewed,2023-12-25
718,Offered,2023-12-26
718,Hired,2023-12-26
719,Applied,2025-12-06
719,Screened,2025-12-06
720,Applied,2025-08-16
720,Screened,2025-08-25
720,Interviewed,2025-09-04
721,Applied,2025-06-29
722,Applied,2024-09-24
723,Applied,2025-03-27
723,Screened,2025-03-31
724,Applied,2023-12-12
724,Screened,2023-12-12
724,Interviewed,2023-12-30
725,Applied,2024-10-09
725,Screened,2024-10-16
726,Applied,2026-01-01
727,Applied,2025-04-17
727,Screened,2025-04-25
728,Applied,2023-10-12
729,Applied,2023-11-02
730,Applied,2025-07-18
730,Screened,2025-07-26
731,Applied,2024-11-22
732,Applied,2025-02-17
732,Screened,2025-02-24
732,Interviewed,2025-03-11
733,Applied,2025-07-13
733,Screened,2025-07-25
733,Interviewed,2025-08-04
734,Applied,2025-05-23
735,Applied,2025-10-30
736,Applied,2023-06-12
737,Applied,2024-08-29
738,Applied,2023-09-20
738,Screened,2023-09-20
739,Applied,2024-10-04
739,Screened,2024-10-04
740,Applied,2024-02-21
740,Screened,2024-02-23
741,Applied,2025-06-07
742,Applied,2025-03-30
742,Screened,2025-04-24
743,Applied,2023-10-02
743,Screened,2023-10-09
743,Interviewed,2023-10-09
743,Offered,2023-10-27
744,Applied,2025-12-05
745,Applied,2024-03-25
746,Applied,2023-10-21
746,Screened,2023-11-10
747,Applied,2025-01-18
747,Screened,2025-01-26
748,Applied,2025-01-23
748,Screened,2025-01-24
748,Interviewed,2025-02-21
748,Offered,2025-02-21
748,Hired,2025-02-23
749,Applied,2023-12-30
749,Screened,2023-12-30
749,Interviewed,2024-01-05
750,Applied,2025-11-02
750,Screened,2025-11-02
750,Interviewed,2025-11-07
750,Offered,2025-11-08
750,Hired,2025-11-08
751,Applied,2023-12-23
752,Applied,2023-08-10
753,Applied,2023-12-27
753,Screened,2024-01-12
753,Interviewed,2024-01-12
753,Offered,2024-01-14
753,Hired,2024-01-20
754,Applied,2024-10-24
755,Applied,2025-12-28
755,Screened,2025-12-30
755,Interviewed,2026-01-08
756,Applied,2024-11-02
756,Screened,2024-11-08
757,Applied,2023-09-21
758,Applied,2025-09-10
758,Screened,2025-09-22
759,Applied,2025-05-13
759,Screened,2025-05-14
759,Interviewed,2025-05-21
760,Applied,2024-10-28
761,Applied,2023-07-29
762,Applied,2025-09-18
762,Screened,2025-09-18
763,Applied,2024-10-29
763,Screened,2024-10-29
763,Interviewed,2024-11-27
763,Offered,2024-12-06
764,Applied,2025-05-07
764,Screened,2025-05-12
765,Applied,2025-05-01
765,Screened,2025-05-01
765,Interviewed,2025-05-09
766,Applied,2023-07-15
766,Screened,2023-07-20
766,Interviewed,2023-08-04
767,Applied,2024-07-03
768,Applied,2024-06-08
768,Screened,2024-06-26
769,Applied,2024-04-13
770,Applied,2025-09-08
771,Applied,2025-02-23
771,Screened,2025-03-03
771,Interviewed,2025-03-07
772,Applied,2024-12-06
772,Screened,2024-12-13
772,Interviewed,2024-12-15
773,Applied,2025-02-01
773,Screened,2025-02-04
774,Applied,2024-12-02
774,Screened,2024-12-08
775,Applied,2023-03-11
775,Screened,2023-03-16
776,Applied,2025-10-25
777,Applied,2023-07-19
777,Screened,2023-08-07
777,Interviewed,2023-09-29
778,Applied,2024-11-09
779,Applied,2025-09-01
779,Screened,2025-09-04
779,Interviewed,2025-09-13
780,Applied,2024-05-12
780,Screened,2024-05-28
780,Interviewed,2024-06-08
781,Applied,2025-11-23
782,Applied,2025-06-03
782,Screened,2025-06-20
782,Interviewed,2025-07-04
783,Applied,2025-04-27
784,Applied,2023-03-31
784,Screened,2023-04-21
784,Interviewed,2023-04-23
784,Offered,2023-04-25
785,Applied,2023-11-20
785,Screened,2023-12-01
785,Interviewed,2023-12-21
786,Applied,2025-03-28
786,Screened,2025-04-15
786,Interviewed,2025-04-21
787,Applied,2024-05-11
787,Screened,2024-05-25
787,Interviewed,2024-06-27
788,Applied,2023-03-13
788,Screened,2023-03-17
789,Applied,2025-01-22
789,Screened,2025-01-24
790,Applied,2025-06-28
790,Screened,2025-07-02
790,Interviewed,2025-07-03
791,Applied,2024-07-31
791,Screened,2024-08-25
791,Interviewed,2024-09-26
792,Applied,2023-11-02
792,Screened,2023-11-06
792,Interviewed,2023-11-06
793,Applied,2023-06-23
793,Screened,2023-06-29
793,Interviewed,2023-07-11
794,Applied,2023-01-27
794,Screened,2023-01-27
794,Interviewed,2023-01-27
795,Applied,2024-01-02
795,Screened,2024-01-02
796,Applied,2025-09-12
797,Applied,2025-11-09
797,Screened,2025-11-16
797,Interviewed,2025-11-18
798,Applied,2023-04-18
798,Screened,2023-04-21
798,Interviewed,2023-05-01
799,Applied,2024-11-01
799,Screened,2024-11-23
800,Applied,2023-10-05
800,Screened,2023-10-10
801,Applied,2025-02-12
801,Screened,2025-02-22
801,Interviewed,2025-03-17
802,Applied,2023-01-20
802,Screened,2023-01-22
803,Applied,2023-06-01
803,Screened,2023-06-11
803,Interviewed,2023-06-20
804,Applied,2023-06-29
804,Screened,2023-06-29
805,Applied,2024-05-21
806,Applied,2024-08-16
806,Screened,2024-08-23
806,Interviewed,2024-09-13
807,Applied,2024-09-22
808,Applied,2024-04-26
808,Screened,2024-04-30
808,Interviewed,2024-05-03
808,Offered,2024-05-08
808,Hired,2024-05-11
809,Applied,2024-10-05
809,Screened,2024-10-12
809,Interviewed,2024-11-17
809,Offered,2024-11-17
809,Hired,2024-11-19
810,Applied,2023-02-23
810,Screened,2023-03-04
811,Applied,2025-07-28
811,Screened,2025-07-28
812,Applied,2024-01-11
812,Screened,2024-01-25
813,Applied,2025-08-20
813,Screened,2025-09-01
813,Interviewed,2025-09-12
814,Applied,2024-10-14
815,Applied,2025-09-12
815,Screened,2025-09-25
816,Applied,2024-09-28
816,Screened,2024-10-05
817,Applied,2023-01-23
817,Screened,2023-02-01
818,Applied,2023-11-03
818,Screened,2023-11-05
819,Applied,2024-12-22
819,Screened,2025-01-11
820,Applied,2024-01-12
820,Screened,2024-01-13
821,Applied,2023-10-21
821,Screened,2023-10-26
821,Interviewed,2023-10-28
821,Offered,2023-11-07
822,Applied,2025-05-09
822,Screened,2025-05-14
822,Interviewed,2025-06-11
823,Applied,2023-09-25
823,Screened,2023-09-28
824,Applied,2024-04-22
824,Screened,2024-05-25
825,Applied,2025-11-01
825,Screened,2025-11-21
826,Applied,2025-08-15
827,Applied,2025-06-02
827,Screened,2025-06-15
828,Applied,2024-10-22
828,Screened,2024-11-07
829,Applied,2023-05-21
830,Applied,2025-11-02
830,Screened,2025-11-08
831,Applied,2024-12-25
832,Applied,2025-11-10
833,Applied,2025-10-25
833,Screened,2025-11-01
833,Interviewed,2025-11-10
833,Offered,2025-11-22
833,Hired,2025-11-23
834,Applied,2024-12-22
834,Screened,2024-12-22
835,Applied,2023-11-04
835,Screened,2023-11-06
835,Interviewed,2023-11-06
836,Applied,2024-10-08
836,Screened,2024-10-09
836,Interviewed,2024-10-11
837,Applied,2025-12-04
837,Screened,2025-12-23
838,Applied,2023-06-22
839,Applied,2024-07-18
839,Screened,2024-08-03
840,Applied,2024-01-21
841,Applied,2023-11-22
841,Screened,2023-11-27
841,Interviewed,2023-12-01
841,Offered,2023-12-01
841,Hired,2023-12-02
842,Applied,2024-07-01
842,Screened,2024-07-09
843,Applied,2023-11-08
843,Screened,2023-11-16
844,Applied,2023-07-06
844,Screened,2023-07-10
845,Applied,2023-11-07
845,Screened,2023-11-12
846,Applied,2026-01-01
847,Applied,2024-03-25
847,Screened,2024-04-14
848,Applied,2023-11-05
848,Screened,2023-11-14
848,Interviewed,2023-11-18
849,Applied,2024-01-23
849,Screened,2024-01-23
850,Applied,2025-08-29
851,Applied,2025-02-26
851,Screened,2025-03-24
851,Interviewed,2025-04-01
852,Applied,2026-01-01
853,Applied,2025-05-14
854,Applied,2025-02-16
855,Applied,2025-05-05
856,Applied,2025-11-20
857,Applied,2024-01-07
857,Screened,2024-01-09
858,Applied,2024-09-10
858,Screened,2024-09-15
858,Interviewed,2024-09-24
858,Offered,2024-10-01
858,Hired,2024-10-01
859,Applied,2023-10-24
860,Applied,2025-07-16
861,Applied,2025-02-03
861,Screened,2025-02-06
862,Applied,2025-12-02
862,Screened,2025-12-06
863,Applied,2025-01-10
864,Applied,2024-05-06
865,Applied,2025-03-08
865,Screened,2025-03-15
865,Interviewed,2025-03-16
866,Applied,2025-09-14
866,Screened,2025-09-17
867,Applied,2024-06-28
867,Screened,2024-07-07
868,Applied,2023-07-02
868,Screened,2023-07-10
869,Applied,2024-08-30
869,Screened,2024-08-30
869,Interviewed,2024-09-30
869,Offered,2024-10-31
870,Applied,2023-09-14
870,Screened,2023-09-20
870,Interviewed,2023-09-21
870,Offered,2023-09-23
870,Hired,2023-09-23
871,Applied,2025-03-08
871,Screened,2025-03-15
871,Interviewed,2025-03-24
872,Applied,2024-08-30
872,Screened,2024-09-11
872,Interviewed,2024-09-12
872,Offered,2024-09-12
872,Hired,2024-09-14
873,Applied,2025-11-14
873,Screened,2025-11-15
873,Interviewed,2025-11-15
874,Applied,2023-09-16
874,Screened,2023-10-03
874,Interviewed,2023-10-03
874,Offered,2023-10-19
874,Hired,2023-10-26
875,Applied,2025-06-22
875,Screened,2025-07-08
875,Interviewed,2025-09-02
876,Applied,2024-06-16
876,Screened,2024-06-17
877,Applied,2024-12-31
878,Applied,2025-01-03
878,Screened,2025-01-15
879,Applied,2023-10-08
879,Screened,2023-10-28
879,Interviewed,2023-11-11
880,Applied,2023-02-26
880,Screened,2023-02-27
881,Applied,2024-12-19
881,Screened,2024-12-23
881,Interviewed,2025-01-09
881,Offered,2025-01-26
881,Hired,2025-02-11
882,Applied,2025-12-01
882,Screened,2025-12-02
883,Applied,2025-01-12
884,Applied,2023-09-01
884,Screened,2023-09-05
884,Interviewed,2023-09-23
884,Offered,2023-09-29
884,Hired,2023-09-29
885,Applied,2025-06-24
886,Applied,2023-12-08
886,Screened,2023-12-21
887,Applied,2024-06-25
888,Applied,2025-03-19
888,Screened,2025-03-31
888,Interviewed,2025-04-19
888,Offered,2025-04-23
889,Applied,2024-08-12
889,Screened,2024-08-28
889,Interviewed,2024-09-04
889,Offered,2024-09-04
889,Hired,2024-09-09
890,Applied,2024-10-22
891,Applied,2025-05-06
891,Screened,2025-05-09
891,Interviewed,2025-05-13
892,Applied,2023-04-16
892,Screened,2023-04-20
892,Interviewed,2023-05-04
893,Applied,2024-08-16
894,Applied,2023-06-24
894,Screened,2023-08-02
895,Applied,2025-06-12
895,Screened,2025-06-28
896,Applied,2024-01-17
896,Screened,2024-02-04
897,Applied,2023-08-06
897,Screened,2023-08-11
897,Interviewed,2023-08-14
898,Applied,2025-03-05
898,Screened,2025-03-08
899,Applied,2023-07-19
899,Screened,2023-08-20
900,Applied,2025-07-03
900,Screened,2025-07-08
901,Applied,2023-07-07
902,Applied,2023-10-21
903,Applied,2024-08-23
904,Applied,2023-05-11
905,Applied,2023-01-17
905,Screened,2023-01-19
905,Interviewed,2023-01-29
906,Applied,2023-10-07
907,Applied,2024-10-12
907,Screened,2024-10-16
908,Applied,2024-01-22
909,Applied,2025-07-08
909,Screened,2025-07-14
909,Interviewed,2025-08-16
910,Applied,2024-06-01
911,Applied,2025-01-23
912,Applied,2025-04-16
912,Screened,2025-04-19
913,Applied,2025-11-04
913,Screened,2025-11-10
913,Interviewed,2025-11-14
914,Applied,2026-01-01
914,Screened,2026-01-03
915,Applied,2024-12-26
915,Screened,2024-12-30
916,Applied,2025-03-10
917,Applied,2024-11-29
917,Screened,2024-11-29
918,Applied,2024-07-03
919,Applied,2025-12-13
919,Screened,2025-12-15
919,Interviewed,2025-12-25
920,Applied,2023-10-17
920,Screened,2023-10-19
920,Interviewed,2023-11-05
921,Applied,2025-11-27
921,Screened,2025-11-27
922,Applied,2025-12-24
922,Screened,2025-12-24
923,Applied,2025-10-19
924,Applied,2025-09-04
924,Screened,2025-09-15
924,Interviewed,2025-09-18
924,Offered,2025-10-04
925,Applied,2024-08-02
925,Screened,2024-08-06
926,Applied,2023-09-23
927,Applied,2024-09-04
927,Screened,2024-09-05
927,Interviewed,2024-09-05
928,Applied,2025-09-26
929,Applied,2024-11-18
930,Applied,2025-08-12
931,Applied,2024-08-27
932,Applied,2025-01-11
932,Screened,2025-01-14
933,Applied,2025-05-14
933,Screened,2025-05-19
933,Interviewed,2025-05-28
934,Applied,2025-08-03
935,Applied,2025-09-09
935,Screened,2025-09-11
936,Applied,2024-06-03
936,Screened,2024-06-06
936,Interviewed,2024-07-30
936,Offered,2024-08-16
936,Hired,2024-08-20
937,Applied,2026-01-01
937,Screened,2026-02-03
938,Applied,2025-09-09
938,Screened,2025-09-10
938,Interviewed,2025-09-28
939,Applied,2023-02-26
939,Screened,2023-03-15
939,Interviewed,2023-03-21
940,Applied,2024-08-28
940,Screened,2024-08-29
940,Interviewed,2024-09-01
941,Applied,2024-01-02
942,Applied,2024-04-20
942,Screened,2024-05-02
943,Applied,2023-11-15
943,Screened,2023-11-21
944,Applied,2025-08-18
944,Screened,2025-09-03
945,Applied,2023-07-31
946,Applied,2023-01-23
946,Screened,2023-01-28
946,Interviewed,2023-02-06
947,Applied,2024-03-17
948,Applied,2025-06-16
949,Applied,2023-11-28
949,Screened,2023-11-29
950,Applied,2023-12-06
950,Screened,2023-12-08
951,Applied,2024-07-16
952,Applied,2025-11-04
953,Applied,2023-06-09
953,Screened,2023-06-13
953,Interviewed,2023-06-13
954,Applied,2024-10-05
954,Screened,2024-10-13
954,Interviewed,2024-10-17
954,Offered,2024-10-21
954,Hired,2024-10-22
955,Applied,2024-11-13
956,Applied,2025-06-04
956,Screened,2025-06-08
957,Applied,2023-03-14
958,Applied,2024-01-04
958,Screened,2024-01-10
959,Applied,2024-04-18
960,Applied,2025-11-14
960,Screened,2025-11-19
960,Interviewed,2025-11-20
961,Applied,2024-12-29
961,Screened,2025-01-01
962,Applied,2024-08-16
962,Screened,2024-09-07
962,Interviewed,2024-09-10
962,Offered,2024-09-18
963,Applied,2024-03-01
964,Applied,2024-09-15
964,Screened,2024-09-25
965,Applied,2025-02-12
965,Screened,2025-02-13
966,Applied,2025-08-25
966,Screened,2025-08-27
966,Interviewed,2025-09-06
967,Applied,2023-05-01
967,Screened,2023-05-03
968,Applied,2024-11-10
968,Screened,2024-11-23
969,Applied,2024-09-24
970,Applied,2026-01-01
970,Screened,2026-01-04
971,Applied,2024-06-20
971,Screened,2024-06-26
971,Interviewed,2024-06-26
971,Offered,2024-07-04
971,Hired,2024-07-15
972,Applied,2023-02-05
972,Screened,2023-02-06
972,Interviewed,2023-02-15
973,Applied,2024-03-18
973,Screened,2024-04-20
973,Interviewed,2024-04-21
973,Offered,2024-05-02
974,Applied,2024-06-09
974,Screened,2024-06-15
975,Applied,2023-11-25
976,Applied,2024-02-08
976,Screened,2024-03-19
976,Interviewed,2024-04-14
976,Offered,2024-04-23
976,Hired,2024-05-12
977,Applied,2024-11-06
977,Screened,2024-11-07
977,Interviewed,2024-11-28
977,Offered,2024-12-03
977,Hired,2024-12-07
978,Applied,2024-04-20
978,Screened,2024-04-21
979,Applied,2023-08-29
980,Applied,2024-02-01
980,Screened,2024-02-09
980,Interviewed,2024-02-12
980,Offered,2024-02-12
980,Hired,2024-02-18
981,Applied,2025-10-14
981,Screened,2025-10-15
981,Interviewed,2025-11-01
982,Applied,2025-01-06
982,Screened,2025-01-13
982,Interviewed,2025-01-23
983,Applied,2023-12-10
983,Screened,2023-12-13
983,Interviewed,2023-12-17
984,Applied,2024-04-16
985,Applied,2025-10-17
985,Screened,2025-10-17
985,Interviewed,2025-10-21
986,Applied,2024-03-23
986,Screened,2024-03-23
986,Interviewed,2024-04-07
987,Applied,2024-11-19
987,Screened,2024-11-27
987,Interviewed,2024-12-20
988,Applied,2024-08-12
988,Screened,2024-08-21
989,Applied,2025-03-26
989,Screened,2025-03-31
989,Interviewed,2025-04-03
990,Applied,2025-07-30
990,Screened,2025-07-31
990,Interviewed,2025-08-03
990,Offered,2025-08-05
990,Hired,2025-08-09
991,Applied,2024-06-05
991,Screened,2024-06-12
991,Interviewed,2024-07-12
992,Applied,2025-12-06
992,Screened,2025-12-06
993,Applied,2023-02-13
993,Screened,2023-03-09
993,Interviewed,2023-03-21
994,Applied,2023-12-28
994,Screened,2024-01-15
994,Interviewed,2024-05-06
994,Offered,2024-05-16
994,Hired,2024-05-16
995,Applied,2025-02-27
995,Screened,2025-03-04
995,Interviewed,2025-03-10
996,Applied,2024-03-03
997,Applied,2024-10-06
997,Screened,2024-10-08
997,Interviewed,2024-10-08
997,Offered,2024-10-22
997,Hired,2024-10-27
998,Applied,2025-07-17
998,Screened,2025-08-01
999,Applied,2023-09-02
1000,Applied,2023-09-26
1000,Screened,2023-10-09
1001,Applied,2025-09-21
1001,Screened,2025-10-03
1001,Interviewed,2025-10-07
1001,Offered,2025-10-10
1001,Hired,2025-10-18
1002,Applied,2025-11-30
1002,Screened,2025-12-19
1002,Interviewed,2025-12-24
1003,Applied,2025-08-11
1003,Screened,2025-08-13
1003,Interviewed,2025-08-14
1003,Offered,2025-08-16
1003,Hired,2025-08-16
1004,Applied,2023-12-04
1004,Screened,2023-12-27
1005,Applied,2023-11-14
1006,Applied,2025-09-28
1007,Applied,2025-11-15
1007,Screened,2025-12-19
1007,Interviewed,2025-12-19
1008,Applied,2024-08-08
1008,Screened,2024-08-11
1009,Applied,2025-04-19
1009,Screened,2025-04-22
1010,Applied,2024-05-19
1010,Screened,2024-05-21
1011,Applied,2025-10-25
1012,Applied,2023-07-11
1012,Screened,2023-07-20
1012,Interviewed,2023-07-23
1013,Applied,2025-01-20
1013,Screened,2025-01-25
1013,Interviewed,2025-01-28
1014,Applied,2025-11-06
1014,Screened,2025-11-15
1015,Applied,2025-01-11
1015,Screened,2025-01-12
1015,Interviewed,2025-01-25
1015,Offered,2025-01-27
1016,Applied,2024-03-17
1017,Applied,2025-09-27
1017,Screened,2025-09-29
1018,Applied,2024-04-16
1018,Screened,2024-04-16
1018,Interviewed,2024-05-02
1018,Offered,2024-05-04
1019,Applied,2024-11-25
1020,Applied,2024-10-17
1020,Screened,2024-10-19
1021,Applied,2025-09-15
1021,Screened,2025-09-30
1021,Interviewed,2025-10-04
1022,Applied,2025-10-19
1022,Screened,2025-10-19
1022,Interviewed,2025-10-23
1022,Offered,2025-10-29
1023,Applied,2025-09-14
1023,Screened,2025-09-20
1023,Interviewed,2025-10-22
1024,Applied,2024-05-27
1024,Screened,2024-05-30
1024,Interviewed,2024-06-10
1024,Offered,2024-06-10
1024,Hired,2024-06-25
1025,Applied,2025-11-23
1025,Screened,2025-11-27
1025,Interviewed,2026-01-07
1026,Applied,2025-02-14
1027,Applied,2025-08-30
1027,Screened,2025-09-01
1027,Interviewed,2025-09-28
1028,Applied,2024-07-03
1029,Applied,2023-05-23
1029,Screened,2023-05-26
1029,Interviewed,2023-05-28
1030,Applied,2025-10-09
1031,Applied,2025-03-28
1031,Screened,2025-03-31
1032,Applied,2024-06-28
1033,Applied,2024-12-31
1033,Screened,2025-01-10
1034,Applied,2025-08-08
1035,Applied,2025-06-20
1035,Screened,2025-06-26
1036,Applied,2024-05-04
1036,Screened,2024-05-10
1037,Applied,2025-12-15
1038,Applied,2025-11-25
1039,Applied,2023-11-11
1039,Screened,2023-11-12
1039,Interviewed,2023-11-23
1039,Offered,2023-11-28
1039,Hired,2023-11-30
1040,Applied,2025-02-10
1040,Screened,2025-02-11
1041,Applied,2024-11-02
1042,Applied,2023-07-05
1042,Screened,2023-07-15
1042,Interviewed,2023-08-23
1042,Offered,2023-08-26
1042,Hired,2023-08-29
1043,Applied,2024-07-16
1043,Screened,2024-07-21
1044,Applied,2024-07-05
1045,Applied,2024-03-06
1046,Applied,2024-03-12
1046,Screened,2024-03-12
1046,Interviewed,2024-04-02
1047,Applied,2025-03-26
1047,Screened,2025-03-30
1047,Interviewed,2025-04-12
1047,Offered,2025-04-12
1048,Applied,2025-04-16
1048,Screened,2025-04-20
1048,Interviewed,2025-04-25
1049,Applied,2023-01-06
1050,Applied,2025-05-16
1051,Applied,2023-02-08
1051,Screened,2023-02-09
1051,Interviewed,2023-03-08
1052,Applied,2025-04-13
1053,Applied,2025-02-19
1054,Applied,2025-11-28
1055,Applied,2023-02-24
1056,Applied,2023-04-08
1056,Screened,2023-04-21
1057,Applied,2025-06-23
1057,Screened,2025-07-04
1057,Interviewed,2025-07-16
1057,Offered,2025-07-17
1058,Applied,2025-06-17
1059,Applied,2024-10-02
1059,Screened,2024-10-04
1059,Interviewed,2024-10-07
1060,Applied,2024-02-25
1060,Screened,2024-03-05
1060,Interviewed,2024-03-28
1060,Offered,2024-04-06
1060,Hired,2024-04-08
1061,Applied,2025-11-09
1062,Applied,2023-04-28
1062,Screened,2023-05-18
1063,Applied,2025-01-30
1063,Screened,2025-02-07
1063,Interviewed,2025-02-12
1063,Offered,2025-02-25
1063,Hired,2025-03-01
1064,Applied,2024-09-12
1064,Screened,2024-09-28
1065,Applied,2025-10-18
1066,Applied,2025-07-31
1066,Screened,2025-08-04
1067,Applied,2023-04-12
1067,Screened,2023-04-16
1068,Applied,2023-01-12
1068,Screened,2023-02-11
1068,Interviewed,2023-02-12
1069,Applied,2025-03-04
1070,Applied,2025-07-29
1070,Screened,2025-08-02
1071,Applied,2025-05-12
1071,Screened,2025-05-20
1072,Applied,2024-07-21
1073,Applied,2025-05-18
1073,Screened,2025-06-06
1073,Interviewed,2025-06-06
1074,Applied,2024-10-07
1074,Screened,2024-10-22
1075,Applied,2025-12-26
1075,Screened,2025-12-31
1076,Applied,2024-11-23
1076,Screened,2024-12-24
1077,Applied,2026-01-01
1078,Applied,2024-07-03
1078,Screened,2024-07-04
1078,Interviewed,2024-07-15
1079,Applied,2024-01-05
1080,Applied,2025-02-13
1080,Screened,2025-03-03
1081,Applied,2025-12-30
1082,Applied,2025-08-03
1083,Applied,2024-04-02
1083,Screened,2024-04-15
1084,Applied,2023-06-10
1084,Screened,2023-06-10
1085,Applied,2025-12-03
1085,Screened,2025-12-17
1085,Interviewed,2025-12-21
1086,Applied,2025-08-07
1086,Screened,2025-08-08
1086,Interviewed,2025-08-18
1086,Offered,2025-08-21
1086,Hired,2025-08-22
1087,Applied,2025-02-01
1087,Screened,2025-02-01
1088,Applied,2023-10-19
1088,Screened,2023-11-02
1088,Interviewed,2023-12-26
1089,Applied,2023-11-09
1089,Screened,2023-11-17
1090,Applied,2025-01-05
1090,Screened,2025-01-07
1091,Applied,2023-11-30
1091,Screened,2023-12-01
1092,Applied,2024-12-20
1092,Screened,2024-12-21
1092,Interviewed,2025-01-04
1093,Applied,2024-03-20
1093,Screened,2024-03-25
1093,Interviewed,2024-03-28
1093,Offered,2024-03-29
1093,Hired,2024-04-03
1094,Applied,2024-04-09
1095,Applied,2024-11-16
1095,Screened,2024-11-22
1096,Applied,2025-04-30
1096,Screened,2025-05-16
1096,Interviewed,2025-05-22
1096,Offered,2025-05-22
1096,Hired,2025-05-24
1097,Applied,2025-12-23
1098,Applied,2025-04-23
1099,Applied,2025-10-17
1099,Screened,2025-10-19
1099,Interviewed,2025-10-20
1100,Applied,2025-08-24
1100,Screened,2025-08-25
1100,Interviewed,2025-09-08
1100,Offered,2025-09-08
1100,Hired,2025-09-09
1101,Applied,2024-01-06
1102,Applied,2025-06-02
1102,Screened,2025-06-02
1102,Interviewed,2025-06-15
1103,Applied,2024-07-24
1104,Applied,2025-07-01
1105,Applied,2025-10-31
1105,Screened,2025-11-11
1105,Interviewed,2025-11-15
1106,Applied,2023-03-20
1106,Screened,2023-03-26
1107,Applied,2023-06-01
1107,Screened,2023-06-03
1107,Interviewed,2023-06-11
1107,Offered,2023-06-13
1107,Hired,2023-06-16
1108,Applied,2024-11-05
1108,Screened,2024-11-09
1109,Applied,2025-10-23
1110,Applied,2025-05-06
1110,Screened,2025-05-11
1111,Applied,2025-05-01
1111,Screened,2025-05-07
1111,Interviewed,2025-06-12
1111,Offered,2025-06-30
1111,Hired,2025-07-02
1112,Applied,2025-03-18
1113,Applied,2024-03-31
1113,Screened,2024-04-15
1113,Interviewed,2024-04-27
1113,Offered,2024-04-30
1114,Applied,2024-07-08
1115,Applied,2023-08-30
1115,Screened,2023-09-23
1115,Interviewed,2023-10-05
1115,Offered,2023-10-15
1115,Hired,2023-10-15
1116,Applied,2025-12-17
1116,Screened,2025-12-21
1117,Applied,2025-11-03
1117,Screened,2025-11-03
1118,Applied,2024-08-27
1119,Applied,2024-12-03
1119,Screened,2024-12-15
1119,Interviewed,2024-12-19
1120,Applied,2023-11-22
1120,Screened,2023-11-30
1121,Applied,2023-10-18
1121,Screened,2023-10-30
1122,Applied,2025-03-23
1122,Screened,2025-04-01
1122,Interviewed,2025-04-05
1123,Applied,2025-12-30
1123,Screened,2026-01-23
1124,Applied,2024-03-15
1125,Applied,2025-02-17
1125,Screened,2025-02-22
1125,Interviewed,2025-03-05
1126,Applied,2024-09-12
1126,Screened,2024-09-13
1127,Applied,2024-09-29
1127,Screened,2024-10-09
1127,Interviewed,2024-10-20
1128,Applied,2024-04-11
1129,Applied,2023-06-08
1130,Applied,2024-08-27
1131,Applied,2025-03-24
1131,Screened,2025-03-25
1132,Applied,2024-11-14
1132,Screened,2024-11-26
1133,Applied,2025-12-14
1134,Applied,2024-02-15
1134,Screened,2024-02-29
1135,Applied,2025-10-03
1135,Screened,2025-10-05
1136,Applied,2023-08-18
1136,Screened,2023-09-02
1137,Applied,2024-11-04
1138,Applied,2024-11-30
1138,Screened,2024-12-07
1139,Applied,2024-12-24
1139,Screened,2024-12-24
1140,Applied,2024-03-16
1140,Screened,2024-03-23
1141,Applied,2024-06-20
1141,Screened,2024-06-24
1141,Interviewed,2024-07-02
1142,Applied,2024-03-06
1142,Screened,2024-03-21
1143,Applied,2026-01-01
1144,Applied,2024-04-13
1144,Screened,2024-04-15
1144,Interviewed,2024-04-26
1144,Offered,2024-04-26
1144,Hired,2024-04-26
1145,Applied,2025-12-07
1145,Screened,2025-12-08
1146,Applied,2023-07-23
1146,Screened,2023-07-24
1147,Applied,2025-03-03
1147,Screened,2025-03-21
1147,Interviewed,2025-04-17
1147,Offered,2025-04-21
1147,Hired,2025-04-25
1148,Applied,2025-03-02
1148,Screened,2025-03-02
1148,Interviewed,2025-04-01
1148,Offered,2025-04-04
1149,Applied,2025-12-19
1149,Screened,2025-12-20
1149,Interviewed,2025-12-24
1150,Applied,2025-05-23
1150,Screened,2025-05-29
1150,Interviewed,2025-06-03
1151,Applied,2025-05-04
1151,Screened,2025-05-04
1152,Applied,2023-12-29
1152,Screened,2024-01-06
1153,Applied,2025-11-16
1154,Applied,2023-02-02
1154,Screened,2023-02-09
1155,Applied,2023-06-20
1155,Screened,2023-06-30
1156,Applied,2024-11-04
1156,Screened,2024-11-13
1157,Applied,2023-10-18
1157,Screened,2023-11-15
1157,Interviewed,2023-11-21
1157,Offered,2023-11-22
1157,Hired,2023-12-07
1158,Applied,2024-02-25
1158,Screened,2024-02-29
1159,Applied,2024-06-14
1159,Screened,2024-06-16
1159,Interviewed,2024-06-16
1159,Offered,2024-06-26
1160,Applied,2024-09-04
1161,Applied,2023-05-03
1161,Screened,2023-05-06
1161,Interviewed,2023-05-20
1162,Applied,2025-07-30
1162,Screened,2025-08-03
1162,Interviewed,2025-09-12
1163,Applied,2025-08-23
1163,Screened,2025-09-03
1164,Applied,2024-08-02
1164,Screened,2024-08-10
1165,Applied,2025-01-16
1165,Screened,2025-01-20
1165,Interviewed,2025-01-21
1166,Applied,2024-07-22
1166,Screened,2024-08-05
1167,Applied,2025-08-19
1168,Applied,2025-07-27
1169,Applied,2024-11-03
1169,Screened,2024-11-05
1170,Applied,2023-11-19
1170,Screened,2023-11-24
1171,Applied,2023-08-23
1171,Screened,2023-08-29
1171,Interviewed,2023-08-30
1172,Applied,2026-01-01
1172,Screened,2026-01-01
1172,Interviewed,2026-01-08
1173,Applied,2025-08-19
1174,Applied,2023-11-19
1174,Screened,2023-11-23
1175,Applied,2024-06-15
1175,Screened,2024-06-15
1175,Interviewed,2024-06-21
1176,Applied,2024-10-03
1177,Applied,2024-10-12
1177,Screened,2024-10-25
1178,Applied,2024-11-25
1179,Applied,2024-04-05
1179,Screened,2024-04-10
1179,Interviewed,2024-04-24
1180,Applied,2025-07-16
1181,Applied,2023-02-19
1181,Screened,2023-03-03
1181,Interviewed,2023-03-25
1181,Offered,2023-03-26
1182,Applied,2024-07-16
1183,Applied,2025-12-20
1183,Screened,2025-12-23
1183,Interviewed,2026-01-19
1184,Applied,2023-04-28
1184,Screened,2023-04-30
1185,Applied,2025-05-14
1185,Screened,2025-05-17
1185,Interviewed,2025-06-10
1186,Applied,2025-05-29
1186,Screened,2025-05-29
1186,Interviewed,2025-06-16
1187,Applied,2025-10-15
1187,Screened,2025-11-02
1188,Applied,2025-02-21
1189,Applied,2025-11-19
1189,Screened,2025-11-20
1189,Interviewed,2025-12-05
1190,Applied,2023-04-07
1190,Screened,2023-04-09
1191,Applied,2025-06-23
1191,Screened,2025-06-29
1192,Applied,2025-05-24
1193,Applied,2025-10-20
1194,Applied,2024-03-11
1194,Screened,2024-04-03
1194,Interviewed,2024-04-21
1195,Applied,2023-09-13
1195,Screened,2023-09-29
1195,Interviewed,2023-10-02
1196,Applied,2023-08-21
1196,Screened,2023-08-22
1196,Interviewed,2023-09-19
1196,Offered,2023-09-22
1196,Hired,2023-09-26
1197,Applied,2024-04-18
1197,Screened,2024-05-06
1197,Interviewed,2024-05-22
1198,Applied,2023-06-24
1198,Screened,2023-06-26
1198,Interviewed,2023-07-08
1199,Applied,2023-10-23
1199,Screened,2023-10-24
1200,Applied,2023-10-02
1200,Screened,2023-11-01
1200,Interviewed,2023-11-15
1201,Applied,2024-08-19
1202,Applied,2024-09-08
1202,Screened,2024-09-09
1203,Applied,2025-10-04
1203,Screened,2025-10-11
1204,Applied,2024-05-24
1204,Screened,2024-06-02
1204,Interviewed,2024-06-05
1204,Offered,2024-06-08
1204,Hired,2024-06-10
1205,Applied,2024-09-28
1205,Screened,2024-10-02
1205,Interviewed,2024-10-07
1206,Applied,2025-03-30
1206,Screened,2025-04-11
1206,Interviewed,2025-04-16
1207,Applied,2023-08-11
1208,Applied,2025-03-25
1208,Screened,2025-03-27
1208,Interviewed,2025-04-02
1209,Applied,2025-08-01
1209,Screened,2025-08-06
1210,Applied,2023-07-01
1210,Screened,2023-07-07
1210,Interviewed,2023-07-20
1210,Offered,2023-07-20
1210,Hired,2023-07-21
1211,Applied,2024-08-24
1211,Screened,2024-09-23
1212,Applied,2024-12-14
1213,Applied,2023-08-26
1213,Screened,2023-08-28
1213,Interviewed,2023-09-15
1213,Offered,2023-09-23
1213,Hired,2023-09-30
1214,Applied,2025-10-28
1214,Screened,2025-11-19
1214,Interviewed,2025-12-10
1215,Applied,2025-10-01
1215,Screened,2025-10-13
1215,Interviewed,2025-11-03
1216,Applied,2023-06-09
1216,Screened,2023-06-12
1217,Applied,2025-07-18
1217,Screened,2025-07-24
1217,Interviewed,2025-07-29
1218,Applied,2025-08-14
1218,Screened,2025-08-24
1219,Applied,2025-02-08
1220,Applied,2024-07-18
1220,Screened,2024-07-25
1221,Applied,2023-08-02
1222,Applied,2023-10-13
1222,Screened,2023-10-26
1223,Applied,2025-10-05
1223,Screened,2025-10-09
1223,Interviewed,2025-10-15
1224,Applied,2025-09-05
1224,Screened,2025-09-12
1225,Applied,2023-05-16
1226,Applied,2024-07-27
1226,Screened,2024-07-30
1226,Interviewed,2024-08-02
1227,Applied,2024-11-10
1227,Screened,2024-12-17
1227,Interviewed,2024-12-31
1228,Applied,2025-10-06
1229,Applied,2025-01-23
1229,Screened,2025-01-30
1230,Applied,2023-06-23
1230,Screened,2023-06-26
1231,Applied,2024-06-21
1231,Screened,2024-06-21
1231,Interviewed,2024-06-30
1231,Offered,2024-07-13
1231,Hired,2024-07-16
1232,Applied,2023-06-17
1233,Applied,2025-02-01
1233,Screened,2025-02-07
1234,Applied,2025-08-22
1234,Screened,2025-08-27
1235,Applied,2023-07-19
1235,Screened,2023-07-24
1235,Interviewed,2023-07-25
1236,Applied,2025-05-30
1236,Screened,2025-05-30
1237,Applied,2025-12-29
1237,Screened,2025-12-29
1238,Applied,2025-11-05
1238,Screened,2025-11-25
1239,Applied,2023-10-13
1239,Screened,2023-10-14
1240,Applied,2024-09-05
1240,Screened,2024-09-09
1241,Applied,2024-04-13
1241,Screened,2024-04-13
1242,Applied,2025-10-13
1242,Screened,2025-10-13
1243,Applied,2025-08-04
1243,Screened,2025-08-11
1244,Applied,2025-06-24
1244,Screened,2025-06-28
1244,Interviewed,2025-08-20
1245,Applied,2024-08-07
1245,Screened,2024-08-09
1245,Interviewed,2024-08-25
1245,Offered,2024-09-12
1245,Hired,2024-09-13
1246,Applied,2025-03-25
1246,Screened,2025-04-04
1247,Applied,2025-12-07
1247,Screened,2025-12-10
1248,Applied,2025-09-27
1249,Applied,2023-08-07
1249,Screened,2023-08-14
1250,Applied,2023-07-25
1251,Applied,2024-04-19
1251,Screened,2024-05-16
1252,Applied,2024-08-13
1253,Applied,2025-08-20
1253,Screened,2025-08-22
1254,Applied,2024-11-11
1254,Screened,2024-11-25
1254,Interviewed,2024-11-25
1255,Applied,2024-07-24
1256,Applied,2024-05-08
1257,Applied,2023-05-16
1257,Screened,2023-05-27
1258,Applied,2025-10-26
1258,Screened,2025-11-08
1258,Interviewed,2025-11-20
1259,Applied,2024-02-22
1259,Screened,2024-02-24
1260,Applied,2025-04-06
1260,Screened,2025-04-14
1260,Interviewed,2025-05-12
1261,Applied,2025-11-18
1261,Screened,2025-12-10
1261,Interviewed,2025-12-12
1262,Applied,2025-03-18
1263,Applied,2024-03-07
1263,Screened,2024-03-11
1263,Interviewed,2024-03-25
1264,Applied,2025-03-31
1264,Screened,2025-03-31
1265,Applied,2023-11-13
1265,Screened,2023-11-15
1265,Interviewed,2023-11-16
1265,Offered,2023-11-22
1265,Hired,2023-11-24
1266,Applied,2023-09-13
1266,Screened,2023-09-15
1267,Applied,2025-12-15
1267,Screened,2025-12-20
1268,Applied,2024-01-24
1268,Screened,2024-01-24
1268,Interviewed,2024-01-25
1269,Applied,2024-04-23
1269,Screened,2024-04-23
1269,Interviewed,2024-04-30
1270,Applied,2023-04-20
1270,Screened,2023-04-27
1270,Interviewed,2023-05-12
1271,Applied,2025-12-22
1271,Screened,2025-12-31
1272,Applied,2024-01-17
1272,Screened,2024-01-23
1272,Interviewed,2024-01-28
1273,Applied,2024-05-16
1273,Screened,2024-05-21
1274,Applied,2025-02-13
1274,Screened,2025-02-16
1275,Applied,2024-12-07
1275,Screened,2024-12-10
1275,Interviewed,2025-01-17
1275,Offered,2025-01-26
1275,Hired,2025-01-29
1276,Applied,2024-05-12
1277,Applied,2024-07-02
1277,Screened,2024-07-03
1278,Applied,2025-02-17
1278,Screened,2025-02-24
1279,Applied,2023-10-16
1279,Screened,2023-10-23
1280,Applied,2025-11-02
1280,Screened,2025-11-13
1281,Applied,2023-06-21
1281,Screened,2023-07-28
1282,Applied,2025-12-07
1282,Screened,2025-12-07
1282,Interviewed,2025-12-30
1282,Offered,2025-12-30
1282,Hired,2026-01-06
1283,Applied,2025-12-11
1283,Screened,2025-12-13
1283,Interviewed,2025-12-29
1283,Offered,2026-01-20
1283,Hired,2026-01-30
1284,Applied,2023-10-13
1285,Applied,2025-01-29
1285,Screened,2025-02-04
1285,Interviewed,2025-02-10
1286,Applied,2025-09-15
1286,Screened,2025-09-15
1286,Interviewed,2025-09-30
1286,Offered,2025-10-05
1286,Hired,2025-10-16
1287,Applied,2025-09-30
1287,Screened,2025-10-12
1287,Interviewed,2025-11-05
1288,Applied,2024-05-17
1289,Applied,2023-08-09
1289,Screened,2023-08-24
1290,Applied,2024-08-29
1290,Screened,2024-08-30
1290,Interviewed,2024-09-01
1290,Offered,2024-09-02
1290,Hired,2024-09-07
1291,Applied,2023-05-19
1291,Screened,2023-06-03
1292,Applied,2024-09-20
1293,Applied,2025-11-17
1294,Applied,2025-04-06
1294,Screened,2025-04-06
1294,Interviewed,2025-05-08
1294,Offered,2025-06-05
1295,Applied,2025-07-30
1295,Screened,2025-07-30
1296,Applied,2023-02-11
1296,Screened,2023-02-16
1297,Applied,2025-11-09
1298,Applied,2024-07-01
1298,Screened,2024-07-03
1299,Applied,2025-04-02
1299,Screened,2025-04-02
1300,Applied,2024-12-11
1300,Screened,2024-12-11
1300,Interviewed,2024-12-26
1301,Applied,2024-05-17
1301,Screened,2024-05-22
1301,Interviewed,2024-05-26
1302,Applied,2024-09-13
1302,Screened,2024-09-26
1303,Applied,2024-01-25
1303,Screened,2024-01-28
1304,Applied,2025-08-10
1304,Screened,2025-08-10
1305,Applied,2025-11-08
1305,Screened,2025-11-21
1305,Interviewed,2025-12-01
1306,Applied,2024-09-12
1306,Screened,2024-09-15
1306,Interviewed,2024-10-10
1306,Offered,2024-10-12
1307,Applied,2025-01-25
1308,Applied,2023-02-26
1308,Screened,2023-03-16
1309,Applied,2024-02-21
1309,Screened,2024-03-08
1310,Applied,2024-07-01
1311,Applied,2025-05-18
1311,Screened,2025-05-20
1312,Applied,2024-10-29
1312,Screened,2024-10-29
1313,Applied,2024-07-10
1313,Screened,2024-07-18
1313,Interviewed,2024-07-26
1314,Applied,2025-09-20
1314,Screened,2025-09-22
1315,Applied,2023-08-21
1316,Applied,2023-05-31
1317,Applied,2024-04-01
1317,Screened,2024-04-14
1317,Interviewed,2024-04-18
1318,Applied,2025-02-07
1319,Applied,2024-02-15
1319,Screened,2024-02-17
1319,Interviewed,2024-03-02
1319,Offered,2024-03-16
1319,Hired,2024-03-17
1320,Applied,2024-04-03
1320,Screened,2024-04-13
1321,Applied,2024-12-06
1322,Applied,2025-02-07
1323,Applied,2023-08-30
1323,Screened,2023-09-13
1323,Interviewed,2023-09-26
1323,Offered,2023-10-10
1323,Hired,2023-10-14
1324,Applied,2025-03-11
1324,Screened,2025-03-13
1325,Applied,2024-03-21
1325,Screened,2024-03-23
1325,Interviewed,2024-03-24
1326,Applied,2025-10-05
1326,Screened,2025-10-07
1326,Interviewed,2025-10-14
1326,Offered,2025-10-19
1326,Hired,2025-10-22
1327,Applied,2024-01-13
1327,Screened,2024-01-15
1328,Applied,2024-08-10
1329,Applied,2025-09-04
1330,Applied,2023-05-11
1330,Screened,2023-05-11
1331,Applied,2023-07-11
1332,Applied,2024-03-26
1333,Applied,2024-07-20
1333,Screened,2024-07-24
1334,Applied,2024-10-04
1334,Screened,2024-10-22
1334,Interviewed,2024-10-28
1335,Applied,2025-12-27
1335,Screened,2025-12-28
1336,Applied,2023-02-12
1336,Screened,2023-02-19
1336,Interviewed,2023-02-20
1336,Offered,2023-03-30
1336,Hired,2023-04-10
1337,Applied,2023-01-05
1337,Screened,2023-01-05
1338,Applied,2025-01-30
1339,Applied,2024-03-11
1339,Screened,2024-03-17
1339,Interviewed,2024-04-03
1340,Applied,2025-02-06
1340,Screened,2025-02-11
1340,Interviewed,2025-02-27
1341,Applied,2024-08-01
1342,Applied,2025-06-21
1343,Applied,2023-11-04
1343,Screened,2023-11-19
1343,Interviewed,2023-11-24
1344,Applied,2024-01-27
1344,Screened,2024-01-29
1345,Applied,2025-11-24
1345,Screened,2025-12-04
1345,Interviewed,2025-12-19
1346,Applied,2023-09-30
1346,Screened,2023-10-01
1346,Interviewed,2023-10-11
1347,Applied,2025-09-29
1347,Screened,2025-10-20
1348,Applied,2024-11-25
1348,Screened,2024-11-28
1349,Applied,2025-02-04
1349,Screened,2025-02-05
1350,Applied,2025-09-04
1351,Applied,2023-06-15
1351,Screened,2023-06-20
1352,Applied,2025-07-27
1352,Screened,2025-08-05
1353,Applied,2024-07-01
1353,Screened,2024-07-02
1353,Interviewed,2024-07-13
1354,Applied,2026-01-01
1355,Applied,2025-02-10
1355,Screened,2025-02-20
1355,Interviewed,2025-03-21
1356,Applied,2025-03-08
1356,Screened,2025-03-22
1357,Applied,2023-07-26
1357,Screened,2023-08-02
1358,Applied,2023-02-28
1358,Screened,2023-03-04
1359,Applied,2024-02-05
1360,Applied,2025-11-03
1360,Screened,2025-11-03
1361,Applied,2023-04-06
1361,Screened,2023-04-09
1361,Interviewed,2023-04-12
1361,Offered,2023-04-23
1361,Hired,2023-04-27
1362,Applied,2024-10-14
1362,Screened,2024-10-21
1362,Interviewed,2024-10-29
1362,Offered,2024-10-30
1362,Hired,2024-11-09
1363,Applied,2024-09-03
1363,Screened,2024-09-07
1363,Interviewed,2024-10-12
1364,Applied,2023-07-14
1364,Screened,2023-07-17
1364,Interviewed,2023-07-31
1365,Applied,2025-09-28
1366,Applied,2025-01-24
1366,Screened,2025-01-31
1366,Interviewed,2025-02-19
1367,Applied,2025-11-29
1368,Applied,2023-03-01
1369,Applied,2025-11-11
1369,Screened,2025-11-11
1369,Interviewed,2025-11-13
1370,Applied,2023-07-02
1370,Screened,2023-07-03
1371,Applied,2025-06-17
1371,Screened,2025-06-24
1372,Applied,2024-11-06
1372,Screened,2024-11-06
1373,Applied,2024-08-15
1373,Screened,2024-08-18
1374,Applied,2023-02-26
1375,Applied,2025-10-06
1375,Screened,2025-10-10
1375,Interviewed,2025-12-20
1376,Applied,2025-11-18
1376,Screened,2025-11-24
1377,Applied,2025-01-09
1377,Screened,2025-01-11
1377,Interviewed,2025-01-24
1377,Offered,2025-01-24
1377,Hired,2025-01-28
1378,Applied,2024-11-16
1378,Screened,2024-11-19
1378,Interviewed,2024-11-29
1378,Offered,2024-12-08
1378,Hired,2024-12-11
1379,Applied,2025-02-26
1379,Screened,2025-03-04
1379,Interviewed,2025-05-06
1380,Applied,2024-10-23
1381,Applied,2025-07-09
1382,Applied,2023-09-30
1382,Screened,2023-10-05
1382,Interviewed,2023-10-09
1383,Applied,2025-04-23
1383,Screened,2025-04-23
1383,Interviewed,2025-04-25
1384,Applied,2024-05-19
1385,Applied,2024-08-18
1385,Screened,2024-09-17
1386,Applied,2023-08-04
1386,Screened,2023-08-04
1387,Applied,2025-09-19
1388,Applied,2024-05-27
1389,Applied,2025-05-30
1390,Applied,2025-08-02
1390,Screened,2025-08-02
1390,Interviewed,2025-08-13
1390,Offered,2025-08-13
1390,Hired,2025-08-13
1391,Applied,2025-05-22
1391,Screened,2025-05-28
1391,Interviewed,2025-05-29
1392,Applied,2025-03-17
1392,Screened,2025-03-30
1392,Interviewed,2025-04-09
1393,Applied,2024-05-03
1393,Screened,2024-06-03
1394,Applied,2023-09-20
1395,Applied,2025-09-11
1396,Applied,2025-04-16
1396,Screened,2025-04-22
1396,Interviewed,2025-05-05
1397,Applied,2024-08-19
1398,Applied,2024-05-23
1399,Applied,2025-07-17
1400,Applied,2023-04-09
1400,Screened,2023-04-15
1400,Interviewed,2023-06-18
1401,Applied,2025-05-31
1401,Screened,2025-05-31
1402,Applied,2025-09-25
1402,Screened,2025-10-01
1402,Interviewed,2025-10-05
1402,Offered,2025-10-14
1402,Hired,2025-10-19
1403,Applied,2023-12-03
1403,Screened,2023-12-14
1404,Applied,2023-08-31
1404,Screened,2023-09-01
1405,Applied,2025-10-10
1405,Screened,2025-10-14
1405,Interviewed,2025-10-23
1405,Offered,2025-11-08
1405,Hired,2025-11-13
1406,Applied,2024-03-10
1406,Screened,2024-03-16
1407,Applied,2023-06-04
1407,Screened,2023-06-06
1408,Applied,2025-05-20
1408,Screened,2025-05-25
1409,Applied,2024-08-26
1409,Screened,2024-09-07
1410,Applied,2024-12-06
1410,Screened,2024-12-10
1410,Interviewed,2025-01-06
1410,Offered,2025-01-13
1410,Hired,2025-01-15
1411,Applied,2023-11-30
1411,Screened,2023-12-01
1411,Interviewed,2023-12-04
1412,Applied,2025-12-03
1412,Screened,2025-12-05
1413,Applied,2023-06-14
1414,Applied,2025-06-10
1414,Screened,2025-06-19
1415,Applied,2025-05-12
1415,Screened,2025-05-18
1415,Interviewed,2025-05-29
1415,Offered,2025-06-02
1415,Hired,2025-06-02
1416,Applied,2025-11-13
1417,Applied,2025-08-28
1418,Applied,2025-08-05
1418,Screened,2025-08-08
1418,Interviewed,2025-08-14
1419,Applied,2025-04-08
1419,Screened,2025-04-16
1420,Applied,2023-05-02
1420,Screened,2023-05-05
1421,Applied,2023-05-10
1421,Screened,2023-05-15
1421,Interviewed,2023-05-17
1421,Offered,2023-05-23
1421,Hired,2023-05-27
1422,Applied,2025-09-20
1423,Applied,2024-11-23
1424,Applied,2025-08-24
1425,Applied,2025-08-20
1426,Applied,2025-02-03
1426,Screened,2025-02-09
1427,Applied,2025-02-10
1427,Screened,2025-02-11
1427,Interviewed,2025-03-11
1428,Applied,2023-11-25
1428,Screened,2023-12-04
1428,Interviewed,2023-12-12
1428,Offered,2023-12-23
1428,Hired,2024-01-03
1429,Applied,2023-09-05
1429,Screened,2023-09-07
1429,Interviewed,2023-09-07
1429,Offered,2023-09-12
1429,Hired,2023-09-15
1430,Applied,2023-06-29
1430,Screened,2023-07-18
1430,Interviewed,2023-07-26
1431,Applied,2025-10-11
1431,Screened,2025-10-16
1431,Interviewed,2025-11-18
1431,Offered,2025-11-18
1431,Hired,2025-11-19
1432,Applied,2023-11-15
1432,Screened,2023-11-15
1432,Interviewed,2023-11-20
1433,Applied,2024-04-02
1433,Screened,2024-04-02
1433,Interviewed,2024-04-05
1433,Offered,2024-04-06
1433,Hired,2024-04-06
1434,Applied,2025-11-14
1434,Screened,2025-11-20
1434,Interviewed,2025-11-20
1435,Applied,2024-04-12
1435,Screened,2024-04-12
1435,Interviewed,2024-05-12
1435,Offered,2024-05-15
1435,Hired,2024-05-17
1436,Applied,2025-01-26
1436,Screened,2025-01-26
1437,Applied,2024-01-03
1438,Applied,2023-03-22
1438,Screened,2023-03-24
1439,Applied,2024-10-27
1439,Screened,2024-10-27
1439,Interviewed,2024-12-01
1439,Offered,2024-12-03
1439,Hired,2024-12-07
1440,Applied,2025-11-22
1440,Screened,2025-11-23
1441,Applied,2025-12-20
1441,Screened,2025-12-25
1442,Applied,2023-01-01
1443,Applied,2024-02-25
1443,Screened,2024-03-28
1443,Interviewed,2024-04-08
1444,Applied,2025-02-14
1445,Applied,2025-08-19
1445,Screened,2025-08-22
1446,Applied,2024-09-20
1446,Screened,2024-09-22
1447,Applied,2024-11-29
1447,Screened,2025-01-08
1447,Interviewed,2025-01-08
1448,Applied,2023-02-28
1448,Screened,2023-02-28
1448,Interviewed,2023-03-04
1449,Applied,2023-10-18
1449,Screened,2023-10-19
1449,Interviewed,2023-12-23
1450,Applied,2025-11-14
1450,Screened,2025-11-28
1451,Applied,2024-10-14
1451,Screened,2024-10-15
1452,Applied,2025-02-13
1452,Screened,2025-02-16
1453,Applied,2025-09-28
1453,Screened,2025-10-06
1453,Interviewed,2025-10-08
1454,Applied,2023-05-06
1454,Screened,2023-05-09
1455,Applied,2025-06-16
1455,Screened,2025-06-21
1455,Interviewed,2025-07-03
1456,Applied,2024-08-26
1456,Screened,2024-08-29
1457,Applied,2024-08-30
1457,Screened,2024-09-07
1458,Applied,2025-10-04
1458,Screened,2025-10-20
1459,Applied,2026-01-01
1460,Applied,2024-10-04
1460,Screened,2024-10-09
1460,Interviewed,2024-10-22
1460,Offered,2024-10-23
1460,Hired,2024-10-27
1461,Applied,2024-10-29
1462,Applied,2024-05-19
1462,Screened,2024-05-23
1463,Applied,2025-06-26
1464,Applied,2024-10-26
1464,Screened,2024-10-30
1464,Interviewed,2024-11-14
1465,Applied,2023-04-17
1466,Applied,2025-05-14
1467,Applied,2024-03-03
1468,Applied,2024-11-17
1468,Screened,2024-11-24
1469,Applied,2025-06-16
1470,Applied,2025-02-08
1471,Applied,2024-11-20
1471,Screened,2024-11-21
1472,Applied,2024-11-06
1473,Applied,2023-08-17
1474,Applied,2025-10-17
1474,Screened,2025-10-20
1474,Interviewed,2025-11-07
1475,Applied,2025-04-01
1475,Screened,2025-04-08
1476,Applied,2024-03-25
1477,Applied,2024-03-11
1478,Applied,2025-10-05
1478,Screened,2025-10-10
1479,Applied,2024-10-09
1479,Screened,2024-11-01
1479,Interviewed,2024-12-04
1480,Applied,2023-12-05
1480,Screened,2023-12-07
1481,Applied,2025-05-12
1482,Applied,2023-03-29
1482,Screened,2023-04-03
1483,Applied,2023-12-08
1483,Screened,2023-12-11
1483,Interviewed,2023-12-15
1483,Offered,2023-12-23
1483,Hired,2024-01-05
1484,Applied,2025-07-16
1485,Applied,2025-04-23
1485,Screened,2025-05-01
1485,Interviewed,2025-05-01
1486,Applied,2025-06-12
1486,Screened,2025-06-15
1487,Applied,2023-01-15
1487,Screened,2023-01-19
1487,Interviewed,2023-01-20
1488,Applied,2025-01-23
1488,Screened,2025-01-23
1489,Applied,2023-03-26
1489,Screened,2023-03-30
1489,Interviewed,2023-04-12
1489,Offered,2023-04-18
1489,Hired,2023-04-20
1490,Applied,2024-09-10
1490,Screened,2024-10-02
1491,Applied,2024-12-30
1491,Screened,2025-01-10
1491,Interviewed,2025-01-18
1492,Applied,2024-08-02
1492,Screened,2024-08-19
1493,Applied,2024-11-25
1494,Applied,2026-01-01
1494,Screened,2026-01-02
1494,Interviewed,2026-01-07
1495,Applied,2024-10-31
1495,Screened,2024-11-13
1496,Applied,2024-12-20
1496,Screened,2024-12-20
1496,Interviewed,2024-12-23
1497,Applied,2023-08-15
1497,Screened,2023-08-18
1498,Applied,2024-09-29
1498,Screened,2024-10-09
1498,Interviewed,2024-10-11
1499,Applied,2025-08-07
1499,Screened,2025-08-28
1499,Interviewed,2025-09-18
1499,Offered,2025-09-29
1500,Applied,2024-11-29
1500,Screened,2024-11-30
1500,Interviewed,2024-12-31
1501,Applied,2024-09-11
1502,Applied,2023-09-21
1502,Screened,2023-09-27
1502,Interviewed,2024-01-03
1503,Applied,2025-07-10
1503,Screened,2025-07-13
1504,Applied,2025-05-17
1504,Screened,2025-05-21
1505,Applied,2024-07-26
1506,Applied,2023-08-19
1506,Screened,2023-08-21
1507,Applied,2024-05-02
1507,Screened,2024-05-12
1508,Applied,2024-10-05
1509,Applied,2025-07-09
1510,Applied,2023-01-24
1511,Applied,2024-06-21
1512,Applied,2025-04-21
1512,Screened,2025-04-27
1512,Interviewed,2025-04-30
1513,Applied,2024-04-09
1513,Screened,2024-04-12
1513,Interviewed,2024-04-24
1513,Offered,2024-04-29
1514,Applied,2023-04-18
1514,Screened,2023-04-18
1514,Interviewed,2023-04-27
1515,Applied,2024-08-15
1515,Screened,2024-08-20
1516,Applied,2024-12-17
1516,Screened,2024-12-25
1516,Interviewed,2024-12-26
1517,Applied,2023-05-14
1518,Applied,2024-10-16
1518,Screened,2024-10-25
1518,Interviewed,2024-11-26
1518,Offered,2024-11-29
1518,Hired,2024-12-06
1519,Applied,2025-03-27
1519,Screened,2025-03-27
1520,Applied,2024-04-27
1521,Applied,2023-11-07
1521,Screened,2023-11-26
1522,Applied,2025-05-06
1523,Applied,2024-11-18
1524,Applied,2024-02-27
1524,Screened,2024-02-27
1525,Applied,2025-11-03
1525,Screened,2025-11-25
1526,Applied,2025-10-13
1526,Screened,2025-10-24
1527,Applied,2024-02-14
1527,Screened,2024-02-15
1528,Applied,2023-06-09
1528,Screened,2023-06-12
1529,Applied,2025-12-17
1530,Applied,2025-01-27
1530,Screened,2025-02-07
1531,Applied,2024-06-28
1531,Screened,2024-06-29
1532,Applied,2023-08-20
1533,Applied,2023-12-24
1534,Applied,2024-01-16
1534,Screened,2024-01-21
1535,Applied,2023-04-23
1535,Screened,2023-04-30
1535,Interviewed,2023-05-19
1536,Applied,2023-01-27
1537,Applied,2025-07-03
1537,Screened,2025-07-11
1538,Applied,2025-02-03
1538,Screened,2025-02-10
1538,Interviewed,2025-03-19
1539,Applied,2025-12-21
1539,Screened,2025-12-25
1539,Interviewed,2026-01-30
1539,Offered,2026-02-05
1540,Applied,2024-09-02
1540,Screened,2024-09-03
1540,Interviewed,2024-09-09
1541,Applied,2025-10-03
1542,Applied,2025-12-03
1542,Screened,2025-12-05
1542,Interviewed,2025-12-29
1543,Applied,2024-05-18
1543,Screened,2024-05-22
1543,Interviewed,2024-06-02
1544,Applied,2025-05-23
1544,Screened,2025-06-02
1545,Applied,2025-07-23
1545,Screened,2025-07-24
1546,Applied,2025-03-11
1547,Applied,2023-02-17
1547,Screened,2023-02-20
1548,Applied,2025-02-10
1549,Applied,2024-02-02
1549,Screened,2024-02-25
1549,Interviewed,2024-03-03
1550,Applied,2024-06-11
1550,Screened,2024-06-30
1550,Interviewed,2024-07-03
1550,Offered,2024-07-05
1550,Hired,2024-07-05
1551,Applied,2024-03-26
1551,Screened,2024-04-05
1552,Applied,2025-11-20
1552,Screened,2025-11-23
1552,Interviewed,2025-11-23
1553,Applied,2024-05-03
1554,Applied,2025-05-24
1554,Screened,2025-05-30
1555,Applied,2023-05-18
1555,Screened,2023-05-20
1555,Interviewed,2023-05-23
1556,Applied,2025-09-02
1556,Screened,2025-09-04
1557,Applied,2025-06-28
1557,Screened,2025-06-30
1558,Applied,2024-02-07
1558,Screened,2024-02-16
1558,Interviewed,2024-02-19
1559,Applied,2024-11-26
1559,Screened,2024-11-30
1560,Applied,2023-11-03
1560,Screened,2023-11-06
1560,Interviewed,2023-11-13
1561,Applied,2025-09-30
1561,Screened,2025-10-03
1562,Applied,2025-02-04
1562,Screened,2025-02-04
1563,Applied,2025-04-06
1563,Screened,2025-05-07
1563,Interviewed,2025-05-11
1563,Offered,2025-05-11
1563,Hired,2025-05-16
1564,Applied,2025-01-03
1564,Screened,2025-01-03
1565,Applied,2024-03-08
1566,Applied,2023-12-15
1566,Screened,2023-12-16
1566,Interviewed,2024-01-03
1566,Offered,2024-01-06
1567,Applied,2023-05-14
1567,Screened,2023-05-16
1567,Interviewed,2023-05-28
1567,Offered,2023-06-06
1567,Hired,2023-06-13
1568,Applied,2024-10-07
1568,Screened,2024-10-11
1568,Interviewed,2024-10-19
1568,Offered,2024-10-20
1568,Hired,2024-11-07
1569,Applied,2025-01-12
1569,Screened,2025-01-15
1569,Interviewed,2025-01-18
1569,Offered,2025-02-04
1569,Hired,2025-02-06
1570,Applied,2023-03-26
1570,Screened,2023-03-30
1570,Interviewed,2023-04-16
1570,Offered,2023-04-25
1570,Hired,2023-04-26
1571,Applied,2025-06-15
1572,Applied,2023-09-10
1572,Screened,2023-09-12
1572,Interviewed,2023-11-07
1572,Offered,2023-11-12
1572,Hired,2023-11-13
1573,Applied,2023-03-14
1573,Screened,2023-03-20
1573,Interviewed,2023-03-28
1574,Applied,2023-12-16
1574,Screened,2023-12-17
1574,Interviewed,2023-12-29
1575,Applied,2024-07-08
1576,Applied,2025-10-10
1576,Screened,2025-10-14
1577,Applied,2025-10-15
1577,Screened,2025-10-19
1578,Applied,2025-01-17
1578,Screened,2025-02-04
1578,Interviewed,2025-02-15
1579,Applied,2025-03-23
1579,Screened,2025-03-30
1579,Interviewed,2025-04-07
1580,Applied,2025-05-15
1581,Applied,2024-03-31
1582,Applied,2023-07-20
1582,Screened,2023-07-26
1583,Applied,2025-05-17
1583,Screened,2025-05-21
1584,Applied,2025-03-16
1584,Screened,2025-03-25
1584,Interviewed,2025-03-29
1585,Applied,2025-08-07
1586,Applied,2024-12-22
1586,Screened,2024-12-22
1586,Interviewed,2024-12-29
1587,Applied,2023-02-06
1587,Screened,2023-02-07
1588,Applied,2025-10-18
1588,Screened,2025-10-22
1589,Applied,2023-04-29
1589,Screened,2023-05-04
1589,Interviewed,2023-05-08
1590,Applied,2023-03-21
1590,Screened,2023-03-22
1591,Applied,2023-08-08
1592,Applied,2024-08-10
1592,Screened,2024-08-18
1593,Applied,2024-12-01
1594,Applied,2025-08-06
1594,Screened,2025-08-08
1595,Applied,2025-11-15
1596,Applied,2023-06-11
1596,Screened,2023-06-14
1596,Interviewed,2023-06-19
1596,Offered,2023-06-25
1597,Applied,2025-10-24
1597,Screened,2025-10-28
1598,Applied,2025-01-18
1598,Screened,2025-01-21
1598,Interviewed,2025-02-05
1599,Applied,2024-08-20
1599,Screened,2024-08-24
1599,Interviewed,2024-08-30
1600,Applied,2025-07-17
1601,Applied,2025-07-09
1602,Applied,2024-09-15
1602,Screened,2024-09-15
1603,Applied,2025-09-26
1604,Applied,2023-09-12
1604,Screened,2023-09-20
1604,Interviewed,2023-09-24
1605,Applied,2024-06-02
1606,Applied,2025-06-14
1607,Applied,2024-06-02
1607,Screened,2024-06-05
1608,Applied,2026-01-01
1608,Screened,2026-01-05
1608,Interviewed,2026-01-11
1609,Applied,2024-06-03
1609,Screened,2024-06-08
1610,Applied,2025-02-07
1610,Screened,2025-02-10
1611,Applied,2023-01-11
1611,Screened,2023-01-11
1611,Interviewed,2023-02-01
1612,Applied,2024-01-15
1612,Screened,2024-01-15
1613,Applied,2025-10-19
1614,Applied,2025-09-17
1615,Applied,2023-11-28
1616,Applied,2023-12-22
1616,Screened,2023-12-23
1617,Applied,2023-03-19
1618,Applied,2024-11-13
1618,Screened,2024-11-16
1619,Applied,2024-08-19
1619,Screened,2024-09-07
1619,Interviewed,2024-10-22
1619,Offered,2024-10-22
1619,Hired,2024-10-24
1620,Applied,2024-04-16
1620,Screened,2024-04-16
1621,Applied,2023-07-19
1621,Screened,2023-07-20
1621,Interviewed,2023-07-20
1622,Applied,2024-09-03
1623,Applied,2024-06-04
1623,Screened,2024-06-22
1624,Applied,2023-01-30
1625,Applied,2023-11-23
1625,Screened,2023-12-08
1625,Interviewed,2023-12-28
1626,Applied,2025-02-12
1627,Applied,2025-11-14
1627,Screened,2025-12-04
1628,Applied,2023-05-10
1628,Screened,2023-05-11
1629,Applied,2023-08-25
1630,Applied,2025-11-03
1630,Screened,2025-11-03
1631,Applied,2025-07-28
1631,Screened,2025-07-28
1631,Interviewed,2025-08-08
1632,Applied,2024-07-05
1632,Screened,2024-07-20
1633,Applied,2023-06-24
1633,Screened,2023-06-29
1633,Interviewed,2023-06-30
1634,Applied,2024-12-19
1634,Screened,2024-12-28
1634,Interviewed,2025-01-04
1635,Applied,2025-08-28
1636,Applied,2025-03-10
1636,Screened,2025-03-19
1637,Applied,2023-12-26
1638,Applied,2025-12-16
1638,Screened,2025-12-24
1639,Applied,2024-02-22
1640,Applied,2023-03-14
1641,Applied,2025-12-04
1642,Applied,2024-12-25
1643,Applied,2023-09-04
1644,Applied,2023-01-28
1644,Screened,2023-01-31
1644,Interviewed,2023-02-07
1644,Offered,2023-02-14
1644,Hired,2023-02-14
1645,Applied,2023-04-28
1645,Screened,2023-04-29
1645,Interviewed,2023-05-11
1646,Applied,2025-04-01
1647,Applied,2025-01-25
1647,Screened,2025-02-02
1648,Applied,2023-09-16
1649,Applied,2024-07-17
1649,Screened,2024-07-22
1650,Applied,2024-07-11
1651,Applied,2024-02-03
1651,Screened,2024-02-10
1651,Interviewed,2024-02-23
1652,Applied,2023-10-01
1653,Applied,2025-08-01
1654,Applied,2023-09-19
1654,Screened,2023-09-21
1655,Applied,2024-11-12
1655,Screened,2024-12-08
1655,Interviewed,2024-12-09
1656,Applied,2025-08-09
1657,Applied,2024-01-16
1657,Screened,2024-02-05
1657,Interviewed,2024-02-10
1658,Applied,2024-01-17
1658,Screened,2024-01-19
1659,Applied,2024-06-29
1659,Screened,2024-07-08
1660,Applied,2024-12-23
1660,Screened,2025-01-02
1660,Interviewed,2025-01-11
1661,Applied,2023-04-13
1661,Screened,2023-04-16
1662,Applied,2024-12-12
1663,Applied,2025-04-19
1663,Screened,2025-04-29
1664,Applied,2024-02-16
1665,Applied,2023-04-20
1665,Screened,2023-05-02
1665,Interviewed,2023-05-22
1665,Offered,2023-05-29
1666,Applied,2025-09-09
1666,Screened,2025-09-20
1667,Applied,2025-08-03
1668,Applied,2025-04-20
1668,Screened,2025-04-30
1668,Interviewed,2025-06-19
1669,Applied,2025-02-19
1670,Applied,2023-05-30
1671,Applied,2025-12-31
1671,Screened,2026-01-09
1671,Interviewed,2026-01-22
1672,Applied,2024-09-13
1673,Applied,2025-03-30
1673,Screened,2025-04-12
1674,Applied,2023-02-14
1674,Screened,2023-02-17
1675,Applied,2025-03-18
1675,Screened,2025-03-20
1676,Applied,2025-09-11
1676,Screened,2025-09-17
1677,Applied,2023-06-15
1678,Applied,2024-11-23
1678,Screened,2024-11-29
1679,Applied,2024-12-10
1679,Screened,2024-12-13
1679,Interviewed,2024-12-13
1680,Applied,2023-04-24
1680,Screened,2023-04-25
1680,Interviewed,2023-05-07
1681,Applied,2024-03-17
1682,Applied,2024-05-23
1683,Applied,2024-06-18
1683,Screened,2024-07-13
1684,Applied,2025-04-06
1684,Screened,2025-04-11
1684,Interviewed,2025-04-11
1685,Applied,2024-02-24
1686,Applied,2025-05-21
1687,Applied,2023-02-05
1687,Screened,2023-02-06
1688,Applied,2025-01-08
1688,Screened,2025-01-18
1688,Interviewed,2025-02-14
1689,Applied,2026-01-01
1689,Screened,2026-01-03
1690,Applied,2025-07-27
1690,Screened,2025-08-01
1690,Interviewed,2025-08-20
1691,Applied,2024-01-07
1692,Applied,2023-04-03
1693,Applied,2025-04-27
1694,Applied,2023-06-29
1694,Screened,2023-07-16
1695,Applied,2024-05-18
1695,Screened,2024-05-25
1696,Applied,2025-01-18
1696,Screened,2025-02-08
1697,Applied,2025-09-20
1697,Screened,2025-09-22
1698,Applied,2025-07-21
1698,Screened,2025-07-30
1698,Interviewed,2025-08-20
1699,Applied,2023-02-06
1700,Applied,2024-10-26
1701,Applied,2023-08-01
1701,Screened,2023-08-01
1701,Interviewed,2023-08-03
1702,Applied,2024-07-11
1703,Applied,2023-10-11
1704,Applied,2024-12-30
1704,Screened,2024-12-30
1705,Applied,2025-10-19
1705,Screened,2025-11-07
1706,Applied,2025-08-22
1707,Applied,2024-02-27
1708,Applied,2024-09-27
1709,Applied,2024-04-28
1709,Screened,2024-04-28
1710,Applied,2023-12-11
1711,Applied,2023-03-19
1711,Screened,2023-03-22
1712,Applied,2025-05-08
1712,Screened,2025-05-28
1712,Interviewed,2025-06-20
1712,Offered,2025-06-23
1712,Hired,2025-06-23
1713,Applied,2024-01-30
1714,Applied,2024-09-21
1715,Applied,2025-05-09
1716,Applied,2023-01-26
1716,Screened,2023-02-02
1717,Applied,2023-08-01
1717,Screened,2023-08-02
1718,Applied,2024-12-14
1718,Screened,2024-12-15
1719,Applied,2023-10-19
1719,Screened,2023-10-26
1719,Interviewed,2023-11-05
1720,Applied,2025-01-26
1720,Screened,2025-01-30
1720,Interviewed,2025-01-30
1721,Applied,2025-07-17
1722,Applied,2023-03-24
1722,Screened,2023-03-31
1722,Interviewed,2023-05-29
1722,Offered,2023-06-04
1722,Hired,2023-06-05
1723,Applied,2025-11-01
1723,Screened,2025-11-07
1723,Interviewed,2025-11-07
1724,Applied,2024-01-07
1724,Screened,2024-01-25
1724,Interviewed,2024-02-11
1725,Applied,2025-12-14
1726,Applied,2023-05-19
1727,Applied,2024-07-30
1727,Screened,2024-07-30
1728,Applied,2025-03-02
1729,Applied,2025-09-08
1730,Applied,2023-12-30
1730,Screened,2024-01-02
1731,Applied,2025-12-02
1731,Screened,2026-01-08
1732,Applied,2023-12-27
1732,Screened,2023-12-27
1732,Interviewed,2024-01-17
1733,Applied,2025-09-13
1734,Applied,2024-11-08
1735,Applied,2025-01-21
1736,Applied,2023-10-25
1736,Screened,2023-10-26
1736,Interviewed,2023-10-29
1737,Applied,2025-05-29
1737,Screened,2025-05-29
1738,Applied,2025-02-28
1738,Screened,2025-03-15
1738,Interviewed,2025-03-22
1739,Applied,2023-08-09
1740,Applied,2024-09-05
1740,Screened,2024-09-08
1741,Applied,2025-04-17
1741,Screened,2025-04-23
1741,Interviewed,2025-04-26
1742,Applied,2024-04-27
1742,Screened,2024-05-06
1743,Applied,2025-08-22
1743,Screened,2025-09-04
1744,Applied,2024-11-18
1744,Screened,2024-11-26
1744,Interviewed,2024-12-26
1745,Applied,2025-12-29
1746,Applied,2023-10-20
1746,Screened,2023-10-21
1747,Applied,2024-04-25
1747,Screened,2024-05-02
1748,Applied,2025-08-28
1749,Applied,2024-07-02
1750,Applied,2025-03-20
1750,Screened,2025-04-04
1751,Applied,2024-02-10
1751,Screened,2024-03-10
1752,Applied,2023-04-07
1753,Applied,2025-08-23
1753,Screened,2025-09-16
1754,Applied,2025-05-30
1754,Screened,2025-06-06
1755,Applied,2025-04-22
1756,Applied,2025-08-02
1756,Screened,2025-08-05
1757,Applied,2023-06-21
1757,Screened,2023-06-26
1757,Interviewed,2023-06-29
1758,Applied,2025-08-30
1759,Applied,2024-09-24
1759,Screened,2024-09-25
1760,Applied,2023-07-21
1761,Applied,2023-04-21
1762,Applied,2023-06-07
1763,Applied,2024-06-16
1763,Screened,2024-06-17
1763,Interviewed,2024-06-23
1764,Applied,2025-10-22
1764,Screened,2025-10-23
1764,Interviewed,2025-11-14
1765,Applied,2024-03-08
1765,Screened,2024-03-08
1765,Interviewed,2024-03-09
1766,Applied,2025-09-10
1767,Applied,2024-09-01
1768,Applied,2024-12-10
1768,Screened,2025-01-03
1768,Interviewed,2025-01-13
1768,Offered,2025-01-31
1769,Applied,2024-01-13
1769,Screened,2024-03-03
1770,Applied,2024-06-02
1770,Screened,2024-06-05
1770,Interviewed,2024-06-08
1770,Offered,2024-06-14
1770,Hired,2024-06-15
1771,Applied,2024-04-07
1771,Screened,2024-04-25
1772,Applied,2024-07-18
1772,Screened,2024-08-05
1773,Applied,2024-10-31
1774,Applied,2025-03-28
1774,Screened,2025-03-29
1774,Interviewed,2025-04-29
1775,Applied,2025-12-13
1776,Applied,2023-02-25
1776,Screened,2023-02-26
1777,Applied,2023-07-05
1778,Applied,2023-03-18
1779,Applied,2025-01-25
1779,Screened,2025-01-25
1779,Interviewed,2025-02-13
1779,Offered,2025-02-19
1779,Hired,2025-02-26
1780,Applied,2024-10-24
1781,Applied,2024-06-04
1781,Screened,2024-06-06
1781,Interviewed,2024-07-05
1782,Applied,2024-10-13
1782,Screened,2024-10-18
1783,Applied,2025-06-23
1784,Applied,2023-01-07
1784,Screened,2023-01-08
1784,Interviewed,2023-01-13
1784,Offered,2023-01-13
1784,Hired,2023-01-14
1785,Applied,2025-10-13
1786,Applied,2025-12-05
1787,Applied,2025-01-04
1787,Screened,2025-01-10
1788,Applied,2024-05-31
1788,Screened,2024-05-31
1789,Applied,2023-11-06
1789,Screened,2023-11-14
1789,Interviewed,2023-11-14
1790,Applied,2024-04-29
1790,Screened,2024-05-07
1791,Applied,2024-09-02
1791,Screened,2024-09-18
1792,Applied,2024-10-03
1792,Screened,2024-10-05
1793,Applied,2024-04-28
1793,Screened,2024-04-28
1794,Applied,2025-07-28
1794,Screened,2025-08-13
1795,Applied,2024-09-24
1795,Screened,2024-10-04
1795,Interviewed,2024-10-06
1796,Applied,2025-08-03
1796,Screened,2025-08-09
1796,Interviewed,2025-08-29
1797,Applied,2023-08-25
1797,Screened,2023-08-30
1797,Interviewed,2023-09-19
1798,Applied,2025-10-31
1798,Screened,2025-11-02
1798,Interviewed,2025-12-09
1799,Applied,2025-11-04
1799,Screened,2025-11-15
1799,Interviewed,2025-11-23
1800,Applied,2025-11-19
1800,Screened,2025-11-19
1800,Interviewed,2025-11-22
1800,Offered,2025-11-24
1800,Hired,2025-11-28
1801,Applied,2026-01-01
1801,Screened,2026-01-09
1801,Interviewed,2026-01-15
1802,Applied,2024-07-23
1803,Applied,2025-06-26
1804,Applied,2025-09-13
1804,Screened,2025-09-19
1805,Applied,2024-04-30
1806,Applied,2024-02-04
1807,Applied,2024-11-04
1808,Applied,2025-05-27
1808,Screened,2025-05-27
1809,Applied,2024-02-21
1810,Applied,2024-11-14
1810,Screened,2024-11-18
1811,Applied,2024-09-16
1811,Screened,2024-09-17
1811,Interviewed,2024-10-23
1812,Applied,2024-08-11
1813,Applied,2025-11-05
1813,Screened,2025-11-21
1814,Applied,2026-01-01
1814,Screened,2026-01-01
1815,Applied,2024-04-02
1815,Screened,2024-04-18
1816,Applied,2023-12-29
1816,Screened,2024-01-03
1816,Interviewed,2024-01-05
1816,Offered,2024-01-06
1816,Hired,2024-01-13
1817,Applied,2025-04-10
1817,Screened,2025-04-14
1817,Interviewed,2025-04-18
1818,Applied,2023-10-16
1818,Screened,2023-10-25
1819,Applied,2025-09-21
1820,Applied,2025-03-13
1820,Screened,2025-03-15
1821,Applied,2024-10-23
1821,Screened,2024-10-24
1821,Interviewed,2024-10-28
1822,Applied,2024-11-23
1822,Screened,2024-12-03
1823,Applied,2025-04-24
1823,Screened,2025-05-03
1824,Applied,2024-03-25
1825,Applied,2025-11-12
1825,Screened,2025-11-28
1826,Applied,2025-07-21
1827,Applied,2026-01-01
1828,Applied,2023-11-11
1828,Screened,2023-11-24
1829,Applied,2023-05-24
1829,Screened,2023-05-25
1830,Applied,2025-08-06
1830,Screened,2025-08-18
1831,Applied,2025-06-03
1832,Applied,2024-07-08
1832,Screened,2024-07-18
1833,Applied,2023-12-11
1834,Applied,2023-06-05
1834,Screened,2023-06-12
1834,Interviewed,2023-07-06
1834,Offered,2023-07-09
1834,Hired,2023-07-18
1835,Applied,2023-05-28
1835,Screened,2023-05-30
1836,Applied,2024-08-15
1836,Screened,2024-08-27
1836,Interviewed,2024-09-20
1837,Applied,2024-03-05
1837,Screened,2024-03-22
1838,Applied,2023-04-19
1838,Screened,2023-04-20
1838,Interviewed,2023-04-22
1839,Applied,2023-09-20
1839,Screened,2023-09-21
1840,Applied,2025-07-19
1840,Screened,2025-08-04
1840,Interviewed,2025-08-06
1841,Applied,2025-10-04
1842,Applied,2024-02-09
1842,Screened,2024-02-12
1843,Applied,2023-11-24
1843,Screened,2023-11-30
1843,Interviewed,2023-12-14
1844,Applied,2025-04-18
1845,Applied,2023-03-19
1845,Screened,2023-03-19
1846,Applied,2024-10-21
1847,Applied,2024-05-25
1847,Screened,2024-06-07
1848,Applied,2025-01-07
1848,Screened,2025-01-11
1849,Applied,2024-02-17
1849,Screened,2024-02-23
1850,Applied,2025-05-07
1850,Screened,2025-05-28
1851,Applied,2024-02-05
1851,Screened,2024-02-06
1852,Applied,2024-02-06
1852,Screened,2024-02-10
1853,Applied,2025-08-03
1853,Screened,2025-08-06
1854,Applied,2023-03-03
1854,Screened,2023-03-10
1854,Interviewed,2023-03-25
1854,Offered,2023-03-26
1854,Hired,2023-04-07
1855,Applied,2024-11-20
1855,Screened,2024-11-25
1855,Interviewed,2024-12-01
1855,Offered,2024-12-28
1855,Hired,2024-12-29
1856,Applied,2025-07-15
1857,Applied,2024-01-31
1857,Screened,2024-02-12
1857,Interviewed,2024-02-17
1858,Applied,2024-11-15
1858,Screened,2024-11-15
1859,Applied,2024-06-28
1859,Screened,2024-06-29
1859,Interviewed,2024-07-03
1859,Offered,2024-07-10
1860,Applied,2025-02-06
1860,Screened,2025-03-16
1861,Applied,2023-11-16
1861,Screened,2023-11-24
1861,Interviewed,2023-11-25
1862,Applied,2025-12-07
1863,Applied,2023-02-24
1864,Applied,2023-05-26
1864,Screened,2023-06-06
1865,Applied,2024-02-13
1865,Screened,2024-02-13
1866,Applied,2024-06-09
1866,Screened,2024-06-17
1866,Interviewed,2024-06-27
1867,Applied,2024-06-15
1868,Applied,2025-01-25
1868,Screened,2025-02-08
1868,Interviewed,2025-02-21
1869,Applied,2025-07-02
1869,Screened,2025-07-18
1870,Applied,2025-12-14
1870,Screened,2025-12-29
1871,Applied,2024-02-24
1872,Applied,2025-04-13
1872,Screened,2025-04-18
1873,Applied,2023-05-29
1873,Screened,2023-05-31
1873,Interviewed,2023-06-16
1874,Applied,2025-03-01
1874,Screened,2025-03-03
1874,Interviewed,2025-03-21
1875,Applied,2025-12-11
1875,Screened,2025-12-11
1876,Applied,2024-10-17
1876,Screened,2024-10-22
1876,Interviewed,2024-11-06
1877,Applied,2024-12-06
1878,Applied,2025-10-06
1878,Screened,2025-10-16
1878,Interviewed,2025-10-28
1878,Offered,2025-11-01
1879,Applied,2023-10-14
1879,Screened,2023-10-23
1879,Interviewed,2023-10-30
1880,Applied,2024-12-01
1880,Screened,2024-12-06
1881,Applied,2025-11-05
1881,Screened,2025-11-10
1881,Interviewed,2025-11-15
1881,Offered,2025-11-24
1881,Hired,2025-11-29
1882,Applied,2025-07-16
1882,Screened,2025-08-01
1882,Interviewed,2025-08-07
1883,Applied,2024-02-24
1884,Applied,2024-06-09
1884,Screened,2024-06-12
1885,Applied,2023-05-17
1886,Applied,2024-07-24
1886,Screened,2024-08-03
1887,Applied,2023-05-12
1887,Screened,2023-05-15
1887,Interviewed,2023-06-01
1888,Applied,2025-05-17
1888,Screened,2025-05-20
1888,Interviewed,2025-06-17
1889,Applied,2025-08-15
1889,Screened,2025-09-07
1889,Interviewed,2025-09-19
1890,Applied,2024-01-15
1890,Screened,2024-01-17
1891,Applied,2026-01-01
1892,Applied,2024-12-04
1893,Applied,2025-11-14
1894,Applied,2023-11-30
1895,Applied,2024-11-25
1896,Applied,2025-09-13
1896,Screened,2025-09-14
1897,Applied,2023-09-18
1897,Screened,2023-09-23
1898,Applied,2025-03-01
1898,Screened,2025-03-05
1899,Applied,2025-10-31
1899,Screened,2025-11-17
1900,Applied,2025-06-24
1901,Applied,2024-03-09
1902,Applied,2023-04-16
1902,Screened,2023-04-19
1902,Interviewed,2023-04-23
1902,Offered,2023-05-17
1902,Hired,2023-05-28
1903,Applied,2025-09-23
1903,Screened,2025-09-26
1903,Interviewed,2025-10-13
1904,Applied,2023-12-12
1904,Screened,2023-12-14
1905,Applied,2024-12-11
1905,Screened,2024-12-13
1906,Applied,2025-10-08
1906,Screened,2025-10-10
1907,Applied,2024-06-24
1908,Applied,2025-09-07
1908,Screened,2025-09-19
1908,Interviewed,2025-09-23
1909,Applied,2023-07-31
1910,Applied,2025-12-09
1910,Screened,2025-12-22
1911,Applied,2024-09-11
1911,Screened,2024-10-03
1912,Applied,2025-02-25
1912,Screened,2025-02-25
1913,Applied,2025-12-19
1914,Applied,2025-12-31
1914,Screened,2026-01-07
1914,Interviewed,2026-01-10
1915,Applied,2025-04-11
1915,Screened,2025-04-17
1916,Applied,2023-10-03
1916,Screened,2023-10-03
1917,Applied,2024-11-23
1918,Applied,2025-06-01
1919,Applied,2025-02-09
1919,Screened,2025-02-19
1919,Interviewed,2025-02-21
1920,Applied,2025-05-01
1921,Applied,2025-06-08
1921,Screened,2025-06-09
1921,Interviewed,2025-06-21
1921,Offered,2025-06-24
1921,Hired,2025-06-26
1922,Applied,2025-08-07
1922,Screened,2025-08-09
1922,Interviewed,2025-09-15
1923,Applied,2023-06-18
1923,Screened,2023-06-20
1923,Interviewed,2023-06-29
1923,Offered,2023-07-01
1924,Applied,2025-10-15
1924,Screened,2025-10-22
1924,Interviewed,2025-10-23
1925,Applied,2024-04-18
1925,Screened,2024-04-23
1925,Interviewed,2024-04-29
1926,Applied,2025-11-26
1926,Screened,2025-11-28
1927,Applied,2023-07-04
1927,Screened,2023-07-04
1928,Applied,2023-12-05
1928,Screened,2023-12-08
1928,Interviewed,2024-01-18
1929,Applied,2024-09-24
1930,Applied,2025-10-29
1930,Screened,2025-10-30
1931,Applied,2023-08-02
1931,Screened,2023-08-02
1932,Applied,2023-11-08
1933,Applied,2025-08-28
1933,Screened,2025-08-29
1933,Interviewed,2025-09-10
1934,Applied,2024-07-23
1935,Applied,2023-06-03
1935,Screened,2023-06-17
1936,Applied,2023-09-13
1936,Screened,2023-09-16
1937,Applied,2025-12-07
1937,Screened,2025-12-12
1937,Interviewed,2025-12-16
1938,Applied,2025-02-02
1939,Applied,2025-11-06
1939,Screened,2025-11-06
1940,Applied,2023-11-19
1940,Screened,2023-11-29
1941,Applied,2025-08-27
1941,Screened,2025-09-03
1941,Interviewed,2025-09-05
1942,Applied,2024-03-01
1942,Screened,2024-03-02
1943,Applied,2025-07-19
1944,Applied,2025-11-11
1944,Screened,2025-11-16
1945,Applied,2026-01-01
1946,Applied,2023-06-16
1947,Applied,2025-08-20
1947,Screened,2025-09-06
1948,Applied,2024-07-21
1948,Screened,2024-08-04
1948,Interviewed,2024-09-02
1949,Applied,2023-06-06
1950,Applied,2025-07-21
1951,Applied,2025-05-09
1951,Screened,2025-05-12
1952,Applied,2026-01-01
1952,Screened,2026-01-20
1953,Applied,2025-01-16
1954,Applied,2024-04-17
1954,Screened,2024-04-17
1954,Interviewed,2024-04-25
1954,Offered,2024-05-06
1954,Hired,2024-05-13
1955,Applied,2025-08-26
1956,Applied,2025-04-28
1956,Screened,2025-04-29
1957,Applied,2024-07-17
1957,Screened,2024-07-23
1958,Applied,2025-07-03
1959,Applied,2024-02-26
1960,Applied,2025-02-27
1960,Screened,2025-02-27
1960,Interviewed,2025-03-12
1960,Offered,2025-03-14
1960,Hired,2025-03-14
1961,Applied,2024-05-05
1962,Applied,2023-06-05
1962,Screened,2023-06-11
1962,Interviewed,2023-06-23
1962,Offered,2023-06-29
1962,Hired,2023-07-04
1963,Applied,2025-02-13
1963,Screened,2025-02-18
1964,Applied,2025-02-06
1965,Applied,2023-02-26
1965,Screened,2023-02-27
1966,Applied,2024-11-24
1966,Screened,2024-11-30
1967,Applied,2023-08-20
1968,Applied,2024-11-10
1968,Screened,2024-11-16
1969,Applied,2025-04-21
1970,Applied,2024-11-01
1970,Screened,2024-11-16
1970,Interviewed,2024-11-24
1971,Applied,2024-07-23
1971,Screened,2024-08-01
1971,Interviewed,2024-10-28
1972,Applied,2025-09-28
1972,Screened,2025-10-26
1973,Applied,2025-09-29
1973,Screened,2025-10-12
1973,Interviewed,2025-11-02
1973,Offered,2025-11-04
1973,Hired,2025-11-06
1974,Applied,2025-04-29
1974,Screened,2025-05-15
1975,Applied,2024-11-12
1976,Applied,2023-02-21
1977,Applied,2025-03-31
1977,Screened,2025-04-06
1977,Interviewed,2025-04-09
1978,Applied,2025-09-13
1978,Screened,2025-09-17
1978,Interviewed,2025-10-03
1978,Offered,2025-10-30
1978,Hired,2025-11-01
1979,Applied,2024-01-11
1979,Screened,2024-01-16
1979,Interviewed,2024-01-19
1980,Applied,2025-06-07
1980,Screened,2025-06-08
1980,Interviewed,2025-06-23
1981,Applied,2025-07-03
1981,Screened,2025-07-15
1982,Applied,2023-09-07
1982,Screened,2023-09-12
1982,Interviewed,2023-09-24
1983,Applied,2023-11-28
1983,Screened,2023-12-07
1983,Interviewed,2023-12-12
1984,Applied,2025-01-14
1984,Screened,2025-01-15
1985,Applied,2025-01-01
1985,Screened,2025-01-07
1985,Interviewed,2025-01-25
1986,Applied,2023-02-03
1987,Applied,2024-06-08
1987,Screened,2024-06-12
1987,Interviewed,2024-06-20
1987,Offered,2024-06-28
1987,Hired,2024-07-14
1988,Applied,2024-06-29
1988,Screened,2024-07-20
1988,Interviewed,2024-07-22
1989,Applied,2025-05-06
1990,Applied,2024-05-25
1991,Applied,2025-10-18
1991,Screened,2025-10-21
1991,Interviewed,2025-10-31
1991,Offered,2025-11-12
1991,Hired,2025-11-21
1992,Applied,2025-05-04
1992,Screened,2025-05-07
1993,Applied,2024-06-30
1993,Screened,2024-07-01
1993,Interviewed,2024-07-16
1994,Applied,2023-03-19
1994,Screened,2023-03-21
1995,Applied,2024-12-28
1996,Applied,2023-06-07
1996,Screened,2023-06-07
1997,Applied,2025-07-20
1997,Screened,2025-07-22
1998,Applied,2025-02-12
1998,Screened,2025-02-14
1998,Interviewed,2025-02-22
1999,Applied,2024-06-12
1999,Screened,2024-06-28
2000,Applied,2024-04-30
2000,Screened,2024-05-11
2000,Interviewed,2024-05-21
2001,Applied,2025-02-10
2001,Screened,2025-02-13
2001,Interviewed,2025-03-10
2002,Applied,2025-03-01
2003,Applied,2023-07-20
2003,Screened,2023-07-31
2003,Interviewed,2023-08-08
2004,Applied,2024-11-15
2004,Screened,2024-11-18
2004,Interviewed,2024-11-20
2005,Applied,2025-08-03
2005,Screened,2025-08-07
2006,Applied,2023-04-26
2006,Screened,2023-05-07
2006,Interviewed,2023-05-15
2007,Applied,2024-04-13
2008,Applied,2024-02-28
2008,Screened,2024-03-12
2009,Applied,2025-11-01
2010,Applied,2025-06-26
2010,Screened,2025-06-27
2010,Interviewed,2025-07-08
2010,Offered,2025-07-09
2010,Hired,2025-07-11
2011,Applied,2024-02-09
2011,Screened,2024-02-09
2011,Interviewed,2024-02-26
2012,Applied,2025-02-18
2012,Screened,2025-02-24
2013,Applied,2023-10-21
2013,Screened,2023-10-21
2014,Applied,2024-02-13
2014,Screened,2024-03-01
2015,Applied,2023-03-10
2015,Screened,2023-03-10
2016,Applied,2025-09-13
2016,Screened,2025-09-14
2016,Interviewed,2025-09-17
2016,Offered,2025-09-18
2016,Hired,2025-09-18
2017,Applied,2023-05-29
2017,Screened,2023-06-01
2017,Interviewed,2023-06-13
2018,Applied,2025-04-21
2018,Screened,2025-04-30
2019,Applied,2024-12-11
2019,Screened,2024-12-16
2019,Interviewed,2024-12-23
2020,Applied,2025-10-13
2020,Screened,2025-10-30
2021,Applied,2024-12-03
2021,Screened,2024-12-05
2022,Applied,2023-03-01
2022,Screened,2023-03-27
2023,Applied,2024-12-19
2023,Screened,2025-01-07
2024,Applied,2023-12-04
2024,Screened,2023-12-09
2024,Interviewed,2024-01-08
2025,Applied,2025-09-02
2025,Screened,2025-09-11
2025,Interviewed,2025-09-27
2026,Applied,2023-04-13
2027,Applied,2025-11-30
2027,Screened,2025-12-11
2027,Interviewed,2025-12-16
2027,Offered,2025-12-18
2027,Hired,2025-12-23
2028,Applied,2023-02-05
2028,Screened,2023-02-08
2029,Applied,2025-01-08
2029,Screened,2025-01-10
2030,Applied,2025-07-13
2030,Screened,2025-07-13
2030,Interviewed,2025-07-21
2031,Applied,2025-02-23
2032,Applied,2023-06-20
2033,Applied,2026-01-01
2034,Applied,2025-10-25
2034,Screened,2025-10-29
2034,Interviewed,2025-11-07
2035,Applied,2024-11-17
2035,Screened,2024-11-22
2035,Interviewed,2024-12-02
2036,Applied,2026-01-01
2036,Screened,2026-01-01
2036,Interviewed,2026-01-01
2037,Applied,2024-07-22
2037,Screened,2024-08-07
2038,Applied,2025-02-12
2039,Applied,2025-05-15
2039,Screened,2025-05-18
2040,Applied,2023-11-01
2040,Screened,2023-11-19
2041,Applied,2025-12-24
2042,Applied,2023-03-10
2043,Applied,2025-10-01
2043,Screened,2025-10-09
2044,Applied,2023-10-07
2045,Applied,2024-03-15
2045,Screened,2024-03-17
2046,Applied,2025-03-10
2046,Screened,2025-03-11
2046,Interviewed,2025-03-13
2046,Offered,2025-03-18
2046,Hired,2025-03-27
2047,Applied,2025-03-18
2048,Applied,2024-12-19
2049,Applied,2025-04-02
2050,Applied,2025-10-15
2050,Screened,2025-10-17
2051,Applied,2024-05-15
2052,Applied,2025-04-18
2052,Screened,2025-04-21
2053,Applied,2025-12-29
2053,Screened,2025-12-29
2054,Applied,2026-01-01
2055,Applied,2023-08-25
2056,Applied,2025-08-26
2056,Screened,2025-08-29
2057,Applied,2023-09-08
2057,Screened,2023-09-15
2057,Interviewed,2023-10-07
2057,Offered,2023-10-22
2058,Applied,2025-02-05
2058,Screened,2025-02-08
2059,Applied,2025-12-25
2059,Screened,2025-12-28
2059,Interviewed,2025-12-31
2059,Offered,2026-01-07
2059,Hired,2026-01-11
2060,Applied,2025-03-19
2060,Screened,2025-03-29
2060,Interviewed,2025-04-13
2061,Applied,2025-04-22
2061,Screened,2025-04-27
2062,Applied,2024-03-24
2062,Screened,2024-03-26
2062,Interviewed,2024-04-01
2063,Applied,2023-08-05
2063,Screened,2023-08-21
2064,Applied,2023-04-22
2064,Screened,2023-04-27
2064,Interviewed,2023-05-14
2065,Applied,2023-06-01
2065,Screened,2023-06-02
2066,Applied,2025-11-29
2066,Screened,2025-12-14
2067,Applied,2024-12-13
2067,Screened,2024-12-26
2067,Interviewed,2025-01-11
2068,Applied,2024-06-02
2068,Screened,2024-06-15
2069,Applied,2025-02-15
2069,Screened,2025-02-17
2070,Applied,2023-08-30
2070,Screened,2023-08-31
2071,Applied,2023-01-18
2071,Screened,2023-02-04
2072,Applied,2023-08-03
2073,Applied,2024-09-25
2073,Screened,2024-09-29
2074,Applied,2024-08-14
2074,Screened,2024-08-14
2074,Interviewed,2024-09-07
2074,Offered,2024-09-11
2074,Hired,2024-09-11
2075,Applied,2025-05-29
2075,Screened,2025-05-29
2076,Applied,2024-01-15
2076,Screened,2024-01-20
2077,Applied,2023-12-25
2077,Screened,2024-01-04
2078,Applied,2024-11-09
2079,Applied,2024-07-13
2079,Screened,2024-07-14
2080,Applied,2023-05-12
2080,Screened,2023-05-27
2081,Applied,2023-01-11
2081,Screened,2023-01-29
2082,Applied,2025-05-24
2082,Screened,2025-06-19
2083,Applied,2024-11-05
2083,Screened,2024-11-10
2083,Interviewed,2024-12-04
2083,Offered,2024-12-07
2083,Hired,2024-12-17
2084,Applied,2025-05-27
2084,Screened,2025-05-29
2085,Applied,2024-01-08
2085,Screened,2024-01-15
2085,Interviewed,2024-01-19
2086,Applied,2023-12-26
2087,Applied,2024-03-19
2087,Screened,2024-03-27
2088,Applied,2025-04-17
2088,Screened,2025-04-28
2088,Interviewed,2025-04-28
2089,Applied,2023-05-19
2090,Applied,2024-07-27
2090,Screened,2024-07-27
2091,Applied,2024-10-06
2092,Applied,2025-03-18
2093,Applied,2023-09-03
2093,Screened,2023-09-03
2094,Applied,2023-11-22
2094,Screened,2023-12-04
2094,Interviewed,2023-12-31
2095,Applied,2024-01-30
2095,Screened,2024-02-04
2096,Applied,2025-09-23
2096,Screened,2025-10-08
2096,Interviewed,2025-10-09
2096,Offered,2025-10-17
2097,Applied,2025-05-22
2097,Screened,2025-05-25
2097,Interviewed,2025-06-19
2098,Applied,2024-05-01
2098,Screened,2024-05-10
2098,Interviewed,2024-05-17
2099,Applied,2024-02-17
2100,Applied,2024-08-23
2100,Screened,2024-08-26
2100,Interviewed,2024-09-14
2100,Offered,2024-10-02
2100,Hired,2024-10-04
2101,Applied,2025-12-02
2102,Applied,2024-06-19
2102,Screened,2024-06-21
2102,Interviewed,2024-06-24
2102,Offered,2024-06-26
2102,Hired,2024-06-28
2103,Applied,2025-05-18
2103,Screened,2025-05-26
2103,Interviewed,2025-07-01
2104,Applied,2025-03-07
2104,Screened,2025-03-24
2104,Interviewed,2025-04-10
2105,Applied,2024-11-08
2105,Screened,2024-11-12
2106,Applied,2025-10-18
2106,Screened,2025-10-18
2106,Interviewed,2025-10-24
2106,Offered,2025-10-24
2106,Hired,2025-10-24
2107,Applied,2023-08-13
2107,Screened,2023-08-14
2107,Interviewed,2023-08-17
2108,Applied,2025-10-09
2108,Screened,2025-10-09
2109,Applied,2024-12-19
2109,Screened,2025-01-06
2110,Applied,2024-07-29
2110,Screened,2024-08-02
2111,Applied,2024-10-28
2112,Applied,2023-06-14
2112,Screened,2023-06-18
2113,Applied,2025-08-15
2113,Screened,2025-08-26
2113,Interviewed,2025-08-27
2113,Offered,2025-09-05
2113,Hired,2025-09-08
2114,Applied,2024-09-16
2115,Applied,2025-07-19
2115,Screened,2025-07-19
2115,Interviewed,2025-07-23
2115,Offered,2025-07-25
2115,Hired,2025-08-11
2116,Applied,2024-12-11
2116,Screened,2024-12-29
2117,Applied,2024-03-27
2118,Applied,2025-02-02
2119,Applied,2024-07-22
2120,Applied,2023-09-21
2120,Screened,2023-09-26
2120,Interviewed,2023-09-30
2120,Offered,2023-10-15
2120,Hired,2023-10-15
2121,Applied,2023-09-14
2121,Screened,2023-09-14
2121,Interviewed,2023-09-27
2121,Offered,2023-11-01
2121,Hired,2023-11-07
2122,Applied,2025-04-20
2123,Applied,2025-07-17
2124,Applied,2025-01-08
2125,Applied,2024-07-23
2125,Screened,2024-07-24
2125,Interviewed,2024-08-26
2126,Applied,2025-11-16
2126,Screened,2025-11-26
2127,Applied,2025-02-18
2128,Applied,2024-01-28
2129,Applied,2025-06-22
2129,Screened,2025-06-24
2129,Interviewed,2025-06-28
2130,Applied,2025-09-12
2131,Applied,2025-09-02
2131,Screened,2025-09-16
2132,Applied,2024-05-02
2132,Screened,2024-05-08
2133,Applied,2024-02-06
2134,Applied,2025-03-09
2134,Screened,2025-03-19
2135,Applied,2024-09-13
2135,Screened,2024-09-14
2136,Applied,2025-10-21
2136,Screened,2025-10-23
2137,Applied,2024-12-04
2138,Applied,2025-01-10
2138,Screened,2025-02-02
2138,Interviewed,2025-02-17
2139,Applied,2023-11-26
2139,Screened,2023-12-07
2140,Applied,2025-01-18
2140,Screened,2025-02-14
2140,Interviewed,2025-03-24
2141,Applied,2023-04-29
2141,Screened,2023-05-05
2141,Interviewed,2023-05-14
2142,Applied,2023-06-13
2143,Applied,2024-08-18
2144,Applied,2025-03-06
2144,Screened,2025-03-10
2145,Applied,2025-06-21
2145,Screened,2025-06-21
2145,Interviewed,2025-07-06
2146,Applied,2024-09-12
2146,Screened,2024-10-09
2147,Applied,2024-05-16
2148,Applied,2024-06-24
2148,Screened,2024-06-28
2149,Applied,2025-01-10
2150,Applied,2023-01-22
2151,Applied,2024-04-19
2152,Applied,2024-10-17
2153,Applied,2025-12-09
2154,Applied,2025-08-27
2154,Screened,2025-09-14
2155,Applied,2023-10-17
2155,Screened,2023-10-22
2156,Applied,2023-12-16
2156,Screened,2023-12-18
2156,Interviewed,2023-12-24
2156,Offered,2023-12-27
2156,Hired,2024-01-04
2157,Applied,2024-08-26
2158,Applied,2024-06-12
2159,Applied,2025-02-09
2159,Screened,2025-02-13
2160,Applied,2025-01-26
2161,Applied,2024-11-09
2161,Screened,2024-11-17
2161,Interviewed,2024-11-25
2162,Applied,2025-07-30
2163,Applied,2023-08-22
2164,Applied,2026-01-01
2164,Screened,2026-01-04
2164,Interviewed,2026-01-14
2165,Applied,2025-04-29
2165,Screened,2025-04-30
2165,Interviewed,2025-05-20
2166,Applied,2023-12-19
2167,Applied,2023-10-28
2167,Screened,2023-10-31
2168,Applied,2025-03-24
2168,Screened,2025-03-26
2168,Interviewed,2025-04-02
2168,Offered,2025-04-03
2168,Hired,2025-04-08
2169,Applied,2025-06-21
2169,Screened,2025-06-27
2170,Applied,2025-03-17
2170,Screened,2025-03-23
2171,Applied,2025-09-04
2171,Screened,2025-09-15
2171,Interviewed,2025-09-30
2172,Applied,2025-01-16
2172,Screened,2025-01-16
2172,Interviewed,2025-01-18
2173,Applied,2025-12-02
2173,Screened,2025-12-07
2174,Applied,2023-09-27
2174,Screened,2023-10-05
2175,Applied,2023-04-02
2175,Screened,2023-04-08
2176,Applied,2025-12-17
2176,Screened,2025-12-27
2177,Applied,2024-05-18
2177,Screened,2024-05-22
2178,Applied,2023-02-17
2179,Applied,2025-07-14
2179,Screened,2025-07-15
2179,Interviewed,2025-07-23
2179,Offered,2025-07-29
2179,Hired,2025-08-09
2180,Applied,2025-06-30
2180,Screened,2025-07-10
2181,Applied,2024-11-20
2181,Screened,2024-11-26
2182,Applied,2023-08-15
2183,Applied,2023-08-21
2183,Screened,2023-08-21
2183,Interviewed,2023-09-09
2183,Offered,2023-09-11
2183,Hired,2023-09-26
2184,Applied,2024-02-02
2184,Screened,2024-02-05
2184,Interviewed,2024-02-15
2185,Applied,2024-08-04
2185,Screened,2024-08-06
2186,Applied,2023-11-04
2186,Screened,2023-11-04
2186,Interviewed,2023-11-21
2187,Applied,2025-09-15
2187,Screened,2025-09-15
2188,Applied,2025-04-09
2188,Screened,2025-04-13
2189,Applied,2024-11-07
2190,Applied,2024-11-30
2190,Screened,2024-12-23
2190,Interviewed,2024-12-26
2190,Offered,2024-12-31
2191,Applied,2024-11-20
2191,Screened,2024-11-25
2192,Applied,2023-11-04
2193,Applied,2024-05-11
2193,Screened,2024-05-17
2193,Interviewed,2024-05-19
2194,Applied,2025-06-04
2195,Applied,2023-04-21
2196,Applied,2024-03-09
2197,Applied,2025-08-05
2197,Screened,2025-08-16
2198,Applied,2024-12-31
2199,Applied,2025-03-13
2199,Screened,2025-03-15
2199,Interviewed,2025-04-19
2200,Applied,2025-06-03
2201,Applied,2024-01-12
2201,Screened,2024-01-13
2202,Applied,2025-11-14
2202,Screened,2025-11-17
2202,Interviewed,2025-11-23
2203,Applied,2025-09-05
2204,Applied,2025-10-04
2204,Screened,2025-10-13
2205,Applied,2024-06-23
2205,Screened,2024-06-24
2205,Interviewed,2024-06-30
2205,Offered,2024-07-06
2205,Hired,2024-07-06
2206,Applied,2024-01-30
2206,Screened,2024-02-05
2207,Applied,2025-02-05
2207,Screened,2025-02-19
2207,Interviewed,2025-03-01
2207,Offered,2025-03-01
2207,Hired,2025-03-07
2208,Applied,2025-07-25
2208,Screened,2025-08-03
2209,Applied,2025-02-12
2209,Screened,2025-02-22
2210,Applied,2025-04-28
2210,Screened,2025-05-09
2211,Applied,2023-09-13
2211,Screened,2023-09-27
2212,Applied,2025-05-23
2212,Screened,2025-05-31
2212,Interviewed,2025-07-04
2212,Offered,2025-07-09
2213,Applied,2025-10-21
2213,Screened,2025-10-23
2213,Interviewed,2025-10-28
2214,Applied,2024-12-29
2214,Screened,2024-12-30
2215,Applied,2025-05-13
2215,Screened,2025-06-09
2216,Applied,2023-05-10
2217,Applied,2025-03-06
2217,Screened,2025-03-08
2217,Interviewed,2025-03-16
2218,Applied,2025-09-30
2219,Applied,2023-02-07
2219,Screened,2023-02-14
2220,Applied,2025-02-06
2220,Screened,2025-02-14
2220,Interviewed,2025-03-15
2221,Applied,2025-03-11
2221,Screened,2025-03-28
2221,Interviewed,2025-04-01
2222,Applied,2024-10-08
2222,Screened,2024-10-15
2222,Interviewed,2024-10-29
2223,Applied,2025-09-24
2224,Applied,2024-10-03
2224,Screened,2024-10-04
2224,Interviewed,2024-11-16
2225,Applied,2025-11-09
2226,Applied,2025-10-07
2226,Screened,2025-10-11
2227,Applied,2025-05-31
2228,Applied,2023-08-07
2229,Applied,2025-02-10
2230,Applied,2024-03-20
2231,Applied,2023-02-15
2231,Screened,2023-03-02
2231,Interviewed,2023-03-19
2232,Applied,2024-11-09
2233,Applied,2023-04-25
2233,Screened,2023-04-27
2233,Interviewed,2023-04-29
2233,Offered,2023-05-02
2233,Hired,2023-05-03
2234,Applied,2025-07-21
2234,Screened,2025-08-06
2234,Interviewed,2025-08-19
2235,Applied,2025-04-13
2236,Applied,2023-04-26
2237,Applied,2024-09-22
2238,Applied,2023-12-28
2238,Screened,2024-01-06
2238,Interviewed,2024-01-28
2239,Applied,2025-11-11
2239,Screened,2025-11-19
2239,Interviewed,2025-12-16
2239,Offered,2025-12-20
2239,Hired,2025-12-24
2240,Applied,2025-02-04
2240,Screened,2025-03-28
2241,Applied,2025-08-09
2241,Screened,2025-08-15
2241,Interviewed,2025-08-16
2242,Applied,2025-12-05
2243,Applied,2025-05-18
2244,Applied,2023-01-14
2244,Screened,2023-01-17
2245,Applied,2024-05-04
2245,Screened,2024-05-08
2246,Applied,2024-12-27
2246,Screened,2025-01-06
2247,Applied,2023-07-24
2247,Screened,2023-07-25
2247,Interviewed,2023-08-28
2247,Offered,2023-08-30
2247,Hired,2023-09-01
2248,Applied,2025-12-17
2248,Screened,2025-12-17
2249,Applied,2024-12-01
2249,Screened,2024-12-03
2249,Interviewed,2024-12-11
2250,Applied,2023-08-30
2251,Applied,2025-07-28
2251,Screened,2025-07-30
2251,Interviewed,2025-08-14
2251,Offered,2025-08-20
2251,Hired,2025-08-23
2252,Applied,2023-04-05
2252,Screened,2023-04-09
2253,Applied,2024-06-04
2253,Screened,2024-06-04
2254,Applied,2025-01-12
2254,Screened,2025-01-13
2255,Applied,2025-06-06
2255,Screened,2025-06-18
2256,Applied,2025-01-26
2256,Screened,2025-02-06
2256,Interviewed,2025-02-10
2257,Applied,2026-01-01
2257,Screened,2026-01-03
2257,Interviewed,2026-01-09
2258,Applied,2023-06-12
2259,Applied,2025-03-05
2259,Screened,2025-03-10
2259,Interviewed,2025-03-10
2260,Applied,2025-10-30
2260,Screened,2025-11-03
2260,Interviewed,2025-11-16
2260,Offered,2025-11-16
2260,Hired,2025-11-21
2261,Applied,2025-03-23
2262,Applied,2024-12-13
2262,Screened,2024-12-21
2263,Applied,2023-11-05
2264,Applied,2025-10-14
2264,Screened,2025-10-18
2264,Interviewed,2025-11-02
2265,Applied,2025-08-30
2265,Screened,2025-09-02
2265,Interviewed,2025-09-06
2265,Offered,2025-09-18
2265,Hired,2025-09-28
2266,Applied,2024-06-25
2266,Screened,2024-06-29
2266,Interviewed,2024-07-23
2267,Applied,2024-11-05
2267,Screened,2024-11-08
2267,Interviewed,2024-11-09
2267,Offered,2024-11-15
2267,Hired,2024-11-15
2268,Applied,2025-09-21
2268,Screened,2025-09-23
2268,Interviewed,2025-10-08
2269,Applied,2025-08-20
2269,Screened,2025-08-27
2269,Interviewed,2025-08-31
2270,Applied,2023-11-14
2270,Screened,2023-12-03
2271,Applied,2025-03-02
2271,Screened,2025-03-07
2271,Interviewed,2025-03-08
2271,Offered,2025-03-08
2271,Hired,2025-03-10
2272,Applied,2023-11-01
2273,Applied,2025-03-31
2273,Screened,2025-04-03
2274,Applied,2023-08-02
2275,Applied,2024-01-30
2275,Screened,2024-02-05
2275,Interviewed,2024-02-28
2275,Offered,2024-03-30
2276,Applied,2023-12-22
2277,Applied,2024-09-30
2277,Screened,2024-10-04
2277,Interviewed,2024-10-17
2277,Offered,2024-10-26
2277,Hired,2024-10-27
2278,Applied,2025-11-15
2278,Screened,2025-11-17
2278,Interviewed,2025-11-26
2279,Applied,2025-11-28
2279,Screened,2025-12-04
2280,Applied,2023-08-30
2280,Screened,2023-09-04
2281,Applied,2025-10-19
2281,Screened,2025-10-27
2282,Applied,2023-12-31
2282,Screened,2024-01-06
2283,Applied,2025-06-04
2283,Screened,2025-07-29
2284,Applied,2024-10-25
2284,Screened,2024-10-26
2285,Applied,2025-04-02
2285,Screened,2025-04-26
2286,Applied,2023-03-02
2286,Screened,2023-03-04
2287,Applied,2025-04-17
2287,Screened,2025-04-19
2287,Interviewed,2025-04-21
2288,Applied,2025-07-17
2288,Screened,2025-07-28
2289,Applied,2024-02-19
2289,Screened,2024-02-29
2290,Applied,2025-06-01
2290,Screened,2025-06-09
2290,Interviewed,2025-06-20
2290,Offered,2025-06-21
2290,Hired,2025-06-22
2291,Applied,2025-11-23
2291,Screened,2025-11-28
2291,Interviewed,2025-12-06
2291,Offered,2025-12-06
2291,Hired,2025-12-12
2292,Applied,2023-02-25
2292,Screened,2023-02-26
2292,Interviewed,2023-03-21
2292,Offered,2023-03-23
2292,Hired,2023-03-27
2293,Applied,2024-11-17
2294,Applied,2025-03-23
2295,Applied,2023-06-07
2295,Screened,2023-06-08
2296,Applied,2024-12-28
2296,Screened,2025-01-16
2296,Interviewed,2025-01-31
2296,Offered,2025-02-07
2296,Hired,2025-02-11
2297,Applied,2024-12-31
2297,Screened,2024-12-31
2297,Interviewed,2025-01-02
2298,Applied,2025-07-10
2298,Screened,2025-07-17
2299,Applied,2025-08-15
2299,Screened,2025-08-20
2299,Interviewed,2025-09-03
2300,Applied,2024-01-29
2300,Screened,2024-02-01
2301,Applied,2025-12-05
2301,Screened,2025-12-10
2301,Interviewed,2025-12-15
2301,Offered,2025-12-16
2301,Hired,2025-12-24
2302,Applied,2025-11-23
2302,Screened,2025-11-25
2303,Applied,2024-11-11
2303,Screened,2024-11-15
2304,Applied,2023-12-05
2304,Screened,2023-12-08
2304,Interviewed,2024-01-27
2304,Offered,2024-02-07
2304,Hired,2024-02-07
2305,Applied,2023-10-23
2306,Applied,2024-11-29
2306,Screened,2024-12-01
2307,Applied,2025-09-09
2307,Screened,2025-09-13
2308,Applied,2025-01-21
2308,Screened,2025-01-28
2308,Interviewed,2025-02-04
2308,Offered,2025-02-04
2308,Hired,2025-02-05
2309,Applied,2025-11-28
2309,Screened,2025-12-07
2309,Interviewed,2025-12-07
2310,Applied,2024-12-11
2310,Screened,2024-12-12
2310,Interviewed,2024-12-16
2311,Applied,2024-03-28
2311,Screened,2024-03-29
2312,Applied,2024-12-07
2312,Screened,2024-12-08
2312,Interviewed,2024-12-12
2313,Applied,2023-12-07
2313,Screened,2023-12-14
2313,Interviewed,2023-12-29
2314,Applied,2025-12-29
2314,Screened,2026-01-20
2315,Applied,2023-12-13
2315,Screened,2023-12-16
2316,Applied,2023-09-12
2316,Screened,2023-09-13
2316,Interviewed,2023-09-26
2317,Applied,2023-06-17
2317,Screened,2023-06-17
2318,Applied,2025-05-04
2318,Screened,2025-05-08
2318,Interviewed,2025-05-09
2319,Applied,2024-06-12
2319,Screened,2024-06-17
2320,Applied,2024-10-31
2320,Screened,2024-11-04
2320,Interviewed,2024-11-09
2321,Applied,2023-06-20
2321,Screened,2023-06-25
2321,Interviewed,2023-07-14
2322,Applied,2023-09-27
2322,Screened,2023-09-29
2323,Applied,2025-12-06
2323,Screened,2025-12-10
2323,Interviewed,2025-12-20
2323,Offered,2025-12-28
2323,Hired,2026-01-04
2324,Applied,2025-12-27
2325,Applied,2023-11-02
2326,Applied,2026-01-01
2326,Screened,2026-01-09
2327,Applied,2024-04-02
2327,Screened,2024-04-03
2327,Interviewed,2024-05-04
2327,Offered,2024-05-07
2327,Hired,2024-05-14
2328,Applied,2023-02-28
2328,Screened,2023-03-01
2328,Interviewed,2023-03-15
2329,Applied,2023-12-05
2329,Screened,2023-12-18
2329,Interviewed,2024-01-18
2329,Offered,2024-01-21
2329,Hired,2024-01-25
2330,Applied,2025-09-08
2331,Applied,2024-10-27
2331,Screened,2024-11-12
2331,Interviewed,2024-11-17
2331,Offered,2024-12-02
2331,Hired,2024-12-07
2332,Applied,2024-12-24
2332,Screened,2025-01-13
2332,Interviewed,2025-02-06
2332,Offered,2025-02-09
2333,Applied,2024-12-31
2334,Applied,2025-06-08
2334,Screened,2025-07-14
2334,Interviewed,2025-07-26
2335,Applied,2024-01-13
2335,Screened,2024-01-17
2336,Applied,2025-05-29
2337,Applied,2023-08-09
2337,Screened,2023-08-12
2338,Applied,2024-09-13
2339,Applied,2025-12-07
2339,Screened,2025-12-17
2339,Interviewed,2025-12-25
2340,Applied,2025-09-16
2340,Screened,2025-09-17
2341,Applied,2025-12-20
2341,Screened,2025-12-30
2341,Interviewed,2026-01-09
2342,Applied,2025-03-19
2342,Screened,2025-03-20
2342,Interviewed,2025-04-12
2343,Applied,2024-09-04
2343,Screened,2024-09-07
2343,Interviewed,2024-09-07
2344,Applied,2023-09-13
2345,Applied,2024-06-04
2345,Screened,2024-06-16
2346,Applied,2023-07-22
2346,Screened,2023-08-14
2346,Interviewed,2023-09-21
2347,Applied,2025-07-07
2347,Screened,2025-07-08
2347,Interviewed,2025-07-20
2348,Applied,2024-01-31
2349,Applied,2023-03-05
2350,Applied,2024-10-23
2350,Screened,2024-10-23
2350,Interviewed,2024-11-04
2350,Offered,2024-11-14
2351,Applied,2025-07-17
2352,Applied,2023-04-03
2353,Applied,2023-02-18
2353,Screened,2023-02-21
2354,Applied,2025-10-02
2354,Screened,2025-10-04
2354,Interviewed,2025-10-23
2355,Applied,2023-04-26
2355,Screened,2023-04-26
2355,Interviewed,2023-05-02
2356,Applied,2024-12-07
2356,Screened,2024-12-30
2357,Applied,2023-10-09
2357,Screened,2023-11-05
2357,Interviewed,2023-11-13
2358,Applied,2024-02-20
2358,Screened,2024-02-22
2359,Applied,2025-10-17
2360,Applied,2025-06-02
2360,Screened,2025-06-12
2361,Applied,2025-11-02
2362,Applied,2025-04-27
2362,Screened,2025-05-12
2362,Interviewed,2025-05-12
2363,Applied,2025-09-20
2363,Screened,2025-10-07
2364,Applied,2024-01-04
2364,Screened,2024-01-05
2364,Interviewed,2024-01-15
2364,Offered,2024-01-24
2364,Hired,2024-01-29
2365,Applied,2023-10-25
2365,Screened,2023-10-31
2365,Interviewed,2023-11-08
2366,Applied,2024-04-23
2366,Screened,2024-04-24
2367,Applied,2024-04-12
2368,Applied,2024-09-18
2368,Screened,2024-09-27
2368,Interviewed,2024-10-15
2368,Offered,2024-10-20
2368,Hired,2024-10-29
2369,Applied,2024-04-15
2370,Applied,2024-12-12
2370,Screened,2024-12-20
2371,Applied,2024-02-08
2372,Applied,2024-01-27
2372,Screened,2024-02-05
2372,Interviewed,2024-03-05
2373,Applied,2023-09-26
2373,Screened,2023-09-30
2373,Interviewed,2023-11-06
2374,Applied,2025-01-18
2374,Screened,2025-01-21
2375,Applied,2025-08-11
2375,Screened,2025-08-16
2375,Interviewed,2025-09-08
2375,Offered,2025-09-08
2375,Hired,2025-09-08
2376,Applied,2025-11-14
2376,Screened,2025-11-17
2376,Interviewed,2025-12-18
2377,Applied,2023-04-25
2377,Screened,2023-04-26
2377,Interviewed,2023-05-02
2378,Applied,2023-10-06
2379,Applied,2025-12-22
2379,Screened,2025-12-29
2380,Applied,2023-11-12
2380,Screened,2023-11-18
2380,Interviewed,2023-11-21
2381,Applied,2023-05-03
2381,Screened,2023-05-03
2382,Applied,2024-07-15
2383,Applied,2024-09-12
2383,Screened,2024-09-20
2384,Applied,2025-07-20
2384,Screened,2025-07-24
2384,Interviewed,2025-07-26
2385,Applied,2023-05-07
2385,Screened,2023-05-17
2385,Interviewed,2023-06-04
2386,Applied,2023-02-09
2386,Screened,2023-02-11
2387,Applied,2025-10-28
2387,Screened,2025-10-30
2388,Applied,2023-01-30
2388,Screened,2023-01-30
2388,Interviewed,2023-02-21
2389,Applied,2023-10-28
2389,Screened,2023-11-01
2390,Applied,2023-11-10
2390,Screened,2023-11-21
2391,Applied,2025-10-19
2391,Screened,2025-10-31
2391,Interviewed,2025-11-10
2392,Applied,2024-11-25
2392,Screened,2024-11-25
2393,Applied,2025-08-26
2393,Screened,2025-09-02
2394,Applied,2024-02-13
2395,Applied,2025-11-07
2395,Screened,2025-11-23
2396,Applied,2024-12-21
2396,Screened,2024-12-28
2397,Applied,2025-07-20
2397,Screened,2025-07-21
2397,Interviewed,2025-08-04
2398,Applied,2024-10-25
2398,Screened,2024-10-28
2398,Interviewed,2024-11-05
2399,Applied,2024-01-14
2399,Screened,2024-01-24
2400,Applied,2024-08-26
2400,Screened,2024-08-26
2400,Interviewed,2024-10-22
2400,Offered,2024-10-26
2400,Hired,2024-11-05
2401,Applied,2025-08-09
2402,Applied,2024-08-22
2403,Applied,2025-04-17
2404,Applied,2025-09-27
2405,Applied,2025-10-30
2405,Screened,2025-11-22
2406,Applied,2023-12-05
2406,Screened,2023-12-10
2407,Applied,2025-07-19
2407,Screened,2025-07-23
2408,Applied,2024-12-19
2409,Applied,2025-05-17
2410,Applied,2025-03-13
2411,Applied,2025-08-31
2411,Screened,2025-09-07
2411,Interviewed,2025-09-16
2412,Applied,2026-01-01
2413,Applied,2025-01-09
2413,Screened,2025-01-27
2414,Applied,2024-04-26
2414,Screened,2024-05-02
2414,Interviewed,2024-05-20
2415,Applied,2024-12-22
2415,Screened,2024-12-24
2415,Interviewed,2025-01-01
2416,Applied,2024-06-15
2416,Screened,2024-06-19
2416,Interviewed,2024-07-04
2417,Applied,2025-06-14
2418,Applied,2023-08-15
2418,Screened,2023-09-02
2418,Interviewed,2023-09-16
2419,Applied,2024-12-04
2419,Screened,2024-12-27
2420,Applied,2024-12-06
2420,Screened,2024-12-11
2420,Interviewed,2025-01-08
2421,Applied,2023-01-05
2422,Applied,2025-07-07
2423,Applied,2024-09-12
2423,Screened,2024-09-13
2423,Interviewed,2024-09-29
2424,Applied,2023-08-08
2425,Applied,2024-08-29
2425,Screened,2024-09-08
2426,Applied,2025-02-19
2426,Screened,2025-02-22
2427,Applied,2023-07-01
2427,Screened,2023-07-14
2427,Interviewed,2023-07-25
2428,Applied,2023-07-11
2429,Applied,2025-09-07
2429,Screened,2025-09-10
2430,Applied,2023-05-29
2430,Screened,2023-06-06
2430,Interviewed,2023-06-06
2431,Applied,2024-10-18
2432,Applied,2023-12-02
2432,Screened,2023-12-17
2432,Interviewed,2024-01-16
2433,Applied,2026-01-01
2433,Screened,2026-01-16
2433,Interviewed,2026-02-13
2433,Offered,2026-02-20
2433,Hired,2026-02-25
2434,Applied,2024-10-18
2435,Applied,2025-09-22
2435,Screened,2025-10-02
2435,Interviewed,2025-10-25
2436,Applied,2025-08-06
2437,Applied,2025-12-17
2437,Screened,2025-12-26
2437,Interviewed,2026-01-11
2438,Applied,2024-06-01
2438,Screened,2024-06-03
2439,Applied,2023-01-12
2440,Applied,2025-09-04
2440,Screened,2025-09-12
2441,Applied,2025-12-01
2441,Screened,2025-12-12
2442,Applied,2025-09-28
2442,Screened,2025-10-04
2443,Applied,2024-07-22
2443,Screened,2024-07-24
2443,Interviewed,2024-08-06
2444,Applied,2024-11-11
2445,Applied,2025-12-31
2445,Screened,2026-01-07
2445,Interviewed,2026-01-16
2446,Applied,2025-12-24
2447,Applied,2023-12-15
2447,Screened,2023-12-15
2448,Applied,2025-05-22
2448,Screened,2025-05-26
2448,Interviewed,2025-06-04
2449,Applied,2025-06-05
2449,Screened,2025-06-06
2449,Interviewed,2025-06-19
2449,Offered,2025-06-23
2449,Hired,2025-07-10
2450,Applied,2025-10-24
2451,Applied,2023-06-22
2452,Applied,2023-09-18
2452,Screened,2023-09-22
2453,Applied,2026-01-01
2454,Applied,2025-04-26
2454,Screened,2025-05-02
2455,Applied,2023-10-11
2455,Screened,2023-10-12
2455,Interviewed,2023-10-24
2456,Applied,2025-11-24
2456,Screened,2025-11-25
2457,Applied,2025-08-25
2457,Screened,2025-09-01
2457,Interviewed,2025-09-05
2458,Applied,2023-07-04
2458,Screened,2023-07-05
2458,Interviewed,2023-07-17
2459,Applied,2024-05-21
2459,Screened,2024-05-31
2459,Interviewed,2024-06-02
2460,Applied,2024-10-25
2460,Screened,2024-10-27
2460,Interviewed,2024-11-12
2460,Offered,2024-11-13
2460,Hired,2024-11-23
2461,Applied,2024-03-28
2462,Applied,2025-03-15
2463,Applied,2023-02-01
2463,Screened,2023-02-20
2463,Interviewed,2023-03-01
2463,Offered,2023-03-01
2464,Applied,2024-04-09
2464,Screened,2024-04-09
2464,Interviewed,2024-04-11
2465,Applied,2024-04-02
2465,Screened,2024-04-05
2465,Interviewed,2024-04-17
2466,Applied,2025-01-17
2466,Screened,2025-01-17
2466,Interviewed,2025-01-24
2467,Applied,2025-08-05
2467,Screened,2025-08-06
2467,Interviewed,2025-08-14
2467,Offered,2025-08-18
2467,Hired,2025-08-19
2468,Applied,2024-12-09
2469,Applied,2024-05-29
2469,Screened,2024-06-02
2469,Interviewed,2024-06-16
2469,Offered,2024-06-20
2469,Hired,2024-07-06
2470,Applied,2024-07-03
2471,Applied,2023-06-07
2471,Screened,2023-06-18
2472,Applied,2024-11-21
2472,Screened,2024-11-23
2472,Interviewed,2024-11-29
2473,Applied,2025-03-25
2473,Screened,2025-03-25
2474,Applied,2024-07-20
2475,Applied,2024-04-08
2476,Applied,2023-01-28
2476,Screened,2023-01-28
2476,Interviewed,2023-01-30
2477,Applied,2025-09-27
2478,Applied,2024-01-04
2478,Screened,2024-01-09
2479,Applied,2024-02-12
2479,Screened,2024-02-14
2480,Applied,2023-12-03
2480,Screened,2023-12-05
2481,Applied,2025-02-25
2481,Screened,2025-03-13
2481,Interviewed,2025-03-13
2481,Offered,2025-03-13
2481,Hired,2025-03-21
2482,Applied,2024-07-18
2482,Screened,2024-07-20
2483,Applied,2024-12-29
2484,Applied,2024-03-31
2484,Screened,2024-04-02
2485,Applied,2023-09-28
2485,Screened,2023-10-06
2485,Interviewed,2023-10-07
2486,Applied,2023-07-24
2486,Screened,2023-07-28
2487,Applied,2024-02-27
2488,Applied,2023-08-31
2488,Screened,2023-09-02
2489,Applied,2024-06-19
2489,Screened,2024-06-19
2490,Applied,2025-02-28
2491,Applied,2024-10-05
2491,Screened,2024-10-05
2491,Interviewed,2024-10-25
2492,Applied,2024-02-27
2493,Applied,2024-12-01
2493,Screened,2024-12-08
2494,Applied,2024-07-22
2494,Screened,2024-07-27
2495,Applied,2025-04-15
2495,Screened,2025-04-16
2495,Interviewed,2025-04-19
2496,Applied,2024-09-22
2497,Applied,2025-02-19
2497,Screened,2025-02-23
2498,Applied,2025-11-08
2498,Screened,2025-11-08
2499,Applied,2023-09-26
2499,Screened,2023-10-05
2499,Interviewed,2023-10-06
2499,Offered,2023-10-09
2499,Hired,2023-10-12
2500,Applied,2025-02-15
2500,Screened,2025-02-16
2501,Applied,2023-06-04
2501,Screened,2023-06-06
2501,Interviewed,2023-06-09
2502,Applied,2024-03-31
2502,Screened,2024-04-18
2502,Interviewed,2024-04-18
2503,Applied,2023-05-04
2503,Screened,2023-05-04
2503,Interviewed,2023-05-07
2503,Offered,2023-05-08
2503,Hired,2023-05-13
2504,Applied,2023-11-30
2505,Applied,2025-08-20
2505,Screened,2025-08-31
2505,Interviewed,2025-09-19
2506,Applied,2024-01-26
2507,Applied,2024-09-14
2507,Screened,2024-09-28
2508,Applied,2025-03-09
2508,Screened,2025-03-09
2508,Interviewed,2025-03-12
2508,Offered,2025-03-22
2508,Hired,2025-03-24
2509,Applied,2025-06-17
2509,Screened,2025-07-20
2509,Interviewed,2025-08-04
2509,Offered,2025-08-22
2509,Hired,2025-08-31
2510,Applied,2025-06-17
2511,Applied,2024-10-14
2511,Screened,2024-10-22
2512,Applied,2025-06-06
2512,Screened,2025-06-16
2512,Interviewed,2025-06-18
2513,Applied,2025-03-11
2513,Screened,2025-03-18
2514,Applied,2025-10-23
2515,Applied,2023-08-01
2516,Applied,2025-02-24
2517,Applied,2025-12-03
2517,Screened,2025-12-04
2518,Applied,2024-05-02
2518,Screened,2024-05-07
2518,Interviewed,2024-07-10
2519,Applied,2025-11-04
2519,Screened,2025-11-07
2519,Interviewed,2025-11-13
2520,Applied,2025-05-21
2521,Applied,2025-03-19
2521,Screened,2025-03-31
2521,Interviewed,2025-04-01
2522,Applied,2025-07-03
2522,Screened,2025-07-04
2523,Applied,2025-09-10
2523,Screened,2025-09-15
2523,Interviewed,2025-09-27
2524,Applied,2023-07-24
2524,Screened,2023-07-24
2525,Applied,2023-02-07
2525,Screened,2023-02-08
2526,Applied,2023-08-21
2526,Screened,2023-08-21
2526,Interviewed,2023-08-23
2527,Applied,2024-11-10
2528,Applied,2025-05-24
2528,Screened,2025-06-05
2528,Interviewed,2025-06-28
2529,Applied,2025-07-20
2529,Screened,2025-07-21
2529,Interviewed,2025-07-29
2530,Applied,2025-10-15
2531,Applied,2025-09-18
2532,Applied,2024-03-30
2533,Applied,2024-11-30
2534,Applied,2025-12-30
2535,Applied,2024-11-03
2535,Screened,2024-11-03
2536,Applied,2024-10-19
2537,Applied,2025-09-09
2537,Screened,2025-09-17
2538,Applied,2025-07-21
2538,Screened,2025-08-07
2538,Interviewed,2025-08-14
2538,Offered,2025-08-14
2539,Applied,2023-09-05
2539,Screened,2023-09-10
2539,Interviewed,2023-09-28
2539,Offered,2023-10-04
2539,Hired,2023-10-06
2540,Applied,2025-10-25
2540,Screened,2025-11-02
2541,Applied,2024-06-14
2541,Screened,2024-06-22
2541,Interviewed,2024-06-28
2541,Offered,2024-07-07
2542,Applied,2025-12-07
2542,Screened,2025-12-11
2543,Applied,2025-12-04
2543,Screened,2025-12-04
2543,Interviewed,2025-12-22
2543,Offered,2025-12-23
2543,Hired,2025-12-31
2544,Applied,2024-11-06
2544,Screened,2024-11-07
2545,Applied,2025-09-03
2545,Screened,2025-10-06
2546,Applied,2025-05-12
2546,Screened,2025-05-12
2546,Interviewed,2025-07-18
2546,Offered,2025-07-23
2546,Hired,2025-07-26
2547,Applied,2024-07-22
2548,Applied,2025-03-31
2549,Applied,2024-04-16
2549,Screened,2024-04-18
2549,Interviewed,2024-04-30
2550,Applied,2024-08-19
2551,Applied,2025-05-17
2551,Screened,2025-05-20
2551,Interviewed,2025-07-28
2552,Applied,2025-11-16
2552,Screened,2025-12-25
2553,Applied,2024-05-24
2553,Screened,2024-06-10
2554,Applied,2025-07-16
2554,Screened,2025-07-16
2555,Applied,2023-02-19
2555,Screened,2023-02-22
2555,Interviewed,2023-03-02
2555,Offered,2023-03-14
2556,Applied,2024-08-29
2556,Screened,2024-09-06
2557,Applied,2025-08-23
2558,Applied,2024-02-25
2558,Screened,2024-03-01
2558,Interviewed,2024-03-14
2559,Applied,2024-12-05
2559,Screened,2024-12-20
2559,Interviewed,2025-01-04
2560,Applied,2024-07-11
2560,Screened,2024-07-11
2561,Applied,2025-12-21
2562,Applied,2023-10-01
2563,Applied,2023-01-14
2563,Screened,2023-01-14
2563,Interviewed,2023-01-18
2563,Offered,2023-01-19
2563,Hired,2023-01-21
2564,Applied,2025-12-31
2564,Screened,2026-01-08
2564,Interviewed,2026-01-13
2564,Offered,2026-01-14
2564,Hired,2026-01-24
2565,Applied,2024-09-02
2565,Screened,2024-09-06
2566,Applied,2025-06-16
2566,Screened,2025-06-20
2566,Interviewed,2025-06-22
2566,Offered,2025-06-28
2567,Applied,2023-03-20
2567,Screened,2023-03-22
2568,Applied,2025-11-30
2568,Screened,2025-12-06
2569,Applied,2025-10-29
2569,Screened,2025-11-04
2570,Applied,2024-05-16
2570,Screened,2024-05-22
2570,Interviewed,2024-05-29
2571,Applied,2024-04-28
2571,Screened,2024-05-02
2572,Applied,2023-07-22
2572,Screened,2023-07-22
2572,Interviewed,2023-09-07
2572,Offered,2023-09-09
2572,Hired,2023-09-11
2573,Applied,2024-05-14
2573,Screened,2024-05-14
2573,Interviewed,2024-06-01
2573,Offered,2024-06-07
2573,Hired,2024-06-07
2574,Applied,2023-07-07
2575,Applied,2024-02-18
2575,Screened,2024-02-28
2576,Applied,2023-07-18
2576,Screened,2023-07-21
2576,Interviewed,2023-07-21
2577,Applied,2024-07-16
2577,Screened,2024-07-16
2578,Applied,2025-08-16
2578,Screened,2025-08-24
2578,Interviewed,2025-09-05
2579,Applied,2025-10-13
2579,Screened,2025-10-24
2579,Interviewed,2025-10-29
2580,Applied,2025-07-11
2580,Screened,2025-07-18
2581,Applied,2025-07-24
2581,Screened,2025-07-25
2581,Interviewed,2025-08-10
2582,Applied,2023-05-03
2583,Applied,2025-12-21
2583,Screened,2025-12-21
2583,Interviewed,2026-01-08
2584,Applied,2025-10-01
2584,Screened,2025-10-11
2585,Applied,2025-10-30
2585,Screened,2025-11-01
2585,Interviewed,2025-11-02
2586,Applied,2023-10-13
2587,Applied,2024-11-30
2588,Applied,2025-03-10
2588,Screened,2025-03-18
2588,Interviewed,2025-04-02
2589,Applied,2024-12-07
2589,Screened,2024-12-17
2589,Interviewed,2024-12-19
2590,Applied,2024-08-24
2591,Applied,2025-02-22
2592,Applied,2025-05-20
2592,Screened,2025-06-14
2593,Applied,2025-06-01
2593,Screened,2025-06-01
2594,Applied,2024-10-10
2594,Screened,2024-10-15
2594,Interviewed,2024-10-17
2595,Applied,2023-07-06
2595,Screened,2023-08-16
2595,Interviewed,2023-08-19
2596,Applied,2024-05-14
2597,Applied,2024-10-22
2597,Screened,2024-10-26
2598,Applied,2025-06-19
2598,Screened,2025-06-20
2599,Applied,2025-10-15
2599,Screened,2025-10-22
2600,Applied,2024-05-31
2601,Applied,2024-05-14
2601,Screened,2024-05-18
2601,Interviewed,2024-06-11
2602,Applied,2024-05-19
2602,Screened,2024-05-26
2603,Applied,2025-04-29
2603,Screened,2025-05-01
2604,Applied,2025-03-09
2604,Screened,2025-03-15
2605,Applied,2024-10-19
2605,Screened,2024-11-03
2605,Interviewed,2024-11-04
2606,Applied,2024-09-12
2606,Screened,2024-09-25
2606,Interviewed,2024-10-01
2607,Applied,2025-09-09
2608,Applied,2025-09-11
2608,Screened,2025-09-26
2608,Interviewed,2025-10-04
2609,Applied,2024-09-04
2609,Screened,2024-09-09
2609,Interviewed,2024-09-14
2610,Applied,2025-06-03
2611,Applied,2023-10-18
2611,Screened,2023-10-23
2611,Interviewed,2023-10-26
2612,Applied,2025-01-10
2613,Applied,2023-07-31
2613,Screened,2023-08-14
2614,Applied,2023-10-09
2615,Applied,2025-02-18
2615,Screened,2025-03-17
2615,Interviewed,2025-04-29
2615,Offered,2025-05-09
2615,Hired,2025-05-17
2616,Applied,2024-10-28
2616,Screened,2024-10-29
2616,Interviewed,2024-11-18
2617,Applied,2024-03-06
2618,Applied,2025-09-05
2618,Screened,2025-09-25
2619,Applied,2025-01-30
2620,Applied,2024-05-30
2620,Screened,2024-06-03
2620,Interviewed,2024-06-10
2621,Applied,2024-06-04
2621,Screened,2024-06-09
2621,Interviewed,2024-06-16
2622,Applied,2024-12-07
2622,Screened,2024-12-20
2623,Applied,2024-09-23
2623,Screened,2024-09-24
2623,Interviewed,2024-10-13
2624,Applied,2024-01-27
2625,Applied,2024-08-29
2626,Applied,2023-04-06
2626,Screened,2023-04-27
2626,Interviewed,2023-05-26
2627,Applied,2024-01-04
2627,Screened,2024-01-06
2628,Applied,2024-08-22
2628,Screened,2024-08-22
2629,Applied,2023-12-25
2630,Applied,2023-08-28
2631,Applied,2025-07-04
2632,Applied,2025-12-20
2633,Applied,2024-07-24
2633,Screened,2024-07-28
2634,Applied,2023-11-04
2635,Applied,2025-06-02
2635,Screened,2025-06-02
2636,Applied,2024-08-14
2636,Screened,2024-08-21
2636,Interviewed,2024-09-04
2637,Applied,2023-06-16
2637,Screened,2023-06-18
2638,Applied,2023-08-22
2638,Screened,2023-08-31
2638,Interviewed,2023-09-03
2639,Applied,2024-04-16
2640,Applied,2025-05-16
2640,Screened,2025-05-19
2641,Applied,2023-10-17
2642,Applied,2024-11-10
2643,Applied,2025-06-23
2644,Applied,2023-01-27
2645,Applied,2024-06-27
2646,Applied,2024-11-06
2646,Screened,2024-11-12
2647,Applied,2024-12-30
2647,Screened,2025-01-06
2647,Interviewed,2025-01-06
2648,Applied,2023-11-17
2649,Applied,2024-07-02
2649,Screened,2024-07-04
2650,Applied,2024-02-10
2650,Screened,2024-02-13
2650,Interviewed,2024-02-17
2651,Applied,2025-11-14
2652,Applied,2023-04-16
2652,Screened,2023-04-24
2653,Applied,2025-10-31
2653,Screened,2025-11-09
2653,Interviewed,2025-11-20
2653,Offered,2025-12-12
2653,Hired,2025-12-12
2654,Applied,2025-03-30
2654,Screened,2025-03-30
2654,Interviewed,2025-04-03
2654,Offered,2025-04-10
2654,Hired,2025-04-19
2655,Applied,2025-04-01
2655,Screened,2025-04-10
2656,Applied,2024-01-24
2657,Applied,2024-03-22
2657,Screened,2024-03-23
2657,Interviewed,2024-04-03
2658,Applied,2024-10-05
2658,Screened,2024-10-07
2659,Applied,2024-08-12
2659,Screened,2024-08-13
2659,Interviewed,2024-08-15
2660,Applied,2024-07-22
2660,Screened,2024-07-26
2660,Interviewed,2024-08-26
2660,Offered,2024-08-29
2660,Hired,2024-09-02
2661,Applied,2024-04-13
2661,Screened,2024-04-20
2662,Applied,2024-03-07
2662,Screened,2024-03-12
2663,Applied,2023-06-16
2663,Screened,2023-06-27
2664,Applied,2025-01-14
2665,Applied,2025-07-23
2665,Screened,2025-07-24
2665,Interviewed,2025-07-28
2666,Applied,2025-02-16
2666,Screened,2025-02-16
2666,Interviewed,2025-02-16
2666,Offered,2025-02-18
2666,Hired,2025-02-21
2667,Applied,2025-05-14
2667,Screened,2025-05-21
2668,Applied,2025-01-04
2669,Applied,2024-01-12
2669,Screened,2024-01-14
2669,Interviewed,2024-01-17
2670,Applied,2025-12-25
2671,Applied,2025-01-28
2672,Applied,2025-04-06
2672,Screened,2025-04-11
2673,Applied,2024-10-08
2673,Screened,2024-10-22
2673,Interviewed,2024-10-27
2674,Applied,2024-05-24
2674,Screened,2024-05-26
2675,Applied,2023-04-11
2675,Screened,2023-04-17
2676,Applied,2025-01-17
2676,Screened,2025-01-20
2677,Applied,2024-09-24
2678,Applied,2025-07-19
2678,Screened,2025-07-31
2678,Interviewed,2025-08-18
2679,Applied,2025-04-08
2680,Applied,2023-01-29
2680,Screened,2023-02-14
2680,Interviewed,2023-02-15
2680,Offered,2023-02-26
2680,Hired,2023-02-26
2681,Applied,2023-05-04
2681,Screened,2023-05-21
2682,Applied,2024-01-19
2683,Applied,2024-10-01
2684,Applied,2025-10-01
2684,Screened,2025-10-13
2684,Interviewed,2025-11-13
2685,Applied,2025-12-22
2686,Applied,2025-08-04
2687,Applied,2024-07-22
2688,Applied,2023-04-14
2688,Screened,2023-04-16
2688,Interviewed,2023-05-01
2689,Applied,2023-10-18
2689,Screened,2023-10-20
2689,Interviewed,2023-10-27
2690,Applied,2025-12-22
2691,Applied,2024-05-09
2691,Screened,2024-05-10
2692,Applied,2024-05-28
2692,Screened,2024-06-01
2692,Interviewed,2024-06-01
2693,Applied,2025-02-14
2694,Applied,2025-01-15
2694,Screened,2025-01-15
2694,Interviewed,2025-01-20
2695,Applied,2023-09-06
2695,Screened,2023-09-14
2695,Interviewed,2023-09-20
2696,Applied,2023-09-22
2696,Screened,2023-10-04
2697,Applied,2024-05-05
2697,Screened,2024-05-26
2698,Applied,2023-10-24
2698,Screened,2023-10-24
2698,Interviewed,2023-10-28
2699,Applied,2023-03-16
2700,Applied,2023-10-01
2700,Screened,2023-10-07
2700,Interviewed,2023-10-08
2701,Applied,2025-12-21
2701,Screened,2025-12-21
2702,Applied,2024-08-05
2702,Screened,2024-09-08
2702,Interviewed,2024-09-14
2703,Applied,2024-10-27
2703,Screened,2024-11-06
2703,Interviewed,2024-11-30
2704,Applied,2024-09-09
2705,Applied,2025-03-22
2705,Screened,2025-03-25
2705,Interviewed,2025-03-28
2706,Applied,2023-07-25
2706,Screened,2023-07-29
2706,Interviewed,2023-08-06
2707,Applied,2025-07-18
2707,Screened,2025-07-18
2708,Applied,2024-02-03
2708,Screened,2024-02-03
2709,Applied,2024-09-12
2709,Screened,2024-09-25
2709,Interviewed,2024-09-28
2710,Applied,2025-10-27
2711,Applied,2024-12-19
2711,Screened,2024-12-31
2711,Interviewed,2025-02-10
2712,Applied,2024-10-05
2713,Applied,2024-10-23
2713,Screened,2024-10-31
2713,Interviewed,2024-11-08
2714,Applied,2024-03-24
2714,Screened,2024-03-24
2715,Applied,2023-08-26
2715,Screened,2023-09-01
2715,Interviewed,2023-10-20
2716,Applied,2025-09-28
2717,Applied,2025-04-24
2718,Applied,2025-03-08
2718,Screened,2025-03-19
2719,Applied,2023-12-09
2719,Screened,2023-12-09
2720,Applied,2023-12-03
2720,Screened,2023-12-03
2721,Applied,2025-09-27
2721,Screened,2025-10-04
2722,Applied,2023-06-26
2722,Screened,2023-07-02
2722,Interviewed,2023-08-21
2722,Offered,2023-09-04
2722,Hired,2023-09-08
2723,Applied,2023-08-08
2723,Screened,2023-08-13
2724,Applied,2024-09-12
2725,Applied,2025-10-21
2725,Screened,2025-10-24
2726,Applied,2024-07-30
2726,Screened,2024-08-11
2726,Interviewed,2024-09-03
2727,Applied,2025-06-25
2727,Screened,2025-06-26
2728,Applied,2024-04-08
2728,Screened,2024-04-14
2728,Interviewed,2024-04-19
2729,Applied,2025-05-24
2729,Screened,2025-05-27
2729,Interviewed,2025-06-02
2730,Applied,2025-05-31
2730,Screened,2025-06-06
2731,Applied,2024-11-24
2731,Screened,2024-11-25
2732,Applied,2023-04-22
2732,Screened,2023-05-01
2733,Applied,2024-01-02
2734,Applied,2025-06-30
2734,Screened,2025-07-07
2734,Interviewed,2025-07-07
2734,Offered,2025-07-29
2734,Hired,2025-08-08
2735,Applied,2025-09-13
2735,Screened,2025-09-20
2736,Applied,2024-05-23
2736,Screened,2024-05-30
2736,Interviewed,2024-06-03
2736,Offered,2024-06-04
2736,Hired,2024-06-14
2737,Applied,2024-05-30
2737,Screened,2024-06-04
2737,Interviewed,2024-06-07
2738,Applied,2024-09-07
2739,Applied,2024-08-13
2739,Screened,2024-08-19
2739,Interviewed,2024-08-23
2740,Applied,2026-01-01
2740,Screened,2026-01-06
2740,Interviewed,2026-02-16
2740,Offered,2026-02-18
2740,Hired,2026-02-23
2741,Applied,2025-11-15
2741,Screened,2025-12-12
2741,Interviewed,2025-12-16
2742,Applied,2024-09-09
2743,Applied,2024-08-05
2743,Screened,2024-08-15
2744,Applied,2023-05-13
2744,Screened,2023-05-13
2744,Interviewed,2023-05-23
2745,Applied,2025-01-27
2745,Screened,2025-02-08
2746,Applied,2023-06-02
2747,Applied,2025-07-16
2747,Screened,2025-07-31
2748,Applied,2024-05-02
2749,Applied,2023-09-17
2749,Screened,2023-09-17
2749,Interviewed,2023-10-09
2749,Offered,2023-10-22
2749,Hired,2023-10-22
2750,Applied,2025-07-12
2751,Applied,2023-05-01
2751,Screened,2023-05-17
2752,Applied,2024-11-14
2752,Screened,2024-11-15
2753,Applied,2024-12-07
2754,Applied,2025-10-31
2754,Screened,2025-11-01
2755,Applied,2024-03-04
2755,Screened,2024-03-06
2755,Interviewed,2024-03-14
2756,Applied,2024-10-17
2757,Applied,2024-05-24
2758,Applied,2023-04-03
2758,Screened,2023-04-05
2758,Interviewed,2023-04-08
2758,Offered,2023-04-13
2758,Hired,2023-04-16
2759,Applied,2023-04-07
2759,Screened,2023-04-11
2759,Interviewed,2023-04-16
2760,Applied,2024-07-04
2761,Applied,2025-06-29
2762,Applied,2025-06-07
2763,Applied,2024-04-05
2763,Screened,2024-04-16
2763,Interviewed,2024-04-23
2764,Applied,2023-05-02
2764,Screened,2023-05-17
2764,Interviewed,2023-05-20
2765,Applied,2024-11-13
2765,Screened,2024-11-24
2765,Interviewed,2024-12-11
2766,Applied,2025-08-14
2767,Applied,2025-07-27
2767,Screened,2025-07-28
2768,Applied,2023-12-18
2769,Applied,2023-12-23
2770,Applied,2025-09-11
2770,Screened,2025-10-11
2770,Interviewed,2025-10-26
2771,Applied,2025-07-25
2771,Screened,2025-07-30
2771,Interviewed,2025-08-02
2772,Applied,2023-11-14
2772,Screened,2023-11-18
2772,Interviewed,2023-11-25
2772,Offered,2023-12-11
2772,Hired,2023-12-13
2773,Applied,2024-07-26
2773,Screened,2024-08-20
2774,Applied,2025-09-19
2775,Applied,2024-09-12
2776,Applied,2025-08-15
2776,Screened,2025-08-26
2777,Applied,2023-09-15
2778,Applied,2023-01-28
2778,Screened,2023-02-06
2778,Interviewed,2023-02-28
2779,Applied,2025-07-04
2779,Screened,2025-08-18
2780,Applied,2023-05-09
2780,Screened,2023-05-26
2781,Applied,2025-05-02
2781,Screened,2025-05-06
2781,Interviewed,2025-05-21
2782,Applied,2024-12-16
2783,Applied,2024-03-23
2784,Applied,2025-04-14
2785,Applied,2024-07-02
2785,Screened,2024-07-03
2785,Interviewed,2024-07-31
2786,Applied,2025-12-11
2787,Applied,2023-07-26
2787,Screened,2023-08-26
2787,Interviewed,2023-09-17
2787,Offered,2023-09-20
2787,Hired,2023-10-08
2788,Applied,2025-06-12
2789,Applied,2024-10-18
2789,Screened,2024-10-25
2789,Interviewed,2024-11-01
2790,Applied,2024-05-19
2790,Screened,2024-05-23
2791,Applied,2023-08-03
2792,Applied,2023-10-28
2792,Screened,2023-11-03
2792,Interviewed,2023-11-27
2792,Offered,2023-11-28
2792,Hired,2023-12-04
2793,Applied,2024-06-20
2793,Screened,2024-06-20
2794,Applied,2025-10-04
2794,Screened,2025-10-13
2794,Interviewed,2025-11-13
2794,Offered,2025-11-20
2794,Hired,2025-11-27
2795,Applied,2024-02-12
2795,Screened,2024-02-14
2795,Interviewed,2024-02-16
2796,Applied,2025-05-24
2796,Screened,2025-05-28
2796,Interviewed,2025-06-29
2796,Offered,2025-07-01
2797,Applied,2024-11-06
2797,Screened,2024-11-17
2798,Applied,2025-08-16
2798,Screened,2025-08-27
2798,Interviewed,2025-09-02
2798,Offered,2025-09-03
2798,Hired,2025-09-04
2799,Applied,2025-03-20
2800,Applied,2023-05-19
2800,Screened,2023-06-04
2800,Interviewed,2023-07-23
2801,Applied,2025-05-18
2801,Screened,2025-05-28
2802,Applied,2025-09-16
2802,Screened,2025-09-17
2802,Interviewed,2025-09-30
2802,Offered,2025-10-04
2802,Hired,2025-10-13
2803,Applied,2025-09-11
2804,Applied,2025-03-10
2804,Screened,2025-03-14
2804,Interviewed,2025-05-04
2805,Applied,2023-10-08
2805,Screened,2023-10-08
2805,Interviewed,2023-10-09
2805,Offered,2023-10-16
2806,Applied,2024-10-31
2807,Applied,2025-01-31
2807,Screened,2025-02-09
2807,Interviewed,2025-02-26
2808,Applied,2024-09-26
2808,Screened,2024-09-29
2808,Interviewed,2024-10-21
2809,Applied,2023-11-18
2809,Screened,2023-11-25
2809,Interviewed,2023-12-06
2810,Applied,2024-08-18
2810,Screened,2024-08-28
2810,Interviewed,2024-09-22
2811,Applied,2025-12-22
2811,Screened,2025-12-29
2812,Applied,2025-07-23
2812,Screened,2025-07-26
2813,Applied,2025-05-05
2814,Applied,2025-08-27
2815,Applied,2023-03-07
2815,Screened,2023-03-08
2816,Applied,2023-03-09
2817,Applied,2023-07-24
2818,Applied,2023-02-06
2818,Screened,2023-02-18
2819,Applied,2024-10-31
2820,Applied,2024-12-25
2821,Applied,2024-07-26
2821,Screened,2024-07-26
2821,Interviewed,2024-08-01
2822,Applied,2024-03-20
2822,Screened,2024-03-21
2822,Interviewed,2024-03-26
2823,Applied,2025-10-29
2823,Screened,2025-10-29
2824,Applied,2025-12-22
2825,Applied,2025-01-15
2825,Screened,2025-01-28
2825,Interviewed,2025-02-03
2825,Offered,2025-02-04
2825,Hired,2025-02-09
2826,Applied,2024-07-16
2826,Screened,2024-07-28
2827,Applied,2025-04-10
2828,Applied,2025-11-25
2828,Screened,2025-11-28
2828,Interviewed,2025-11-29
2829,Applied,2023-12-24
2829,Screened,2024-01-05
2830,Applied,2025-03-28
2830,Screened,2025-03-31
2830,Interviewed,2025-04-26
2831,Applied,2025-08-26
2832,Applied,2025-11-30
2833,Applied,2025-02-05
2833,Screened,2025-02-09
2834,Applied,2025-01-01
2834,Screened,2025-01-05
2835,Applied,2025-06-29
2836,Applied,2025-03-02
2836,Screened,2025-03-30
2836,Interviewed,2025-05-13
2837,Applied,2024-08-24
2838,Applied,2024-01-21
2838,Screened,2024-01-21
2838,Interviewed,2024-02-07
2839,Applied,2025-02-10
2839,Screened,2025-02-13
2839,Interviewed,2025-02-18
2840,Applied,2025-11-24
2841,Applied,2025-10-09
2841,Screened,2025-10-18
2841,Interviewed,2025-11-06
2842,Applied,2025-10-10
2842,Screened,2025-10-12
2843,Applied,2025-05-03
2843,Screened,2025-05-07
2843,Interviewed,2025-05-13
2843,Offered,2025-05-13
2843,Hired,2025-05-17
2844,Applied,2024-06-16
2845,Applied,2024-04-01
2845,Screened,2024-04-04
2846,Applied,2024-10-02
2847,Applied,2023-09-04
2848,Applied,2025-09-15
2848,Screened,2025-09-21
2849,Applied,2025-09-23
2849,Screened,2025-09-28
2850,Applied,2025-10-30
2850,Screened,2025-11-07
2850,Interviewed,2025-12-05
2850,Offered,2025-12-06
2850,Hired,2025-12-06
2851,Applied,2025-06-10
2851,Screened,2025-06-21
2852,Applied,2025-09-10
2852,Screened,2025-09-14
2852,Interviewed,2025-10-02
2853,Applied,2025-02-21
2853,Screened,2025-02-21
2853,Interviewed,2025-04-04
2854,Applied,2023-12-17
2854,Screened,2023-12-24
2855,Applied,2025-09-01
2855,Screened,2025-09-10
2855,Interviewed,2025-09-11
2856,Applied,2024-04-28
2856,Screened,2024-05-03
2857,Applied,2023-05-12
2857,Screened,2023-05-13
2858,Applied,2023-10-01
2858,Screened,2023-10-04
2858,Interviewed,2023-10-09
2859,Applied,2023-09-28
2859,Screened,2023-09-29
2860,Applied,2025-08-20
2860,Screened,2025-08-25
2860,Interviewed,2025-09-09
2861,Applied,2024-01-27
2862,Applied,2025-06-07
2863,Applied,2025-04-25
2864,Applied,2025-08-08
2864,Screened,2025-08-08
2864,Interviewed,2025-08-09
2865,Applied,2023-08-22
2865,Screened,2023-09-04
2865,Interviewed,2023-09-06
2866,Applied,2024-03-04
2866,Screened,2024-03-12
2866,Interviewed,2024-03-17
2867,Applied,2023-09-04
2867,Screened,2023-09-10
2868,Applied,2025-08-30
2869,Applied,2024-12-02
2869,Screened,2024-12-11
2870,Applied,2025-03-13
2870,Screened,2025-03-15
2871,Applied,2025-09-12
2872,Applied,2025-09-04
2873,Applied,2023-12-31
2873,Screened,2023-12-31
2874,Applied,2025-07-26
2875,Applied,2025-09-26
2875,Screened,2025-09-30
2875,Interviewed,2025-10-12
2876,Applied,2023-10-02
2876,Screened,2023-10-02
2876,Interviewed,2023-10-07
2877,Applied,2025-12-06
2877,Screened,2025-12-11
2878,Applied,2023-09-03
2878,Screened,2023-09-05
2878,Interviewed,2023-09-21
2879,Applied,2025-04-25
2879,Screened,2025-05-02
2879,Interviewed,2025-05-16
2880,Applied,2023-06-07
2881,Applied,2025-07-06
2881,Screened,2025-07-21
2882,Applied,2024-04-01
2882,Screened,2024-04-12
2882,Interviewed,2024-05-06
2882,Offered,2024-05-10
2882,Hired,2024-05-20
2883,Applied,2024-12-21
2883,Screened,2024-12-31
2883,Interviewed,2025-01-05
2883,Offered,2025-01-25
2883,Hired,2025-01-31
2884,Applied,2025-11-23
2885,Applied,2025-06-16
2885,Screened,2025-06-22
2886,Applied,2025-04-16
2886,Screened,2025-04-27
2887,Applied,2025-02-07
2887,Screened,2025-02-07
2888,Applied,2025-12-31
2888,Screened,2025-12-31
2889,Applied,2025-09-26
2889,Screened,2025-10-26
2889,Interviewed,2025-11-05
2890,Applied,2025-04-09
2891,Applied,2024-12-15
2891,Screened,2024-12-15
2892,Applied,2024-05-20
2892,Screened,2024-05-25
2893,Applied,2023-01-15
2893,Screened,2023-01-18
2894,Applied,2024-04-09
2895,Applied,2024-11-16
2896,Applied,2025-05-27
2896,Screened,2025-06-02
2896,Interviewed,2025-06-06
2897,Applied,2024-03-09
2897,Screened,2024-03-09
2897,Interviewed,2024-03-09
2897,Offered,2024-03-10
2897,Hired,2024-03-10
2898,Applied,2023-08-28
2898,Screened,2023-08-29
2898,Interviewed,2023-09-02
2898,Offered,2023-09-07
2898,Hired,2023-09-23
2899,Applied,2025-04-02
2900,Applied,2025-02-10
2901,Applied,2024-10-13
2901,Screened,2024-10-15
2902,Applied,2024-07-17
2902,Screened,2024-07-23
2902,Interviewed,2024-07-24
2903,Applied,2024-03-13
2903,Screened,2024-03-18
2903,Interviewed,2024-04-09
2904,Applied,2025-02-25
2905,Applied,2023-09-23
2905,Screened,2023-09-23
2905,Interviewed,2023-09-27
2906,Applied,2025-04-12
2906,Screened,2025-04-26
2907,Applied,2024-08-04
2907,Screened,2024-08-07
2908,Applied,2024-11-06
2908,Screened,2024-11-06
2909,Applied,2023-12-10
2910,Applied,2024-12-02
2910,Screened,2024-12-08
2911,Applied,2025-12-02
2911,Screened,2025-12-08
2911,Interviewed,2025-12-26
2912,Applied,2023-08-19
2912,Screened,2023-08-24
2912,Interviewed,2023-09-03
2913,Applied,2025-06-08
2913,Screened,2025-06-09
2913,Interviewed,2025-06-13
2913,Offered,2025-06-30
2913,Hired,2025-07-05
2914,Applied,2024-04-20
2914,Screened,2024-05-13
2914,Interviewed,2024-05-15
2914,Offered,2024-05-18
2914,Hired,2024-05-21
2915,Applied,2025-09-20
2915,Screened,2025-09-22
2915,Interviewed,2025-09-26
2916,Applied,2023-07-28
2916,Screened,2023-07-29
2916,Interviewed,2023-08-08
2917,Applied,2024-07-31
2917,Screened,2024-08-02
2918,Applied,2023-09-27
2918,Screened,2023-10-12
2919,Applied,2024-11-14
2920,Applied,2025-03-03
2920,Screened,2025-03-31
2920,Interviewed,2025-04-16
2921,Applied,2025-06-20
2921,Screened,2025-06-24
2922,Applied,2025-02-03
2922,Screened,2025-02-16
2923,Applied,2024-02-29
2924,Applied,2023-11-29
2924,Screened,2023-12-04
2925,Applied,2025-12-01
2925,Screened,2025-12-13
2926,Applied,2024-01-29
2927,Applied,2023-11-17
2927,Screened,2023-11-23
2927,Interviewed,2023-12-15
2928,Applied,2023-11-13
2929,Applied,2024-01-01
2929,Screened,2024-01-01
2930,Applied,2025-02-06
2930,Screened,2025-02-19
2930,Interviewed,2025-02-26
2930,Offered,2025-03-11
2930,Hired,2025-03-20
2931,Applied,2024-07-22
2931,Screened,2024-07-28
2931,Interviewed,2024-07-29
2932,Applied,2023-03-07
2932,Screened,2023-03-08
2932,Interviewed,2023-03-12
2933,Applied,2023-12-24
2933,Screened,2024-01-09
2934,Applied,2024-09-07
2935,Applied,2023-07-23
2935,Screened,2023-07-28
2935,Interviewed,2023-08-16
2935,Offered,2023-08-28
2935,Hired,2023-08-30
2936,Applied,2025-02-22
2936,Screened,2025-02-22
2937,Applied,2024-12-12
2937,Screened,2024-12-16
2938,Applied,2025-04-27
2939,Applied,2025-10-20
2940,Applied,2025-02-04
2941,Applied,2024-07-28
2942,Applied,2023-10-08
2942,Screened,2023-10-27
2943,Applied,2024-08-16
2943,Screened,2024-08-16
2944,Applied,2025-05-05
2944,Screened,2025-05-16
2945,Applied,2024-05-24
2945,Screened,2024-06-25
2946,Applied,2023-02-16
2946,Screened,2023-02-25
2946,Interviewed,2023-03-26
2946,Offered,2023-03-29
2946,Hired,2023-04-07
2947,Applied,2025-01-05
2947,Screened,2025-01-06
2948,Applied,2025-07-23
2949,Applied,2023-03-19
2949,Screened,2023-03-27
2949,Interviewed,2023-04-15
2950,Applied,2025-05-31
2950,Screened,2025-06-03
2950,Interviewed,2025-06-16
2950,Offered,2025-06-22
2950,Hired,2025-06-25
2951,Applied,2024-04-04
2951,Screened,2024-04-04
2951,Interviewed,2024-04-19
2952,Applied,2024-02-23
2952,Screened,2024-03-11
2952,Interviewed,2024-03-14
2953,Applied,2023-12-11
2953,Screened,2023-12-11
2954,Applied,2024-05-23
2954,Screened,2024-05-26
2955,Applied,2023-04-05
2955,Screened,2023-04-18
2955,Interviewed,2023-04-25
2956,Applied,2024-03-07
2956,Screened,2024-03-10
2957,Applied,2023-11-07
2957,Screened,2023-11-07
2957,Interviewed,2023-11-13
2958,Applied,2023-07-31
2959,Applied,2024-01-23
2959,Screened,2024-02-06
2960,Applied,2025-11-10
2961,Applied,2023-07-14
2962,Applied,2025-06-02
2963,Applied,2024-08-06
2963,Screened,2024-08-07
2963,Interviewed,2024-08-12
2964,Applied,2024-09-06
2964,Screened,2024-09-09
2964,Interviewed,2024-10-09
2964,Offered,2024-11-03
2964,Hired,2024-11-17
2965,Applied,2024-06-02
2966,Applied,2023-05-11
2966,Screened,2023-06-11
2966,Interviewed,2023-06-18
2967,Applied,2025-01-07
2967,Screened,2025-01-11
2968,Applied,2025-02-13
2968,Screened,2025-02-13
2969,Applied,2025-05-27
2969,Screened,2025-06-02
2969,Interviewed,2025-06-06
2970,Applied,2025-07-09
2971,Applied,2025-11-24
2972,Applied,2025-12-31
2972,Screened,2026-01-09
2973,Applied,2025-04-10
2973,Screened,2025-04-11
2974,Applied,2023-03-26
2974,Screened,2023-04-03
2974,Interviewed,2023-04-07
2975,Applied,2023-07-25
2976,Applied,2024-08-11
2976,Screened,2024-08-14
2977,Applied,2023-09-29
2978,Applied,2024-03-09
2978,Screened,2024-03-16
2978,Interviewed,2024-03-20
2979,Applied,2025-12-05
2980,Applied,2023-02-21
2980,Screened,2023-02-22
2981,Applied,2024-07-01
2981,Screened,2024-07-05
2982,Applied,2025-11-12
2982,Screened,2025-11-14
2982,Interviewed,2025-11-20
2982,Offered,2025-11-24
2982,Hired,2025-11-24
2983,Applied,2025-07-06
2984,Applied,2023-05-15
2985,Applied,2023-09-30
2985,Screened,2023-10-24
2986,Applied,2025-09-21
2986,Screened,2025-10-28
2986,Interviewed,2025-11-01
2986,Offered,2025-11-07
2986,Hired,2025-11-14
2987,Applied,2024-09-11
2988,Applied,2023-09-03
2988,Screened,2023-09-03
2989,Applied,2024-10-17
2989,Screened,2024-10-29
2989,Interviewed,2024-11-06
2989,Offered,2024-11-19
2989,Hired,2024-11-26
2990,Applied,2024-09-16
2990,Screened,2024-09-26
2991,Applied,2025-07-04
2991,Screened,2025-07-13
2991,Interviewed,2025-08-04
2991,Offered,2025-08-05
2991,Hired,2025-08-05
2992,Applied,2025-05-06
2993,Applied,2025-12-19
2993,Screened,2026-01-09
2994,Applied,2025-06-11
2994,Screened,2025-06-19
2995,Applied,2025-12-08
2995,Screened,2025-12-10
2995,Interviewed,2025-12-10
2995,Offered,2025-12-16
2995,Hired,2025-12-22
2996,Applied,2024-05-09
2996,Screened,2024-05-09
2996,Interviewed,2024-05-28
2996,Offered,2024-05-29
2996,Hired,2024-05-31
2997,Applied,2023-12-31
2997,Screened,2024-01-13
2998,Applied,2025-10-16
2998,Screened,2025-10-19
2998,Interviewed,2025-11-15
2998,Offered,2025-11-15
2998,Hired,2025-11-15
2999,Applied,2023-07-16
2999,Screened,2023-07-30
2999,Interviewed,2023-08-11
3000,Applied,2024-11-23
3000,Screened,2024-11-24
3000,Interviewed,2024-12-11
3001,Applied,2024-07-04
3002,Applied,2023-02-13
3002,Screened,2023-02-13
3002,Interviewed,2023-02-14
3003,Applied,2023-07-14
3004,Applied,2025-10-23
3004,Screened,2025-10-29
3004,Interviewed,2025-10-31
3004,Offered,2025-11-02
3004,Hired,2025-11-02
3005,Applied,2025-01-20
3005,Screened,2025-01-27
3005,Interviewed,2025-02-20
3006,Applied,2023-02-17
3006,Screened,2023-03-07
3007,Applied,2023-06-05
3008,Applied,2024-02-04
3009,Applied,2023-10-27
3009,Screened,2023-11-03
3010,Applied,2024-01-03
3010,Screened,2024-01-03
3011,Applied,2024-09-15
3011,Screened,2024-09-16
3012,Applied,2024-02-09
3012,Screened,2024-02-14
3013,Applied,2024-09-27
3013,Screened,2024-10-06
3014,Applied,2025-06-02
3014,Screened,2025-06-02
3014,Interviewed,2025-06-15
3015,Applied,2025-07-08
3016,Applied,2025-08-29
3016,Screened,2025-08-31
3016,Interviewed,2025-09-07
3017,Applied,2023-01-22
3017,Screened,2023-01-25
3018,Applied,2023-08-13
3019,Applied,2024-02-06
3019,Screened,2024-02-22
3019,Interviewed,2024-03-03
3020,Applied,2025-10-02
3020,Screened,2025-10-03
3020,Interviewed,2025-10-04
3021,Applied,2024-01-07
3021,Screened,2024-01-14
3022,Applied,2025-03-02
3022,Screened,2025-03-04
3023,Applied,2024-03-18
3023,Screened,2024-03-21
3024,Applied,2025-04-19
3025,Applied,2025-08-27
3025,Screened,2025-08-30
3026,Applied,2023-10-09
3027,Applied,2024-01-27
3027,Screened,2024-01-29
3028,Applied,2024-08-18
3028,Screened,2024-08-23
3029,Applied,2023-04-09
3029,Screened,2023-04-19
3029,Interviewed,2023-05-16
3029,Offered,2023-05-19
3029,Hired,2023-05-20
3030,Applied,2025-11-24
3030,Screened,2025-12-15
3030,Interviewed,2026-01-03
3031,Applied,2025-08-28
3031,Screened,2025-09-09
3032,Applied,2025-06-21
3032,Screened,2025-06-29
3033,Applied,2024-04-26
3034,Applied,2025-11-10
3035,Applied,2025-01-05
3036,Applied,2025-09-21
3036,Screened,2025-09-22
3037,Applied,2025-05-09
3037,Screened,2025-05-10
3038,Applied,2024-07-06
3038,Screened,2024-07-21
3039,Applied,2024-07-13
3039,Screened,2024-07-13
3039,Interviewed,2024-07-15
3040,Applied,2025-04-26
3040,Screened,2025-04-27
3040,Interviewed,2025-05-09
3041,Applied,2026-01-01
3042,Applied,2023-12-18
3042,Screened,2023-12-20
3043,Applied,2025-07-08
3043,Screened,2025-07-11
3043,Interviewed,2025-07-14
3044,Applied,2023-10-20
3044,Screened,2023-10-27
3044,Interviewed,2023-11-09
3045,Applied,2025-05-19
3045,Screened,2025-05-20
3045,Interviewed,2025-05-21
3046,Applied,2024-11-05
3046,Screened,2024-11-09
3047,Applied,2025-01-24
3048,Applied,2023-08-20
3049,Applied,2025-01-19
3050,Applied,2024-07-07
3050,Screened,2024-07-07
3050,Interviewed,2024-07-19
3051,Applied,2025-07-27
3051,Screened,2025-08-19
3052,Applied,2023-05-14
3052,Screened,2023-05-21
3052,Interviewed,2023-06-01
3052,Offered,2023-06-11
3052,Hired,2023-06-14
3053,Applied,2023-09-02
3053,Screened,2023-09-04
3054,Applied,2024-10-12
3054,Screened,2024-10-12
3055,Applied,2024-09-02
3055,Screened,2024-09-14
3056,Applied,2025-11-04
3056,Screened,2025-11-12
3057,Applied,2025-08-30
3057,Screened,2025-09-06
3058,Applied,2025-12-31
3058,Screened,2026-01-03
3058,Interviewed,2026-01-09
3059,Applied,2023-12-13
3059,Screened,2023-12-15
3059,Interviewed,2023-12-20
3060,Applied,2023-05-11
3060,Screened,2023-05-12
3060,Interviewed,2023-06-02
3061,Applied,2025-03-14
3061,Screened,2025-03-24
3061,Interviewed,2025-03-26
3061,Offered,2025-04-14
3061,Hired,2025-04-14
3062,Applied,2023-12-05
3062,Screened,2023-12-09
3063,Applied,2025-09-21
3063,Screened,2025-09-28
3063,Interviewed,2025-10-01
3064,Applied,2025-06-16
3065,Applied,2026-01-01
3065,Screened,2026-01-03
3066,Applied,2024-03-20
3066,Screened,2024-03-29
3066,Interviewed,2024-04-03
3067,Applied,2025-04-05
3067,Screened,2025-04-06
3068,Applied,2023-02-21
3068,Screened,2023-03-02
3068,Interviewed,2023-03-23
3069,Applied,2025-04-24
3070,Applied,2025-03-14
3070,Screened,2025-03-21
3071,Applied,2024-07-26
3071,Screened,2024-07-31
3072,Applied,2023-07-04
3072,Screened,2023-07-29
3073,Applied,2023-08-07
3074,Applied,2023-05-05
3074,Screened,2023-05-05
3074,Interviewed,2023-05-08
3075,Applied,2025-02-22
3076,Applied,2024-05-15
3076,Screened,2024-05-17
3076,Interviewed,2024-05-20
3076,Offered,2024-05-21
3076,Hired,2024-05-22
3077,Applied,2024-11-30
3077,Screened,2024-12-01
3078,Applied,2024-09-10
3079,Applied,2023-11-15
3079,Screened,2023-11-16
3079,Interviewed,2023-11-29
3079,Offered,2023-12-10
3080,Applied,2024-09-17
3081,Applied,2025-11-12
3081,Screened,2025-11-26
3081,Interviewed,2025-12-02
3082,Applied,2024-05-17
3083,Applied,2024-10-09
3083,Screened,2024-10-10
3083,Interviewed,2024-10-20
3083,Offered,2024-10-30
3084,Applied,2025-07-03
3085,Applied,2023-12-11
3086,Applied,2025-09-29
3086,Screened,2025-10-01
3086,Interviewed,2025-10-02
3087,Applied,2025-01-07
3088,Applied,2025-06-28
3088,Screened,2025-06-30
3088,Interviewed,2025-07-01
3089,Applied,2024-01-01
3089,Screened,2024-01-04
3089,Interviewed,2024-01-05
3090,Applied,2023-06-02
3091,Applied,2024-12-17
3092,Applied,2023-04-03
3092,Screened,2023-04-08
3093,Applied,2024-06-23
3093,Screened,2024-06-23
3094,Applied,2025-08-21
3094,Screened,2025-09-06
3094,Interviewed,2025-09-13
3095,Applied,2025-08-30
3095,Screened,2025-09-05
3095,Interviewed,2025-09-14
3096,Applied,2024-11-19
3096,Screened,2024-11-19
3096,Interviewed,2024-12-08
3096,Offered,2024-12-19
3097,Applied,2025-07-07
3097,Screened,2025-07-10
3098,Applied,2024-11-14
3098,Screened,2024-11-20
3098,Interviewed,2024-11-20
3098,Offered,2024-11-22
3098,Hired,2024-11-23
3099,Applied,2023-08-27
3099,Screened,2023-09-09
3100,Applied,2023-07-28
3101,Applied,2025-03-21
3101,Screened,2025-03-21
3102,Applied,2023-12-24
3102,Screened,2024-01-09
3102,Interviewed,2024-01-25
3103,Applied,2023-03-28
3103,Screened,2023-04-01
3104,Applied,2024-11-05
3105,Applied,2023-02-10
3105,Screened,2023-02-23
3105,Interviewed,2023-02-24
3106,Applied,2025-09-10
3107,Applied,2024-12-21
3107,Screened,2024-12-22
3107,Interviewed,2025-01-20
3108,Applied,2023-06-25
3108,Screened,2023-06-25
3108,Interviewed,2023-08-10
3109,Applied,2023-11-30
3110,Applied,2025-06-08
3110,Screened,2025-06-21
3111,Applied,2023-05-27
3112,Applied,2023-11-10
3112,Screened,2023-11-10
3113,Applied,2025-06-04
3114,Applied,2025-04-28
3114,Screened,2025-04-30
3114,Interviewed,2025-05-05
3115,Applied,2025-04-23
3115,Screened,2025-04-30
3116,Applied,2024-02-15
3116,Screened,2024-02-18
3117,Applied,2023-05-10
3117,Screened,2023-05-10
3118,Applied,2024-07-16
3119,Applied,2025-11-16
3120,Applied,2024-04-21
3121,Applied,2025-09-15
3121,Screened,2025-09-16
3121,Interviewed,2025-10-02
3122,Applied,2025-03-05
3122,Screened,2025-03-15
3123,Applied,2024-08-29
3123,Screened,2024-08-31
3124,Applied,2024-12-13
3124,Screened,2024-12-14
3124,Interviewed,2024-12-20
3125,Applied,2023-03-07
3126,Applied,2024-02-15
3126,Screened,2024-02-19
3126,Interviewed,2024-03-11
3126,Offered,2024-03-11
3126,Hired,2024-03-13
3127,Applied,2023-12-25
3127,Screened,2023-12-25
3128,Applied,2025-03-15
3128,Screened,2025-03-17
3128,Interviewed,2025-03-26
3128,Offered,2025-04-04
3128,Hired,2025-04-13
3129,Applied,2024-05-31
3129,Screened,2024-06-05
3129,Interviewed,2024-06-18
3130,Applied,2025-02-23
3130,Screened,2025-02-27
3131,Applied,2025-10-28
3132,Applied,2025-07-11
3132,Screened,2025-07-20
3132,Interviewed,2025-07-27
3132,Offered,2025-07-28
3132,Hired,2025-07-28
3133,Applied,2023-12-26
3133,Screened,2024-01-04
3133,Interviewed,2024-01-07
3134,Applied,2024-03-18
3134,Screened,2024-03-20
3134,Interviewed,2024-04-01
3135,Applied,2023-09-23
3136,Applied,2023-11-11
3136,Screened,2023-11-11
3136,Interviewed,2023-11-11
3136,Offered,2023-11-18
3136,Hired,2023-11-20
3137,Applied,2025-06-30
3137,Screened,2025-07-01
3138,Applied,2025-10-30
3138,Screened,2025-11-02
3138,Interviewed,2025-12-10
3139,Applied,2024-04-09
3139,Screened,2024-04-18
3139,Interviewed,2024-04-29
3140,Applied,2024-10-01
3140,Screened,2024-10-04
3141,Applied,2023-09-06
3141,Screened,2023-09-21
3142,Applied,2023-04-29
3143,Applied,2025-02-19
3143,Screened,2025-02-21
3143,Interviewed,2025-03-25
3144,Applied,2024-06-18
3145,Applied,2025-12-27
3145,Screened,2025-12-27
3146,Applied,2025-06-05
3146,Screened,2025-06-05
3147,Applied,2024-01-02
3147,Screened,2024-01-13
3148,Applied,2025-01-28
3148,Screened,2025-01-30
3148,Interviewed,2025-02-12
3149,Applied,2024-11-21
3150,Applied,2025-08-27
3150,Screened,2025-09-15
3150,Interviewed,2025-09-22
3150,Offered,2025-10-01
3150,Hired,2025-10-03
3151,Applied,2024-06-02
3152,Applied,2025-02-24
3152,Screened,2025-02-27
3152,Interviewed,2025-03-02
3153,Applied,2024-12-26
3153,Screened,2024-12-26
3154,Applied,2024-10-09
3155,Applied,2024-12-24
3156,Applied,2025-06-25
3156,Screened,2025-06-26
3157,Applied,2023-10-14
3157,Screened,2023-11-03
3158,Applied,2023-04-09
3158,Screened,2023-04-19
3159,Applied,2024-11-06
3159,Screened,2024-11-15
3160,Applied,2024-10-06
3161,Applied,2025-10-01
3161,Screened,2025-10-10
3161,Interviewed,2025-10-27
3162,Applied,2023-07-06
3162,Screened,2023-07-11
3162,Interviewed,2023-07-16
3162,Offered,2023-07-20
3163,Applied,2025-05-31
3163,Screened,2025-05-31
3163,Interviewed,2025-06-04
3164,Applied,2025-03-17
3165,Applied,2023-12-12
3165,Screened,2024-01-21
3165,Interviewed,2024-03-06
3166,Applied,2025-03-08
3166,Screened,2025-03-13
3167,Applied,2024-05-01
3167,Screened,2024-05-02
3167,Interviewed,2024-05-06
3168,Applied,2025-07-02
3168,Screened,2025-07-04
3169,Applied,2023-01-15
3169,Screened,2023-01-26
3170,Applied,2025-09-29
3170,Screened,2025-10-03
3171,Applied,2026-01-01
3172,Applied,2025-12-06
3172,Screened,2025-12-24
3173,Applied,2025-01-20
3173,Screened,2025-02-11
3173,Interviewed,2025-03-23
3174,Applied,2024-02-24
3174,Screened,2024-03-10
3174,Interviewed,2024-03-10
3174,Offered,2024-03-10
3174,Hired,2024-03-15
3175,Applied,2025-03-13
3175,Screened,2025-03-19
3175,Interviewed,2025-04-08
3176,Applied,2025-08-12
3176,Screened,2025-08-14
3177,Applied,2025-11-12
3177,Screened,2025-11-18
3177,Interviewed,2025-12-06
3178,Applied,2024-11-19
3178,Screened,2024-11-25
3179,Applied,2024-09-05
3179,Screened,2024-09-07
3179,Interviewed,2024-09-16
3180,Applied,2023-01-22
3180,Screened,2023-02-20
3180,Interviewed,2023-02-20
3180,Offered,2023-03-07
3180,Hired,2023-03-14
3181,Applied,2025-03-27
3182,Applied,2025-12-24
3182,Screened,2026-01-05
3182,Interviewed,2026-01-13
3182,Offered,2026-01-13
3182,Hired,2026-01-14
3183,Applied,2023-06-23
3184,Applied,2025-07-22
3185,Applied,2024-08-17
3186,Applied,2023-01-12
3186,Screened,2023-01-18
3187,Applied,2025-11-01
3188,Applied,2023-07-18
3188,Screened,2023-08-06
3189,Applied,2024-09-05
3189,Screened,2024-09-05
3190,Applied,2023-10-26
3190,Screened,2023-10-31
3191,Applied,2025-10-14
3191,Screened,2025-10-23
3192,Applied,2025-02-07
3192,Screened,2025-02-13
3192,Interviewed,2025-02-15
3193,Applied,2025-02-21
3193,Screened,2025-03-05
3194,Applied,2025-10-04
3195,Applied,2023-06-30
3195,Screened,2023-07-07
3195,Interviewed,2023-09-03
3195,Offered,2023-09-08
3195,Hired,2023-09-16
3196,Applied,2023-10-14
3196,Screened,2023-10-23
3196,Interviewed,2023-10-23
3196,Offered,2023-11-12
3196,Hired,2023-11-13
3197,Applied,2023-05-06
3197,Screened,2023-05-13
3198,Applied,2024-12-02
3198,Screened,2024-12-05
3198,Interviewed,2024-12-17
3199,Applied,2023-05-11
3200,Applied,2025-12-14
3200,Screened,2025-12-21
3200,Interviewed,2026-01-11
3201,Applied,2025-12-04
3202,Applied,2025-02-27
3202,Screened,2025-03-15
3203,Applied,2023-06-22
3203,Screened,2023-06-26
3203,Interviewed,2023-07-09
3203,Offered,2023-07-11
3204,Applied,2024-08-29
3204,Screened,2024-09-05
3204,Interviewed,2024-09-16
3205,Applied,2025-10-20
3206,Applied,2024-01-23
3206,Screened,2024-01-27
3206,Interviewed,2024-02-05
3206,Offered,2024-02-07
3206,Hired,2024-02-07
3207,Applied,2025-12-08
3208,Applied,2025-04-02
3208,Screened,2025-04-11
3208,Interviewed,2025-04-13
3208,Offered,2025-04-17
3209,Applied,2024-07-10
3209,Screened,2024-07-19
3209,Interviewed,2024-08-10
3210,Applied,2024-04-12
3210,Screened,2024-04-28
3211,Applied,2025-10-26
3212,Applied,2024-11-01
3212,Screened,2024-11-01
3213,Applied,2024-10-10
3214,Applied,2024-08-14
3214,Screened,2024-08-16
3214,Interviewed,2024-09-27
3214,Offered,2024-09-27
3214,Hired,2024-10-05
3215,Applied,2024-11-24
3215,Screened,2024-11-29
3216,Applied,2024-09-29
3216,Screened,2024-10-07
3216,Interviewed,2024-10-15
3217,Applied,2023-04-28
3217,Screened,2023-05-17
3218,Applied,2024-07-06
3218,Screened,2024-07-09
3219,Applied,2025-05-09
3219,Screened,2025-05-12
3219,Interviewed,2025-05-18
3220,Applied,2023-12-26
3220,Screened,2023-12-26
3221,Applied,2024-06-04
3221,Screened,2024-06-04
3222,Applied,2025-03-27
3223,Applied,2024-10-30
3224,Applied,2023-09-04
3225,Applied,2025-07-26
3225,Screened,2025-07-31
3225,Interviewed,2025-09-06
3225,Offered,2025-09-08
3225,Hired,2025-09-08
3226,Applied,2025-07-06
3226,Screened,2025-07-11
3226,Interviewed,2025-07-22
3227,Applied,2023-03-18
3227,Screened,2023-03-21
3227,Interviewed,2023-03-22
3227,Offered,2023-03-31
3227,Hired,2023-04-04
3228,Applied,2023-03-06
3228,Screened,2023-03-07
3229,Applied,2025-12-06
3229,Screened,2025-12-12
3230,Applied,2024-01-01
3230,Screened,2024-01-10
3230,Interviewed,2024-01-10
3231,Applied,2024-07-16
3231,Screened,2024-07-17
3232,Applied,2024-03-28
3233,Applied,2024-11-21
3233,Screened,2024-11-21
3233,Interviewed,2024-12-02
3233,Offered,2024-12-03
3233,Hired,2024-12-05
3234,Applied,2025-07-15
3234,Screened,2025-07-16
3235,Applied,2025-02-16
3235,Screened,2025-02-16
3235,Interviewed,2025-02-22
3236,Applied,2024-06-03
3237,Applied,2023-06-29
3237,Screened,2023-07-12
3238,Applied,2023-05-05
3238,Screened,2023-05-12
3239,Applied,2025-04-14
3239,Screened,2025-04-21
3240,Applied,2026-01-01
3240,Screened,2026-01-07
3241,Applied,2024-10-17
3241,Screened,2024-10-23
3241,Interviewed,2024-10-26
3242,Applied,2024-10-20
3243,Applied,2025-11-22
3243,Screened,2025-12-27
3244,Applied,2024-05-25
3245,Applied,2024-03-01
3245,Screened,2024-03-03
3245,Interviewed,2024-03-13
3246,Applied,2025-03-17
3246,Screened,2025-03-27
3246,Interviewed,2025-04-06
3247,Applied,2024-09-09
3247,Screened,2024-09-12
3247,Interviewed,2024-09-15
3248,Applied,2023-06-30
3248,Screened,2023-07-06
3249,Applied,2024-02-16
3249,Screened,2024-02-18
3249,Interviewed,2024-02-24
3250,Applied,2024-12-13
3251,Applied,2025-10-06
3251,Screened,2025-10-15
3252,Applied,2023-06-29
3252,Screened,2023-07-18
3252,Interviewed,2023-07-19
3253,Applied,2025-09-08
3254,Applied,2024-04-20
3254,Screened,2024-04-20
3254,Interviewed,2024-05-03
3254,Offered,2024-06-04
3254,Hired,2024-06-10
3255,Applied,2024-02-15
3255,Screened,2024-02-25
3255,Interviewed,2024-02-26
3255,Offered,2024-03-01
3255,Hired,2024-03-17
3256,Applied,2024-11-16
3256,Screened,2024-11-25
3256,Interviewed,2024-12-05
3257,Applied,2025-07-23
3257,Screened,2025-08-05
3257,Interviewed,2025-08-08
3258,Applied,2025-11-15
3258,Screened,2025-11-19
3258,Interviewed,2025-11-25
3259,Applied,2024-07-28
3259,Screened,2024-07-28
3259,Interviewed,2024-08-27
3260,Applied,2025-10-04
3260,Screened,2025-10-06
3260,Interviewed,2025-10-20
3261,Applied,2023-12-10
3262,Applied,2025-10-26
3262,Screened,2025-11-03
3262,Interviewed,2025-11-28
3263,Applied,2026-01-01
3263,Screened,2026-01-01
3264,Applied,2023-07-22
3264,Screened,2023-07-22
3265,Applied,2024-02-05
3265,Screened,2024-02-11
3266,Applied,2025-11-25
3266,Screened,2025-12-02
3267,Applied,2024-12-19
3268,Applied,2025-10-29
3268,Screened,2025-11-05
3268,Interviewed,2025-11-16
3269,Applied,2023-06-20
3269,Screened,2023-07-04
3269,Interviewed,2023-07-16
3270,Applied,2024-09-27
3270,Screened,2024-10-06
3271,Applied,2023-09-17
3271,Screened,2023-09-19
3272,Applied,2023-04-27
3272,Screened,2023-05-28
3273,Applied,2023-11-03
3274,Applied,2023-01-27
3275,Applied,2023-09-22
3276,Applied,2023-04-03
3276,Screened,2023-04-19
3276,Interviewed,2023-04-26
3277,Applied,2023-06-13
3277,Screened,2023-06-13
3277,Interviewed,2023-07-18
3278,Applied,2025-09-01
3278,Screened,2025-09-15
3279,Applied,2023-08-23
3279,Screened,2023-08-26
3279,Interviewed,2023-09-22
3280,Applied,2024-12-03
3281,Applied,2023-12-06
3282,Applied,2023-12-14
3282,Screened,2023-12-27
3283,Applied,2024-10-30
3283,Screened,2024-11-04
3283,Interviewed,2024-11-25
3283,Offered,2024-12-01
3283,Hired,2024-12-04
3284,Applied,2025-09-13
3284,Screened,2025-09-20
3285,Applied,2024-06-26
3286,Applied,2024-02-15
3286,Screened,2024-03-05
3286,Interviewed,2024-03-08
3286,Offered,2024-03-21
3286,Hired,2024-04-06
3287,Applied,2025-12-17
3287,Screened,2026-01-05
3287,Interviewed,2026-01-05
3287,Offered,2026-01-05
3287,Hired,2026-01-19
3288,Applied,2024-07-29
3288,Screened,2024-08-11
3288,Interviewed,2024-08-20
3289,Applied,2025-03-15
3289,Screened,2025-03-20
3289,Interviewed,2025-04-20
3290,Applied,2025-10-22
3290,Screened,2025-11-12
3290,Interviewed,2025-11-21
3291,Applied,2024-07-10
3292,Applied,2024-12-21
3292,Screened,2024-12-23
3293,Applied,2024-09-29
3293,Screened,2024-10-07
3293,Interviewed,2024-10-22
3294,Applied,2023-10-30
3294,Screened,2023-10-30
3294,Interviewed,2023-11-01
3295,Applied,2024-08-02
3296,Applied,2023-03-05
3296,Screened,2023-03-17
3296,Interviewed,2023-03-23
3297,Applied,2024-03-11
3297,Screened,2024-03-14
3298,Applied,2025-11-20
3298,Screened,2025-11-29
3298,Interviewed,2026-01-08
3299,Applied,2023-03-16
3299,Screened,2023-04-10
3299,Interviewed,2023-04-15
3300,Applied,2023-07-05
3300,Screened,2023-07-11
3301,Applied,2024-07-18
3301,Screened,2024-07-27
3301,Interviewed,2024-07-30
3302,Applied,2023-06-29
3302,Screened,2023-08-04
3302,Interviewed,2023-09-07
3303,Applied,2025-09-02
3303,Screened,2025-09-09
3304,Applied,2025-12-19
3305,Applied,2025-05-29
3305,Screened,2025-05-31
3306,Applied,2024-03-06
3307,Applied,2023-07-22
3307,Screened,2023-07-31
3308,Applied,2023-12-24
3309,Applied,2025-09-13
3309,Screened,2025-09-13
3309,Interviewed,2025-09-18
3310,Applied,2023-01-06
3310,Screened,2023-01-10
3310,Interviewed,2023-01-22
3311,Applied,2025-02-16
3311,Screened,2025-02-17
3311,Interviewed,2025-02-21
3311,Offered,2025-02-28
3311,Hired,2025-03-01
3312,Applied,2024-12-24
3312,Screened,2025-01-02
3313,Applied,2025-11-22
3314,Applied,2025-10-22
3314,Screened,2025-10-25
3314,Interviewed,2025-12-03
3314,Offered,2025-12-09
3314,Hired,2025-12-17
3315,Applied,2023-04-23
3315,Screened,2023-04-28
3316,Applied,2024-09-28
3316,Screened,2024-10-03
3317,Applied,2025-01-01
3317,Screened,2025-01-06
3317,Interviewed,2025-01-13
3318,Applied,2025-09-02
3319,Applied,2025-07-24
3320,Applied,2025-07-01
3320,Screened,2025-07-03
3320,Interviewed,2025-07-11
3321,Applied,2023-11-25
3322,Applied,2024-10-20
3322,Screened,2024-10-25
3322,Interviewed,2024-10-29
3323,Applied,2024-11-07
3323,Screened,2024-11-07
3323,Interviewed,2024-11-28
3324,Applied,2024-10-17
3325,Applied,2023-12-30
3326,Applied,2023-03-06
3326,Screened,2023-04-25
3326,Interviewed,2023-05-06
3327,Applied,2025-03-22
3327,Screened,2025-03-24
3327,Interviewed,2025-03-25
3328,Applied,2025-01-21
3328,Screened,2025-02-04
3329,Applied,2024-03-11
3330,Applied,2023-09-23
3330,Screened,2023-09-26
3330,Interviewed,2023-09-29
3331,Applied,2025-11-10
3331,Screened,2025-11-17
3331,Interviewed,2025-11-23
3332,Applied,2025-03-30
3332,Screened,2025-04-11
3333,Applied,2024-07-18
3334,Applied,2025-06-25
3334,Screened,2025-06-25
3335,Applied,2023-09-11
3335,Screened,2023-09-12
3335,Interviewed,2023-09-12
3335,Offered,2023-09-13
3335,Hired,2023-09-17
3336,Applied,2024-12-26
3337,Applied,2024-12-02
3337,Screened,2024-12-07
3338,Applied,2025-01-05
3338,Screened,2025-01-13
3338,Interviewed,2025-01-19
3338,Offered,2025-01-23
3338,Hired,2025-01-23
3339,Applied,2024-07-09
3339,Screened,2024-07-17
3340,Applied,2024-11-10
3341,Applied,2023-12-26
3341,Screened,2024-01-04
3341,Interviewed,2024-01-26
3342,Applied,2025-05-30
3342,Screened,2025-07-08
3342,Interviewed,2025-08-22
3342,Offered,2025-08-23
3342,Hired,2025-08-26
3343,Applied,2025-08-10
3344,Applied,2023-12-22
3344,Screened,2023-12-25
3344,Interviewed,2023-12-26
3345,Applied,2023-03-22
3345,Screened,2023-04-05
3346,Applied,2025-10-05
3347,Applied,2024-05-30
3347,Screened,2024-06-14
3347,Interviewed,2024-07-09
3348,Applied,2025-12-01
3348,Screened,2025-12-11
3349,Applied,2023-02-11
3349,Screened,2023-02-13
3350,Applied,2025-08-03
3350,Screened,2025-08-08
3350,Interviewed,2025-08-15
3351,Applied,2023-02-13
3351,Screened,2023-02-13
3352,Applied,2024-06-20
3352,Screened,2024-06-28
3353,Applied,2023-03-30
3353,Screened,2023-04-13
3354,Applied,2023-01-24
3355,Applied,2025-06-11
3356,Applied,2025-09-29
3356,Screened,2025-10-08
3356,Interviewed,2025-10-10
3357,Applied,2024-12-22
3357,Screened,2024-12-22
3358,Applied,2025-10-14
3358,Screened,2025-10-23
3358,Interviewed,2025-11-01
3359,Applied,2024-02-21
3360,Applied,2024-01-31
3360,Screened,2024-02-06
3361,Applied,2025-01-13
3361,Screened,2025-02-09
3361,Interviewed,2025-03-05
3361,Offered,2025-03-08
3361,Hired,2025-03-10
3362,Applied,2024-12-01
3362,Screened,2024-12-21
3362,Interviewed,2024-12-24
3363,Applied,2025-06-28
3364,Applied,2023-12-23
3364,Screened,2024-01-02
3364,Interviewed,2024-01-18
3365,Applied,2025-07-19
3365,Screened,2025-07-21
3365,Interviewed,2025-07-24
3366,Applied,2024-09-14
3366,Screened,2024-09-14
3367,Applied,2024-08-01
3367,Screened,2024-08-09
3368,Applied,2024-10-17
3368,Screened,2024-10-29
3369,Applied,2024-11-01
3369,Screened,2024-11-11
3370,Applied,2025-11-02
3371,Applied,2024-07-07
3371,Screened,2024-07-16
3372,Applied,2026-01-01
3372,Screened,2026-01-01
3373,Applied,2023-11-12
3373,Screened,2023-11-20
3373,Interviewed,2023-12-26
3374,Applied,2025-07-28
3375,Applied,2025-06-02
3375,Screened,2025-06-07
3375,Interviewed,2025-06-09
3375,Offered,2025-06-11
3375,Hired,2025-06-19
3376,Applied,2025-09-20
3377,Applied,2025-12-14
3378,Applied,2023-03-28
3378,Screened,2023-03-30
3379,Applied,2023-11-26
3379,Screened,2023-12-09
3380,Applied,2023-12-30
3381,Applied,2025-10-21
3381,Screened,2025-11-02
3381,Interviewed,2025-11-06
3381,Offered,2025-11-13
3381,Hired,2025-11-20
3382,Applied,2025-07-07
3382,Screened,2025-07-23
3382,Interviewed,2025-07-31
3383,Applied,2025-09-03
3384,Applied,2024-09-13
3385,Applied,2024-11-28
3385,Screened,2024-12-05
3386,Applied,2024-07-30
3387,Applied,2023-04-07
3387,Screened,2023-04-16
3387,Interviewed,2023-04-30
3388,Applied,2025-11-11
3388,Screened,2025-12-03
3389,Applied,2024-04-15
3389,Screened,2024-04-27
3390,Applied,2025-10-22
3391,Applied,2025-06-27
3391,Screened,2025-06-29
3392,Applied,2025-09-03
3392,Screened,2025-09-08
3393,Applied,2026-01-01
3393,Screened,2026-01-07
3393,Interviewed,2026-02-06
3394,Applied,2023-06-30
3394,Screened,2023-07-03
3394,Interviewed,2023-07-06
3395,Applied,2025-09-18
3395,Screened,2025-09-18
3396,Applied,2023-12-31
3397,Applied,2025-06-29
3397,Screened,2025-07-02
3397,Interviewed,2025-07-08
3398,Applied,2025-02-11
3398,Screened,2025-02-11
3398,Interviewed,2025-02-15
3399,Applied,2025-08-17
3399,Screened,2025-08-20
3399,Interviewed,2025-08-24
3400,Applied,2025-01-10
3401,Applied,2025-03-09
3401,Screened,2025-03-09
3401,Interviewed,2025-03-09
3402,Applied,2023-07-28
3402,Screened,2023-08-02
3403,Applied,2024-03-03
3403,Screened,2024-03-07
3403,Interviewed,2024-04-09
3403,Offered,2024-04-22
3403,Hired,2024-04-28
3404,Applied,2025-06-24
3404,Screened,2025-06-28
3405,Applied,2025-12-19
3405,Screened,2025-12-19
3405,Interviewed,2026-01-18
3405,Offered,2026-01-19
3405,Hired,2026-01-20
3406,Applied,2023-04-11
3406,Screened,2023-04-23
3406,Interviewed,2023-04-27
3407,Applied,2024-07-07
3408,Applied,2025-05-02
3409,Applied,2024-09-18
3410,Applied,2024-10-12
3410,Screened,2024-10-15
3411,Applied,2025-02-26
3411,Screened,2025-02-28
3411,Interviewed,2025-03-19
3412,Applied,2024-09-11
3413,Applied,2024-01-02
3414,Applied,2023-05-27
3415,Applied,2025-09-08
3415,Screened,2025-09-27
3416,Applied,2025-09-30
3417,Applied,2025-02-01
3417,Screened,2025-02-10
3417,Interviewed,2025-02-16
3418,Applied,2025-05-28
3418,Screened,2025-06-03
3419,Applied,2024-02-18
3419,Screened,2024-03-01
3420,Applied,2025-10-16
3420,Screened,2025-10-28
3421,Applied,2025-12-08
3422,Applied,2023-09-25
3423,Applied,2025-05-04
3423,Screened,2025-05-10
3423,Interviewed,2025-06-05
3424,Applied,2023-02-15
3425,Applied,2025-08-24
3426,Applied,2025-02-01
3426,Screened,2025-02-02
3427,Applied,2023-03-21
3427,Screened,2023-03-23
3427,Interviewed,2023-04-01
3428,Applied,2025-02-13
3429,Applied,2025-06-11
3429,Screened,2025-06-13
3429,Interviewed,2025-07-16
3430,Applied,2024-10-19
3430,Screened,2024-10-20
3430,Interviewed,2024-11-11
3431,Applied,2025-06-04
3431,Screened,2025-06-05
3432,Applied,2024-11-14
3432,Screened,2024-11-20
3432,Interviewed,2024-11-21
3433,Applied,2025-05-09
3433,Screened,2025-05-09
3433,Interviewed,2025-05-11
3434,Applied,2025-11-04
3434,Screened,2025-11-11
3435,Applied,2025-04-22
3435,Screened,2025-04-26
3436,Applied,2024-04-25
3437,Applied,2024-09-12
3437,Screened,2024-10-13
3437,Interviewed,2024-10-26
3438,Applied,2024-02-21
3438,Screened,2024-02-24
3439,Applied,2025-11-02
3439,Screened,2025-11-07
3439,Interviewed,2026-01-04
3439,Offered,2026-01-04
3439,Hired,2026-01-05
3440,Applied,2023-04-10
3441,Applied,2025-09-04
3442,Applied,2025-12-14
3442,Screened,2025-12-31
3442,Interviewed,2026-01-07
3443,Applied,2023-11-15
3444,Applied,2025-01-16
3444,Screened,2025-01-21
3444,Interviewed,2025-02-15
3445,Applied,2025-08-16
3445,Screened,2025-08-17
3445,Interviewed,2025-08-26
3446,Applied,2025-09-16
3447,Applied,2025-07-16
3447,Screened,2025-07-19
3448,Applied,2025-08-16
3448,Screened,2025-09-06
3449,Applied,2024-07-09
3449,Screened,2024-07-12
3450,Applied,2023-09-01
3451,Applied,2025-10-29
3451,Screened,2025-10-30
3451,Interviewed,2025-11-02
3452,Applied,2025-03-25
3453,Applied,2023-03-26
3453,Screened,2023-03-31
3454,Applied,2025-08-20
3455,Applied,2025-06-28
3455,Screened,2025-06-28
3455,Interviewed,2025-07-12
3455,Offered,2025-07-18
3455,Hired,2025-07-18
3456,Applied,2025-12-20
3457,Applied,2024-01-25
3457,Screened,2024-02-03
3458,Applied,2023-09-30
3458,Screened,2023-10-04
3458,Interviewed,2023-10-15
3459,Applied,2025-06-11
3460,Applied,2025-10-30
3460,Screened,2025-11-01
3461,Applied,2024-01-24
3461,Screened,2024-01-30
3462,Applied,2024-04-02
3462,Screened,2024-04-06
3462,Interviewed,2024-04-07
3462,Offered,2024-04-12
3462,Hired,2024-04-14
3463,Applied,2024-06-11
3464,Applied,2025-12-27
3464,Screened,2026-01-05
3465,Applied,2026-01-01
3465,Screened,2026-01-01
3466,Applied,2024-01-12
3466,Screened,2024-01-17
3466,Interviewed,2024-02-01
3466,Offered,2024-02-01
3467,Applied,2025-04-16
3467,Screened,2025-04-18
3467,Interviewed,2025-04-28
3467,Offered,2025-05-02
3467,Hired,2025-05-04
3468,Applied,2025-12-28
3468,Screened,2026-01-03
3468,Interviewed,2026-01-04
3469,Applied,2023-05-25
3469,Screened,2023-05-31
3470,Applied,2024-07-22
3471,Applied,2025-11-13
3471,Screened,2025-11-16
3472,Applied,2025-04-06
3473,Applied,2024-09-29
3473,Screened,2024-10-01
3473,Interviewed,2024-10-31
3474,Applied,2024-07-06
3474,Screened,2024-07-15
3474,Interviewed,2024-08-03
3475,Applied,2024-06-07
3476,Applied,2024-08-25
3476,Screened,2024-09-07
3476,Interviewed,2024-09-18
3477,Applied,2025-05-15
3478,Applied,2025-08-20
3478,Screened,2025-08-25
3479,Applied,2025-07-01
3479,Screened,2025-07-04
3479,Interviewed,2025-07-07
3479,Offered,2025-07-13
3480,Applied,2025-02-27
3480,Screened,2025-03-01
3481,Applied,2025-10-08
3481,Screened,2025-10-09
3482,Applied,2024-07-28
3482,Screened,2024-07-28
3482,Interviewed,2024-08-15
3483,Applied,2024-09-01
3483,Screened,2024-09-13
3483,Interviewed,2024-09-20
3484,Applied,2025-10-05
3484,Screened,2025-10-31
3485,Applied,2025-06-09
3485,Screened,2025-06-16
3486,Applied,2025-02-08
3486,Screened,2025-02-12
3487,Applied,2025-05-26
3487,Screened,2025-05-27
3488,Applied,2024-06-12
3488,Screened,2024-06-13
3488,Interviewed,2024-06-18
3489,Applied,2025-06-04
3490,Applied,2024-03-08
3490,Screened,2024-03-10
3491,Applied,2023-02-21
3491,Screened,2023-02-21
3491,Interviewed,2023-02-21
3491,Offered,2023-02-25
3492,Applied,2023-01-17
3493,Applied,2025-07-21
3493,Screened,2025-08-01
3493,Interviewed,2025-08-01
3494,Applied,2025-03-05
3494,Screened,2025-03-07
3494,Interviewed,2025-04-14
3495,Applied,2025-12-07
3496,Applied,2025-09-30
3497,Applied,2023-03-23
3498,Applied,2024-11-21
3499,Applied,2025-12-23
3499,Screened,2025-12-29
3500,Applied,2024-12-27
3500,Screened,2024-12-29
3501,Applied,2023-07-13
3501,Screened,2023-07-20
3501,Interviewed,2023-08-11
3502,Applied,2025-11-02
3502,Screened,2025-11-24
3503,Applied,2025-05-23
3503,Screened,2025-05-23
3504,Applied,2025-11-11
3505,Applied,2025-07-22
3505,Screened,2025-07-27
3506,Applied,2025-07-24
3507,Applied,2024-03-27
3508,Applied,2024-07-23
3509,Applied,2025-12-14
3509,Screened,2026-01-02
3510,Applied,2023-01-06
3511,Applied,2024-08-16
3511,Screened,2024-08-20
3512,Applied,2025-08-31
3512,Screened,2025-09-07
3512,Interviewed,2025-11-14
3512,Offered,2025-11-15
3512,Hired,2025-11-16
3513,Applied,2023-06-25
3513,Screened,2023-06-30
3513,Interviewed,2023-07-02
3514,Applied,2025-09-24
3514,Screened,2025-10-03
3515,Applied,2025-02-14
3515,Screened,2025-02-14
3515,Interviewed,2025-02-18
3516,Applied,2024-11-17
3516,Screened,2024-11-25
3516,Interviewed,2024-11-25
3517,Applied,2025-08-13
3517,Screened,2025-08-23
3517,Interviewed,2025-08-29
3518,Applied,2025-05-16
3518,Screened,2025-06-03
3519,Applied,2024-09-30
3519,Screened,2024-10-10
3519,Interviewed,2024-10-15
3519,Offered,2024-10-15
3519,Hired,2024-10-22
3520,Applied,2025-03-10
3520,Screened,2025-03-16
3520,Interviewed,2025-03-19
3521,Applied,2023-01-18
3522,Applied,2023-11-12
3522,Screened,2023-11-12
3522,Interviewed,2023-12-18
3522,Offered,2023-12-20
3522,Hired,2023-12-30
3523,Applied,2024-10-19
3524,Applied,2023-06-01
3524,Screened,2023-06-03
3525,Applied,2023-07-07
3526,Applied,2024-12-25
3526,Screened,2024-12-25
3526,Interviewed,2024-12-29
3527,Applied,2025-12-17
3527,Screened,2025-12-23
3528,Applied,2025-08-31
3528,Screened,2025-09-05
3528,Interviewed,2025-09-20
3529,Applied,2024-08-18
3529,Screened,2024-09-06
3530,Applied,2025-11-08
3530,Screened,2025-11-12
3531,Applied,2024-10-30
3531,Screened,2024-11-03
3531,Interviewed,2024-12-15
3532,Applied,2024-06-28
3532,Screened,2024-07-05
3533,Applied,2025-09-14
3533,Screened,2025-09-20
3534,Applied,2024-05-10
3534,Screened,2024-05-12
3534,Interviewed,2024-05-27
3534,Offered,2024-05-28
3534,Hired,2024-06-14
3535,Applied,2023-11-27
3536,Applied,2023-10-10
3536,Screened,2023-10-30
3536,Interviewed,2023-12-03
3537,Applied,2025-03-31
3537,Screened,2025-04-02
3538,Applied,2025-11-11
3538,Screened,2025-11-13
3539,Applied,2026-01-01
3539,Screened,2026-01-04
3539,Interviewed,2026-01-12
3539,Offered,2026-01-12
3539,Hired,2026-01-30
3540,Applied,2023-11-19
3540,Screened,2023-11-19
3541,Applied,2025-03-29
3541,Screened,2025-04-09
3542,Applied,2025-10-12
3542,Screened,2025-10-13
3543,Applied,2023-09-06
3543,Screened,2023-09-12
3544,Applied,2023-06-01
3544,Screened,2023-06-15
3545,Applied,2023-09-29
3545,Screened,2023-09-29
3545,Interviewed,2023-10-26
3545,Offered,2023-10-30
3545,Hired,2023-10-30
3546,Applied,2024-06-04
3546,Screened,2024-06-05
3547,Applied,2024-04-29
3547,Screened,2024-04-29
3547,Interviewed,2024-05-20
3548,Applied,2024-03-18
3548,Screened,2024-03-27
3548,Interviewed,2024-03-31
3549,Applied,2025-12-07
3549,Screened,2025-12-22
3549,Interviewed,2025-12-27
3550,Applied,2023-12-23
3550,Screened,2023-12-28
3551,Applied,2025-08-18
3551,Screened,2025-09-04
3551,Interviewed,2025-09-17
3552,Applied,2025-05-06
3552,Screened,2025-05-13
3552,Interviewed,2025-06-01
3552,Offered,2025-06-04
3553,Applied,2025-11-21
3553,Screened,2025-12-18
3554,Applied,2025-03-12
3554,Screened,2025-03-12
3554,Interviewed,2025-03-19
3554,Offered,2025-03-29
3554,Hired,2025-03-31
3555,Applied,2025-01-02
3555,Screened,2025-01-06
3556,Applied,2024-09-07
3557,Applied,2025-02-07
3557,Screened,2025-02-10
3558,Applied,2025-12-30
3559,Applied,2024-06-25
3559,Screened,2024-07-10
3560,Applied,2023-12-07
3561,Applied,2025-03-07
3562,Applied,2024-11-06
3563,Applied,2023-05-11
3563,Screened,2023-05-29
3563,Interviewed,2023-06-04
3564,Applied,2023-09-17
3564,Screened,2023-10-07
3564,Interviewed,2023-10-21
3565,Applied,2024-06-10
3566,Applied,2025-11-20
3567,Applied,2025-12-01
3567,Screened,2025-12-16
3568,Applied,2025-06-19
3568,Screened,2025-06-19
3569,Applied,2023-10-30
3569,Screened,2023-11-01
3570,Applied,2024-10-04
3571,Applied,2025-08-17
3572,Applied,2025-05-11
3572,Screened,2025-05-14
3572,Interviewed,2025-06-15
3572,Offered,2025-06-15
3572,Hired,2025-06-19
3573,Applied,2025-04-21
3573,Screened,2025-04-21
3573,Interviewed,2025-06-08
3574,Applied,2024-02-20
3575,Applied,2024-03-15
3575,Screened,2024-03-28
3576,Applied,2024-03-06
3576,Screened,2024-03-08
3576,Interviewed,2024-04-04
3576,Offered,2024-04-06
3576,Hired,2024-04-07
3577,Applied,2023-04-13
3577,Screened,2023-04-13
3577,Interviewed,2023-04-20
3577,Offered,2023-04-26
3577,Hired,2023-05-05
3578,Applied,2023-10-25
3579,Applied,2025-02-19
3579,Screened,2025-02-22
3580,Applied,2025-08-15
3581,Applied,2025-11-11
3582,Applied,2025-10-28
3582,Screened,2025-10-29
3583,Applied,2025-07-05
3584,Applied,2025-10-19
3584,Screened,2025-10-22
3584,Interviewed,2025-10-24
3584,Offered,2025-11-07
3584,Hired,2025-11-24
3585,Applied,2025-02-08
3586,Applied,2023-04-06
3587,Applied,2024-02-19
3587,Screened,2024-02-19
3588,Applied,2023-03-10
3588,Screened,2023-03-16
3588,Interviewed,2023-04-28
3589,Applied,2025-05-22
3589,Screened,2025-05-22
3589,Interviewed,2025-05-23
3590,Applied,2023-07-03
3590,Screened,2023-07-15
3590,Interviewed,2023-08-04
3590,Offered,2023-08-04
3591,Applied,2023-01-05
3591,Screened,2023-01-23
3592,Applied,2023-08-22
3592,Screened,2023-08-27
3592,Interviewed,2023-10-17
3592,Offered,2023-10-17
3592,Hired,2023-10-24
3593,Applied,2025-12-18
3594,Applied,2024-10-11
3594,Screened,2024-10-15
3594,Interviewed,2024-11-15
3595,Applied,2024-02-17
3595,Screened,2024-02-19
3596,Applied,2023-05-21
3596,Screened,2023-05-23
3596,Interviewed,2023-06-01
3597,Applied,2025-12-31
3598,Applied,2024-11-14
3598,Screened,2024-12-06
3599,Applied,2025-09-06
3599,Screened,2025-09-16
3599,Interviewed,2025-10-09
3599,Offered,2025-10-13
3599,Hired,2025-10-17
3600,Applied,2025-01-01
3600,Screened,2025-01-05
3601,Applied,2023-12-10
3601,Screened,2023-12-19
3602,Applied,2024-05-04
3602,Screened,2024-05-24
3603,Applied,2025-12-08
3603,Screened,2025-12-23
3603,Interviewed,2025-12-29
3603,Offered,2026-01-02
3603,Hired,2026-01-03
3604,Applied,2025-02-12
3605,Applied,2025-11-29
3605,Screened,2025-12-14
3605,Interviewed,2025-12-21
3605,Offered,2025-12-21
3605,Hired,2026-01-03
3606,Applied,2023-08-21
3606,Screened,2023-09-07
3607,Applied,2023-12-30
3608,Applied,2025-10-03
3609,Applied,2023-11-04
3609,Screened,2023-11-18
3609,Interviewed,2023-11-23
3610,Applied,2024-01-05
3610,Screened,2024-01-07
3610,Interviewed,2024-01-07
3610,Offered,2024-01-24
3610,Hired,2024-01-27
3611,Applied,2025-01-18
3611,Screened,2025-01-19
3611,Interviewed,2025-02-23
3612,Applied,2024-09-19
3613,Applied,2025-06-26
3613,Screened,2025-06-28
3614,Applied,2025-02-16
3614,Screened,2025-02-16
3614,Interviewed,2025-02-16
3615,Applied,2024-01-02
3615,Screened,2024-01-02
3615,Interviewed,2024-01-10
3615,Offered,2024-01-12
3615,Hired,2024-01-24
3616,Applied,2025-09-02
3617,Applied,2025-03-05
3617,Screened,2025-03-12
3617,Interviewed,2025-03-23
3618,Applied,2024-03-10
3618,Screened,2024-03-11
3619,Applied,2025-06-03
3620,Applied,2024-11-23
3620,Screened,2024-11-23
3620,Interviewed,2024-11-23
3621,Applied,2023-02-23
3622,Applied,2023-04-13
3623,Applied,2023-04-11
3623,Screened,2023-04-13
3624,Applied,2025-07-03
3624,Screened,2025-07-03
3625,Applied,2024-10-13
3626,Applied,2025-07-14
3626,Screened,2025-07-18
3626,Interviewed,2025-07-30
3627,Applied,2024-01-01
3628,Applied,2023-01-13
3628,Screened,2023-01-14
3628,Interviewed,2023-01-27
3628,Offered,2023-02-04
3628,Hired,2023-02-06
3629,Applied,2025-09-08
3629,Screened,2025-09-09
3630,Applied,2023-10-10
3631,Applied,2024-11-13
3632,Applied,2026-01-01
3632,Screened,2026-01-25
3633,Applied,2024-10-11
3633,Screened,2024-10-19
3633,Interviewed,2024-10-20
3633,Offered,2024-10-20
3633,Hired,2024-10-23
3634,Applied,2024-10-17
3634,Screened,2024-11-24
3635,Applied,2025-04-16
3635,Screened,2025-04-26
3636,Applied,2023-02-17
3637,Applied,2024-05-28
3637,Screened,2024-06-02
3638,Applied,2025-04-16
3638,Screened,2025-05-11
3638,Interviewed,2025-05-23
3639,Applied,2025-05-28
3639,Screened,2025-05-30
3639,Interviewed,2025-07-01
3640,Applied,2026-01-01
3640,Screened,2026-01-02
3640,Interviewed,2026-01-07
3641,Applied,2023-08-09
3641,Screened,2023-08-18
3642,Applied,2024-06-11
3642,Screened,2024-06-19
3642,Interviewed,2024-07-20
3642,Offered,2024-08-04
3642,Hired,2024-08-08
3643,Applied,2024-08-17
3644,Applied,2025-12-04
3644,Screened,2025-12-08
3644,Interviewed,2025-12-15
3645,Applied,2025-10-31
3645,Screened,2025-11-02
3646,Applied,2024-05-18
3646,Screened,2024-05-18
3647,Applied,2024-04-06
3648,Applied,2024-09-19
3649,Applied,2024-02-24
3649,Screened,2024-02-26
3650,Applied,2025-01-08
3650,Screened,2025-01-08
3651,Applied,2024-08-18
3651,Screened,2024-08-18
3651,Interviewed,2024-08-25
3651,Offered,2024-08-27
3652,Applied,2025-11-23
3652,Screened,2025-12-04
3652,Interviewed,2025-12-09
3653,Applied,2024-02-17
3653,Screened,2024-02-24
3653,Interviewed,2024-04-01
3654,Applied,2023-09-23
3654,Screened,2023-10-05
3654,Interviewed,2023-10-19
3654,Offered,2023-10-29
3654,Hired,2023-10-31
3655,Applied,2025-07-01
3655,Screened,2025-07-06
3655,Interviewed,2025-07-24
3656,Applied,2023-04-07
3656,Screened,2023-04-08
3656,Interviewed,2023-04-12
3657,Applied,2023-02-11
3657,Screened,2023-02-13
3657,Interviewed,2023-03-18
3657,Offered,2023-03-22
3658,Applied,2024-10-03
3658,Screened,2024-10-03
3659,Applied,2024-07-06
3659,Screened,2024-07-16
3660,Applied,2025-07-02
3660,Screened,2025-07-20
3661,Applied,2023-08-02
3661,Screened,2023-08-05
3661,Interviewed,2023-08-05
3661,Offered,2023-08-07
3661,Hired,2023-08-08
3662,Applied,2023-09-03
3662,Screened,2023-09-11
3662,Interviewed,2023-10-07
3663,Applied,2023-09-12
3664,Applied,2023-06-11
3664,Screened,2023-06-15
3665,Applied,2023-02-08
3665,Screened,2023-02-09
3666,Applied,2025-09-01
3667,Applied,2023-12-02
3668,Applied,2023-11-01
3669,Applied,2024-02-05
3669,Screened,2024-02-05
3670,Applied,2023-11-11
3670,Screened,2023-11-11
3671,Applied,2023-12-01
3671,Screened,2023-12-10
3672,Applied,2023-12-21
3673,Applied,2024-09-14
3673,Screened,2024-09-27
3674,Applied,2025-01-30
3674,Screened,2025-02-11
3675,Applied,2023-04-25
3676,Applied,2024-06-26
3676,Screened,2024-06-26
3676,Interviewed,2024-08-21
3676,Offered,2024-09-20
3677,Applied,2024-03-22
3677,Screened,2024-03-29
3677,Interviewed,2024-04-08
3678,Applied,2025-07-12
3679,Applied,2024-09-02
3679,Screened,2024-09-17
3680,Applied,2025-05-16
3680,Screened,2025-05-24
3680,Interviewed,2025-05-27
3681,Applied,2026-01-01
3681,Screened,2026-01-01
3682,Applied,2025-01-03
3682,Screened,2025-01-07
3682,Interviewed,2025-01-25
3683,Applied,2025-09-25
3684,Applied,2024-03-07
3684,Screened,2024-03-11
3684,Interviewed,2024-03-21
3685,Applied,2025-05-06
3685,Screened,2025-05-16
3686,Applied,2025-04-21
3687,Applied,2025-10-14
3687,Screened,2025-10-19
3687,Interviewed,2025-10-21
3688,Applied,2025-02-23
3688,Screened,2025-02-27
3689,Applied,2025-07-27
3690,Applied,2023-02-05
3691,Applied,2025-05-22
3692,Applied,2025-11-07
3693,Applied,2025-07-03
3693,Screened,2025-07-23
3693,Interviewed,2025-07-25
3694,Applied,2024-10-17
3695,Applied,2025-01-17
3695,Screened,2025-01-19
3696,Applied,2025-06-02
3696,Screened,2025-06-09
3696,Interviewed,2025-06-26
3697,Applied,2025-03-05
3697,Screened,2025-03-09
3697,Interviewed,2025-04-09
3697,Offered,2025-04-16
3697,Hired,2025-04-18
3698,Applied,2024-09-16
3699,Applied,2025-04-19
3700,Applied,2023-03-25
3700,Screened,2023-04-11
3701,Applied,2024-05-13
3701,Screened,2024-05-25
3701,Interviewed,2024-06-03
3701,Offered,2024-06-05
3701,Hired,2024-06-05
3702,Applied,2025-08-30
3702,Screened,2025-09-03
3703,Applied,2025-06-01
3704,Applied,2023-02-11
3704,Screened,2023-02-15
3704,Interviewed,2023-03-02
3704,Offered,2023-03-02
3704,Hired,2023-03-05
3705,Applied,2025-12-16
3706,Applied,2025-07-10
3706,Screened,2025-07-17
3706,Interviewed,2025-07-23
3706,Offered,2025-07-29
3706,Hired,2025-08-05
3707,Applied,2024-11-17
3708,Applied,2025-09-04
3708,Screened,2025-09-14
3709,Applied,2025-07-16
3710,Applied,2024-09-11
3710,Screened,2024-09-11
3710,Interviewed,2024-09-23
3710,Offered,2024-09-26
3711,Applied,2025-02-08
3711,Screened,2025-02-14
3712,Applied,2025-07-11
3713,Applied,2025-05-12
3713,Screened,2025-05-17
3714,Applied,2025-07-30
3714,Screened,2025-07-30
3714,Interviewed,2025-08-05
3715,Applied,2025-08-05
3716,Applied,2025-05-01
3716,Screened,2025-05-03
3717,Applied,2025-02-15
3718,Applied,2025-05-21
3718,Screened,2025-05-22
3719,Applied,2025-02-18
3719,Screened,2025-02-18
3719,Interviewed,2025-03-02
3720,Applied,2025-12-14
3720,Screened,2025-12-19
3721,Applied,2024-12-08
3721,Screened,2024-12-13
3722,Applied,2023-09-08
3723,Applied,2025-09-23
3723,Screened,2025-09-24
3724,Applied,2025-11-08
3725,Applied,2024-07-19
3726,Applied,2025-01-02
3727,Applied,2024-10-06
3728,Applied,2024-02-21
3729,Applied,2025-08-16
3729,Screened,2025-08-22
3729,Interviewed,2025-08-30
3730,Applied,2025-09-06
3730,Screened,2025-09-07
3731,Applied,2024-09-18
3732,Applied,2024-01-02
3732,Screened,2024-01-02
3732,Interviewed,2024-01-14
3733,Applied,2024-08-12
3734,Applied,2025-10-08
3734,Screened,2025-10-21
3735,Applied,2024-11-18
3736,Applied,2025-05-25
3737,Applied,2024-01-22
3737,Screened,2024-01-27
3738,Applied,2023-12-17
3738,Screened,2024-01-01
3738,Interviewed,2024-01-07
3739,Applied,2025-04-11
3740,Applied,2025-07-02
3740,Screened,2025-07-06
3741,Applied,2025-03-04
3741,Screened,2025-03-16
3741,Interviewed,2025-03-22
3742,Applied,2025-12-29
3742,Screened,2025-12-30
3743,Applied,2024-01-27
3744,Applied,2024-12-02
3744,Screened,2024-12-06
3745,Applied,2023-07-14
3745,Screened,2023-07-16
3745,Interviewed,2023-07-30
3746,Applied,2025-12-01
3747,Applied,2025-10-02
3747,Screened,2025-10-12
3747,Interviewed,2025-10-19
3748,Applied,2025-05-16
3749,Applied,2023-12-08
3749,Screened,2023-12-09
3750,Applied,2023-09-09
3751,Applied,2025-02-06
3751,Screened,2025-02-06
3751,Interviewed,2025-03-01
3752,Applied,2024-02-27
3752,Screened,2024-03-01
3753,Applied,2024-04-11
3753,Screened,2024-04-11
3753,Interviewed,2024-04-12
3754,Applied,2024-07-27
3754,Screened,2024-07-27
3755,Applied,2024-08-31
3755,Screened,2024-09-01
3756,Applied,2023-07-30
3756,Screened,2023-08-01
3757,Applied,2023-08-19
3758,Applied,2023-04-19
3758,Screened,2023-04-21
3759,Applied,2024-09-16
3759,Screened,2024-09-16
3760,Applied,2023-11-05
3761,Applied,2023-05-28
3761,Screened,2023-06-01
3761,Interviewed,2023-06-15
3762,Applied,2025-05-22
3762,Screened,2025-05-22
3763,Applied,2024-12-31
3763,Screened,2025-01-15
3764,Applied,2024-10-21
3765,Applied,2024-06-28
3766,Applied,2025-05-26
3767,Applied,2024-06-25
3767,Screened,2024-06-29
3767,Interviewed,2024-07-16
3768,Applied,2023-11-19
3768,Screened,2023-11-30
3768,Interviewed,2024-01-07
3768,Offered,2024-01-11
3768,Hired,2024-01-15
3769,Applied,2025-05-30
3770,Applied,2025-08-21
3770,Screened,2025-09-02
3770,Interviewed,2025-09-11
3771,Applied,2024-11-18
3771,Screened,2024-11-21
3772,Applied,2025-08-10
3773,Applied,2023-03-16
3773,Screened,2023-03-19
3773,Interviewed,2023-04-06
3774,Applied,2023-02-01
3774,Screened,2023-02-05
3775,Applied,2025-02-20
3776,Applied,2024-06-03
3776,Screened,2024-06-13
3777,Applied,2024-10-18
3777,Screened,2024-10-19
3778,Applied,2024-04-12
3778,Screened,2024-04-24
3779,Applied,2025-09-12
3779,Screened,2025-09-14
3780,Applied,2025-09-19
3780,Screened,2025-09-21
3780,Interviewed,2025-10-16
3781,Applied,2024-07-06
3781,Screened,2024-07-07
3781,Interviewed,2024-07-20
3782,Applied,2023-04-12
3782,Screened,2023-04-17
3782,Interviewed,2023-05-03
3782,Offered,2023-05-05
3782,Hired,2023-05-12
3783,Applied,2025-12-19
3783,Screened,2025-12-19
3783,Interviewed,2025-12-21
3784,Applied,2023-08-13
3784,Screened,2023-08-16
3784,Interviewed,2023-08-19
3785,Applied,2023-08-26
3786,Applied,2025-06-14
3787,Applied,2023-02-04
3788,Applied,2023-08-18
3788,Screened,2023-08-20
3788,Interviewed,2023-09-16
3789,Applied,2024-09-20
3789,Screened,2024-09-20
3790,Applied,2025-04-08
3790,Screened,2025-04-16
3791,Applied,2025-07-29
3791,Screened,2025-08-06
3792,Applied,2023-03-27
3793,Applied,2023-01-31
3793,Screened,2023-02-03
3793,Interviewed,2023-02-22
3794,Applied,2023-08-13
3795,Applied,2025-04-11
3796,Applied,2025-03-22
3796,Screened,2025-03-23
3796,Interviewed,2025-04-05
3797,Applied,2025-05-14
3798,Applied,2024-03-29
3798,Screened,2024-04-06
3798,Interviewed,2024-04-17
3799,Applied,2025-10-17
3799,Screened,2025-10-17
3799,Interviewed,2025-10-27
3800,Applied,2024-07-30
3800,Screened,2024-08-03
3800,Interviewed,2024-08-14
3801,Applied,2024-11-03
3802,Applied,2023-12-05
3802,Screened,2023-12-07
3803,Applied,2025-11-13
3804,Applied,2023-10-28
3805,Applied,2025-06-10
3805,Screened,2025-06-21
3806,Applied,2024-10-19
3806,Screened,2024-10-25
3807,Applied,2024-11-08
3808,Applied,2026-01-01
3808,Screened,2026-01-03
3808,Interviewed,2026-01-10
3809,Applied,2025-08-24
3809,Screened,2025-08-28
3810,Applied,2024-07-08
3810,Screened,2024-07-19
3810,Interviewed,2024-08-22
3810,Offered,2024-09-06
3810,Hired,2024-09-07
3811,Applied,2025-09-03
3811,Screened,2025-09-06
3812,Applied,2025-09-30
3812,Screened,2025-10-08
3812,Interviewed,2025-11-07
3812,Offered,2025-12-04
3812,Hired,2025-12-10
3813,Applied,2024-10-07
3813,Screened,2024-10-24
3813,Interviewed,2024-10-26
3814,Applied,2025-08-26
3814,Screened,2025-09-09
3815,Applied,2025-01-12
3816,Applied,2025-01-16
3817,Applied,2025-09-09
3817,Screened,2025-10-06
3817,Interviewed,2025-11-12
3818,Applied,2023-07-01
3818,Screened,2023-07-03
3818,Interviewed,2023-07-10
3819,Applied,2025-07-25
3819,Screened,2025-07-26
3819,Interviewed,2025-08-14
3820,Applied,2025-02-11
3820,Screened,2025-02-25
3821,Applied,2025-12-17
3821,Screened,2025-12-17
3821,Interviewed,2025-12-18
3822,Applied,2025-06-09
3823,Applied,2025-01-10
3824,Applied,2025-12-29
3824,Screened,2025-12-30
3825,Applied,2024-04-17
3825,Screened,2024-04-23
3826,Applied,2023-12-13
3826,Screened,2023-12-19
3827,Applied,2025-12-07
3828,Applied,2025-07-09
3828,Screened,2025-07-10
3828,Interviewed,2025-07-20
3829,Applied,2025-07-26
3829,Screened,2025-08-03
3830,Applied,2025-04-13
3830,Screened,2025-05-02
3831,Applied,2024-12-11
3832,Applied,2025-05-25
3832,Screened,2025-05-26
3833,Applied,2024-08-26
3833,Screened,2024-09-08
3833,Interviewed,2024-09-09
3834,Applied,2025-11-12
3834,Screened,2025-11-17
3835,Applied,2026-01-01
3835,Screened,2026-01-01
3836,Applied,2025-03-20
3836,Screened,2025-03-26
3837,Applied,2024-12-18
3837,Screened,2024-12-25
3838,Applied,2023-11-13
3838,Screened,2023-11-15
3839,Applied,2025-03-22
3839,Screened,2025-03-29
3839,Interviewed,2025-04-10
3839,Offered,2025-04-14
3839,Hired,2025-04-16
3840,Applied,2025-07-13
3841,Applied,2024-04-04
3842,Applied,2025-08-23
3842,Screened,2025-09-13
3843,Applied,2024-08-23
3844,Applied,2025-01-17
3844,Screened,2025-01-17
3844,Interviewed,2025-01-18
3844,Offered,2025-01-22
3844,Hired,2025-01-26
3845,Applied,2025-02-26
3845,Screened,2025-03-09
3846,Applied,2025-09-03
3847,Applied,2026-01-01
3848,Applied,2024-06-22
3848,Screened,2024-06-23
3849,Applied,2025-08-28
3849,Screened,2025-08-30
3850,Applied,2025-09-14
3851,Applied,2025-04-25
3851,Screened,2025-04-29
3852,Applied,2024-09-23
3852,Screened,2024-09-26
3853,Applied,2024-08-15
3853,Screened,2024-08-20
3853,Interviewed,2024-08-24
3854,Applied,2023-06-01
3854,Screened,2023-06-10
3855,Applied,2025-11-25
3855,Screened,2025-11-27
3855,Interviewed,2025-12-01
3855,Offered,2025-12-10
3855,Hired,2025-12-17
3856,Applied,2023-06-26
3856,Screened,2023-06-28
3856,Interviewed,2023-07-17
3856,Offered,2023-07-18
3856,Hired,2023-07-26
3857,Applied,2024-10-21
3858,Applied,2024-01-24
3859,Applied,2025-01-27
3859,Screened,2025-01-27
3860,Applied,2024-10-15
3860,Screened,2024-10-25
3860,Interviewed,2024-10-30
3860,Offered,2024-10-31
3860,Hired,2024-11-04
3861,Applied,2024-05-25
3862,Applied,2025-04-03
3862,Screened,2025-04-04
3863,Applied,2025-10-25
3863,Screened,2025-10-30
3863,Interviewed,2025-11-03
3864,Applied,2023-11-16
3865,Applied,2025-10-19
3866,Applied,2024-09-19
3866,Screened,2024-09-19
3866,Interviewed,2024-09-19
3867,Applied,2024-04-21
3867,Screened,2024-04-22
3867,Interviewed,2024-05-04
3867,Offered,2024-05-18
3867,Hired,2024-05-20
3868,Applied,2025-03-18
3868,Screened,2025-03-30
3868,Interviewed,2025-03-30
3869,Applied,2025-03-06
3869,Screened,2025-03-12
3870,Applied,2023-10-30
3871,Applied,2024-01-05
3872,Applied,2023-12-07
3872,Screened,2023-12-08
3872,Interviewed,2023-12-22
3873,Applied,2025-11-10
3873,Screened,2025-11-15
3874,Applied,2024-04-30
3874,Screened,2024-05-05
3874,Interviewed,2024-06-09
3875,Applied,2025-04-09
3876,Applied,2023-10-23
3876,Screened,2023-11-06
3877,Applied,2025-07-03
3878,Applied,2025-10-07
3879,Applied,2023-02-15
3880,Applied,2025-11-23
3880,Screened,2025-11-24
3880,Interviewed,2025-11-28
3881,Applied,2025-12-15
3881,Screened,2025-12-27
3881,Interviewed,2026-01-10
3882,Applied,2025-07-25
3882,Screened,2025-07-26
3882,Interviewed,2025-07-31
3883,Applied,2024-05-28
3884,Applied,2024-03-14
3884,Screened,2024-03-15
3884,Interviewed,2024-03-29
3884,Offered,2024-03-29
3884,Hired,2024-03-29
3885,Applied,2023-06-08
3885,Screened,2023-06-22
3886,Applied,2025-07-17
3886,Screened,2025-07-21
3886,Interviewed,2025-08-03
3887,Applied,2025-12-04
3888,Applied,2024-07-29
3888,Screened,2024-07-29
3888,Interviewed,2024-08-08
3889,Applied,2023-11-04
3889,Screened,2023-11-17
3889,Interviewed,2023-11-24
3890,Applied,2025-12-04
3891,Applied,2025-06-24
3892,Applied,2025-08-21
3892,Screened,2025-09-23
3892,Interviewed,2025-09-23
3893,Applied,2024-07-17
3893,Screened,2024-07-31
3894,Applied,2025-11-28
3894,Screened,2025-11-30
3894,Interviewed,2026-01-05
3895,Applied,2023-02-27
3895,Screened,2023-03-08
3896,Applied,2024-11-26
3896,Screened,2024-11-27
3897,Applied,2025-06-16
3897,Screened,2025-06-25
3897,Interviewed,2025-06-29
3897,Offered,2025-07-04
3897,Hired,2025-07-15
3898,Applied,2025-02-12
3898,Screened,2025-02-12
3899,Applied,2023-02-15
3899,Screened,2023-02-23
3899,Interviewed,2023-03-17
3900,Applied,2024-12-02
3901,Applied,2023-12-03
3901,Screened,2023-12-07
3901,Interviewed,2023-12-09
3902,Applied,2023-01-11
3902,Screened,2023-01-13
3902,Interviewed,2023-01-22
3903,Applied,2024-04-25
3903,Screened,2024-04-25
3904,Applied,2025-06-04
3904,Screened,2025-06-12
3904,Interviewed,2025-06-15
3905,Applied,2025-08-02
3905,Screened,2025-08-08
3906,Applied,2025-02-24
3906,Screened,2025-02-26
3907,Applied,2023-03-02
3907,Screened,2023-03-02
3908,Applied,2024-01-19
3908,Screened,2024-02-04
3908,Interviewed,2024-02-06
3908,Offered,2024-03-02
3908,Hired,2024-03-04
3909,Applied,2024-08-15
3910,Applied,2023-06-25
3910,Screened,2023-06-28
3911,Applied,2024-02-19
3911,Screened,2024-03-16
3911,Interviewed,2024-03-23
3911,Offered,2024-03-29
3912,Applied,2023-02-08
3913,Applied,2025-02-27
3914,Applied,2024-08-31
3914,Screened,2024-09-03
3914,Interviewed,2024-09-24
3915,Applied,2025-06-03
3915,Screened,2025-06-04
3915,Interviewed,2025-06-09
3916,Applied,2025-05-31
3917,Applied,2024-11-10
3917,Screened,2024-11-14
3917,Interviewed,2024-11-19
3918,Applied,2025-11-14
3919,Applied,2025-02-20
3920,Applied,2024-01-01
3920,Screened,2024-01-06
3920,Interviewed,2024-01-06
3921,Applied,2025-06-07
3921,Screened,2025-06-15
3921,Interviewed,2025-06-21
3921,Offered,2025-06-30
3921,Hired,2025-06-30
3922,Applied,2024-04-30
3922,Screened,2024-05-04
3923,Applied,2025-04-21
3923,Screened,2025-04-22
3924,Applied,2024-07-31
3924,Screened,2024-08-08
3924,Interviewed,2024-08-12
3925,Applied,2024-07-04
3926,Applied,2025-01-04
3927,Applied,2025-08-08
3927,Screened,2025-08-12
3928,Applied,2023-10-14
3929,Applied,2024-07-16
3929,Screened,2024-07-18
3930,Applied,2025-03-09
3931,Applied,2024-04-07
3931,Screened,2024-04-16
3931,Interviewed,2024-04-26
3932,Applied,2024-06-16
3932,Screened,2024-06-18
3933,Applied,2025-04-03
3933,Screened,2025-04-16
3933,Interviewed,2025-04-17
3933,Offered,2025-04-17
3933,Hired,2025-04-18
3934,Applied,2025-03-19
3934,Screened,2025-03-26
3935,Applied,2024-08-21
3935,Screened,2024-09-12
3936,Applied,2025-02-14
3936,Screened,2025-02-15
3936,Interviewed,2025-02-19
3937,Applied,2025-03-19
3937,Screened,2025-03-21
3938,Applied,2025-10-29
3938,Screened,2025-10-30
3938,Interviewed,2025-11-04
3939,Applied,2023-06-09
3939,Screened,2023-06-09
3939,Interviewed,2023-06-17
3939,Offered,2023-06-21
3939,Hired,2023-06-30
3940,Applied,2025-11-11
3940,Screened,2025-11-16
3940,Interviewed,2025-12-07
3941,Applied,2023-08-05
3941,Screened,2023-08-05
3942,Applied,2024-02-02
3942,Screened,2024-02-05
3943,Applied,2024-06-16
3943,Screened,2024-06-19
3943,Interviewed,2024-06-20
3944,Applied,2024-10-31
3944,Screened,2024-10-31
3945,Applied,2023-02-20
3945,Screened,2023-02-26
3946,Applied,2025-11-13
3946,Screened,2025-11-22
3947,Applied,2024-08-18
3947,Screened,2024-08-18
3947,Interviewed,2024-09-01
3948,Applied,2024-02-20
3948,Screened,2024-02-20
3949,Applied,2025-10-31
3949,Screened,2025-11-05
3949,Interviewed,2025-11-22
3950,Applied,2024-10-09
3950,Screened,2024-10-15
3950,Interviewed,2024-10-22
3951,Applied,2025-03-29
3951,Screened,2025-04-02
3952,Applied,2025-10-25
3952,Screened,2025-10-29
3953,Applied,2024-06-21
3954,Applied,2023-02-18
3954,Screened,2023-02-22
3955,Applied,2023-11-26
3955,Screened,2023-11-29
3956,Applied,2025-08-30
3956,Screened,2025-09-01
3957,Applied,2023-09-02
3957,Screened,2023-09-03
3957,Interviewed,2023-09-20
3958,Applied,2025-01-12
3958,Screened,2025-01-14
3959,Applied,2023-10-30
3960,Applied,2025-07-07
3960,Screened,2025-09-04
3961,Applied,2023-08-26
3962,Applied,2024-10-26
3962,Screened,2024-11-13
3962,Interviewed,2024-11-15
3962,Offered,2024-12-06
3962,Hired,2024-12-14
3963,Applied,2025-09-13
3963,Screened,2025-09-28
3963,Interviewed,2025-10-04
3963,Offered,2025-10-04
3963,Hired,2025-11-04
3964,Applied,2024-05-31
3964,Screened,2024-06-01
3965,Applied,2024-10-28
3965,Screened,2024-11-02
3966,Applied,2025-02-22
3966,Screened,2025-02-24
3967,Applied,2025-06-18
3967,Screened,2025-06-25
3968,Applied,2024-12-11
3969,Applied,2023-04-25
3969,Screened,2023-05-07
3970,Applied,2023-11-02
3970,Screened,2023-11-21
3971,Applied,2025-05-01
3971,Screened,2025-05-06
3971,Interviewed,2025-06-24
3972,Applied,2024-08-30
3972,Screened,2024-09-02
3973,Applied,2023-10-18
3973,Screened,2023-10-22
3974,Applied,2024-03-14
3974,Screened,2024-03-20
3974,Interviewed,2024-04-04
3974,Offered,2024-04-05
3974,Hired,2024-04-24
3975,Applied,2024-05-13
3975,Screened,2024-05-22
3975,Interviewed,2024-06-17
3976,Applied,2025-10-31
3977,Applied,2025-03-25
3977,Screened,2025-04-02
3977,Interviewed,2025-04-15
3978,Applied,2025-10-23
3979,Applied,2025-07-31
3979,Screened,2025-08-07
3980,Applied,2025-07-13
3980,Screened,2025-07-27
3980,Interviewed,2025-08-01
3980,Offered,2025-08-03
3980,Hired,2025-08-05
3981,Applied,2024-08-20
3981,Screened,2024-08-25
3982,Applied,2024-03-14
3983,Applied,2025-08-09
3983,Screened,2025-08-12
3983,Interviewed,2025-08-13
3983,Offered,2025-08-24
3983,Hired,2025-09-07
3984,Applied,2025-06-30
3985,Applied,2023-05-11
3985,Screened,2023-05-11
3986,Applied,2023-04-25
3986,Screened,2023-04-30
3987,Applied,2025-02-13
3987,Screened,2025-02-24
3988,Applied,2024-09-14
3988,Screened,2024-09-21
3989,Applied,2025-06-10
3989,Screened,2025-06-12
3989,Interviewed,2025-06-28
3990,Applied,2023-06-19
3991,Applied,2024-08-15
3992,Applied,2023-07-21
3993,Applied,2023-08-17
3993,Screened,2023-08-18
3994,Applied,2025-12-12
3994,Screened,2025-12-12
3995,Applied,2025-06-22
3995,Screened,2025-07-02
3996,Applied,2024-04-19
3996,Screened,2024-04-22
3997,Applied,2024-08-12
3997,Screened,2024-08-16
3998,Applied,2024-05-27
3999,Applied,2025-03-05
3999,Screened,2025-03-11
4000,Applied,2024-10-31
4000,Screened,2024-11-09
4000,Interviewed,2024-12-11
4001,Applied,2023-03-12
4001,Screened,2023-03-18
4001,Interviewed,2023-06-16
4002,Applied,2025-04-18
4002,Screened,2025-04-18
4002,Interviewed,2025-04-29
4002,Offered,2025-05-06
4002,Hired,2025-05-06
4003,Applied,2025-11-15
4004,Applied,2023-08-12
4004,Screened,2023-08-13
4005,Applied,2025-08-27
4005,Screened,2025-09-01
4005,Interviewed,2025-09-27
4006,Applied,2025-09-29
4006,Screened,2025-10-06
4007,Applied,2024-10-31
4008,Applied,2024-11-28
4008,Screened,2024-12-02
4008,Interviewed,2024-12-27
4009,Applied,2025-04-02
4010,Applied,2024-01-23
4011,Applied,2025-03-10
4011,Screened,2025-03-11
4012,Applied,2024-08-30
4012,Screened,2024-09-03
4012,Interviewed,2024-09-10
4013,Applied,2025-05-11
4013,Screened,2025-05-11
4014,Applied,2025-07-13
4014,Screened,2025-07-14
4014,Interviewed,2025-07-24
4014,Offered,2025-07-29
4014,Hired,2025-08-01
4015,Applied,2025-01-26
4015,Screened,2025-01-26
4016,Applied,2024-06-20
4016,Screened,2024-06-20
4016,Interviewed,2024-06-24
4016,Offered,2024-07-13
4016,Hired,2024-07-13
4017,Applied,2025-12-31
4017,Screened,2026-01-04
4017,Interviewed,2026-01-07
4018,Applied,2023-04-30
4018,Screened,2023-05-06
4019,Applied,2025-05-18
4019,Screened,2025-05-27
4019,Interviewed,2025-06-14
4020,Applied,2023-04-12
4020,Screened,2023-04-13
4021,Applied,2023-04-11
4021,Screened,2023-04-14
4021,Interviewed,2023-04-22
4022,Applied,2023-08-21
4022,Screened,2023-08-21
4022,Interviewed,2023-09-03
4022,Offered,2023-09-16
4022,Hired,2023-09-19
4023,Applied,2024-08-20
4024,Applied,2025-05-31
4025,Applied,2024-06-20
4025,Screened,2024-06-23
4026,Applied,2025-11-23
4027,Applied,2025-01-06
4027,Screened,2025-01-12
4027,Interviewed,2025-01-28
4028,Applied,2025-09-29
4028,Screened,2025-10-05
4028,Interviewed,2025-10-05
4029,Applied,2025-07-02
4030,Applied,2025-12-15
4030,Screened,2026-01-09
4030,Interviewed,2026-01-16
4031,Applied,2024-06-07
4031,Screened,2024-06-15
4032,Applied,2025-05-28
4032,Screened,2025-06-01
4033,Applied,2025-09-22
4033,Screened,2025-09-23
4034,Applied,2025-08-07
4034,Screened,2025-08-11
4034,Interviewed,2025-08-17
4035,Applied,2024-05-31
4036,Applied,2025-07-25
4037,Applied,2024-10-26
4037,Screened,2024-10-27
4038,Applied,2025-08-24
4039,Applied,2025-12-13
4039,Screened,2025-12-16
4039,Interviewed,2025-12-17
4040,Applied,2024-09-21
4041,Applied,2023-05-02
4041,Screened,2023-05-03
4042,Applied,2025-01-14
4042,Screened,2025-01-17
4043,Applied,2025-05-13
4044,Applied,2025-05-26
4045,Applied,2023-02-01
4045,Screened,2023-02-03
4045,Interviewed,2023-02-05
4045,Offered,2023-02-11
4045,Hired,2023-02-18
4046,Applied,2025-11-08
4047,Applied,2023-11-23
4047,Screened,2023-11-29
4048,Applied,2024-09-22
4049,Applied,2024-04-02
4050,Applied,2025-09-14
4051,Applied,2023-03-11
4051,Screened,2023-03-25
4052,Applied,2025-11-07
4053,Applied,2023-04-29
4054,Applied,2023-07-01
4055,Applied,2025-11-04
4055,Screened,2025-11-05
4056,Applied,2025-08-26
4057,Applied,2024-11-10
4057,Screened,2024-12-13
4057,Interviewed,2024-12-15
4058,Applied,2025-08-16
4058,Screened,2025-08-20
4059,Applied,2024-12-30
4059,Screened,2025-01-03
4060,Applied,2025-08-20
4060,Screened,2025-08-25
4061,Applied,2023-09-25
4061,Screened,2023-09-28
4061,Interviewed,2023-10-17
4062,Applied,2025-06-12
4062,Screened,2025-06-15
4063,Applied,2025-10-21
4063,Screened,2025-10-23
4063,Interviewed,2025-12-05
4064,Applied,2024-02-09
4064,Screened,2024-03-04
4064,Interviewed,2024-03-28
4065,Applied,2025-12-28
4065,Screened,2026-01-30
4066,Applied,2025-08-16
4066,Screened,2025-08-26
4067,Applied,2023-06-02
4068,Applied,2025-11-29
4069,Applied,2025-10-21
4070,Applied,2023-09-24
4070,Screened,2023-09-30
4071,Applied,2023-12-01
4071,Screened,2023-12-10
4071,Interviewed,2023-12-14
4072,Applied,2023-05-27
4072,Screened,2023-06-02
4073,Applied,2025-09-11
4073,Screened,2025-09-29
4074,Applied,2025-02-19
4074,Screened,2025-02-21
4075,Applied,2024-08-23
4075,Screened,2024-08-25
4076,Applied,2025-08-23
4076,Screened,2025-08-24
4077,Applied,2023-12-29
4077,Screened,2024-01-02
4077,Interviewed,2024-01-22
4078,Applied,2025-09-01
4078,Screened,2025-09-01
4079,Applied,2023-09-29
4079,Screened,2023-10-01
4080,Applied,2025-04-09
4080,Screened,2025-04-09
4080,Interviewed,2025-04-13
4081,Applied,2023-11-01
4081,Screened,2023-11-06
4081,Interviewed,2023-11-16
4082,Applied,2024-08-15
4082,Screened,2024-08-16
4083,Applied,2024-02-09
4084,Applied,2023-06-07
4084,Screened,2023-06-29
4085,Applied,2023-06-25
4085,Screened,2023-07-05
4085,Interviewed,2023-08-09
4086,Applied,2023-12-16
4086,Screened,2023-12-16
4086,Interviewed,2023-12-21
4087,Applied,2025-10-05
4088,Applied,2025-08-15
4089,Applied,2023-09-03
4090,Applied,2025-11-01
4090,Screened,2025-11-10
4090,Interviewed,2025-11-13
4091,Applied,2023-10-11
4091,Screened,2023-10-18
4092,Applied,2023-02-16
4092,Screened,2023-02-19
4092,Interviewed,2023-02-20
4093,Applied,2023-08-09
4094,Applied,2024-08-31
4094,Screened,2024-08-31
4094,Interviewed,2024-09-11
4095,Applied,2024-10-29
4095,Screened,2024-11-02
4095,Interviewed,2024-11-09
4095,Offered,2024-11-22
4095,Hired,2024-12-06
4096,Applied,2025-07-24
4097,Applied,2025-12-12
4097,Screened,2025-12-14
4097,Interviewed,2026-01-01
4098,Applied,2024-02-02
4099,Applied,2025-01-02
4100,Applied,2025-11-02
4100,Screened,2025-11-03
4101,Applied,2023-11-27
4102,Applied,2025-09-02
4103,Applied,2024-10-11
4103,Screened,2024-10-20
4104,Applied,2025-04-09
4104,Screened,2025-04-21
4104,Interviewed,2025-05-01
4104,Offered,2025-05-09
4105,Applied,2024-06-24
4105,Screened,2024-07-14
4105,Interviewed,2024-07-26
4106,Applied,2025-03-07
4107,Applied,2023-12-06
4108,Applied,2024-08-18
4108,Screened,2024-08-25
4108,Interviewed,2024-09-27
4108,Offered,2024-10-04
4109,Applied,2025-12-16
4109,Screened,2025-12-18
4109,Interviewed,2026-01-24
4110,Applied,2024-12-01
4110,Screened,2024-12-07
4110,Interviewed,2024-12-07
4111,Applied,2025-05-03
4111,Screened,2025-05-05
4112,Applied,2023-01-13
4113,Applied,2025-06-09
4113,Screened,2025-06-09
4113,Interviewed,2025-06-16
4114,Applied,2024-10-29
4115,Applied,2023-08-23
4115,Screened,2023-08-23
4116,Applied,2025-10-02
4117,Applied,2025-11-01
4118,Applied,2025-04-28
4119,Applied,2025-10-19
4119,Screened,2025-10-24
4119,Interviewed,2025-11-09
4119,Offered,2025-11-09
4119,Hired,2025-11-10
4120,Applied,2024-07-17
4121,Applied,2024-01-27
4122,Applied,2025-07-09
4122,Screened,2025-07-24
4122,Interviewed,2025-07-28
4123,Applied,2023-06-14
4123,Screened,2023-06-18
4123,Interviewed,2023-06-19
4124,Applied,2024-07-23
4124,Screened,2024-07-29
4124,Interviewed,2024-08-09
4125,Applied,2025-07-15
4126,Applied,2025-08-16
4126,Screened,2025-08-16
4127,Applied,2025-05-26
4127,Screened,2025-06-02
4128,Applied,2025-05-18
4128,Screened,2025-05-21
4128,Interviewed,2025-05-25
4128,Offered,2025-05-29
4128,Hired,2025-06-07
4129,Applied,2025-10-03
4130,Applied,2025-01-13
4130,Screened,2025-01-24
4131,Applied,2025-10-14
4131,Screened,2025-10-21
4131,Interviewed,2025-10-27
4131,Offered,2025-11-14
4131,Hired,2025-11-14
4132,Applied,2025-03-03
4132,Screened,2025-03-05
4132,Interviewed,2025-03-24
4133,Applied,2024-07-23
4134,Applied,2023-05-18
4134,Screened,2023-05-21
4134,Interviewed,2023-05-21
4135,Applied,2023-04-24
4135,Screened,2023-04-24
4136,Applied,2025-12-16
4137,Applied,2025-06-18
4137,Screened,2025-07-04
4137,Interviewed,2025-07-06
4137,Offered,2025-07-15
4138,Applied,2023-08-18
4139,Applied,2026-01-01
4139,Screened,2026-01-10
4140,Applied,2025-03-21
4141,Applied,2025-09-29
4142,Applied,2024-06-17
4142,Screened,2024-06-18
4142,Interviewed,2024-06-20
4143,Applied,2024-03-01
4143,Screened,2024-03-14
4144,Applied,2025-10-15
4144,Screened,2025-10-22
4144,Interviewed,2025-11-01
4144,Offered,2025-11-02
4144,Hired,2025-11-06
4145,Applied,2025-05-21
4146,Applied,2026-01-01
4146,Screened,2026-01-08
4147,Applied,2024-08-20
4147,Screened,2024-08-28
4147,Interviewed,2024-09-01
4148,Applied,2024-09-06
4148,Screened,2024-10-14
4148,Interviewed,2024-10-23
4149,Applied,2025-03-23
4149,Screened,2025-04-01
4149,Interviewed,2025-04-08
4149,Offered,2025-04-30
4149,Hired,2025-05-04
4150,Applied,2026-01-01
4150,Screened,2026-01-03
4150,Interviewed,2026-01-07
4151,Applied,2025-11-09
4152,Applied,2024-02-06
4152,Screened,2024-02-21
4153,Applied,2024-08-08
4154,Applied,2025-01-23
4154,Screened,2025-01-25
4154,Interviewed,2025-02-02
4154,Offered,2025-02-02
4154,Hired,2025-02-04
4155,Applied,2025-11-14
4155,Screened,2025-11-14
4156,Applied,2024-06-14
4157,Applied,2025-12-14
4157,Screened,2025-12-26
4157,Interviewed,2026-03-02
4158,Applied,2024-02-19
4158,Screened,2024-02-21
4159,Applied,2024-03-02
4159,Screened,2024-03-04
4160,Applied,2025-12-11
4160,Screened,2025-12-11
4160,Interviewed,2025-12-22
4161,Applied,2025-06-01
4161,Screened,2025-06-04
4161,Interviewed,2025-07-04
4161,Offered,2025-07-09
4161,Hired,2025-07-13
4162,Applied,2023-10-20
4162,Screened,2023-10-31
4162,Interviewed,2023-10-31
4163,Applied,2024-10-31
4164,Applied,2023-10-07
4164,Screened,2023-10-24
4165,Applied,2024-08-02
4165,Screened,2024-08-10
4165,Interviewed,2024-08-27
4166,Applied,2024-01-29
4166,Screened,2024-02-09
4166,Interviewed,2024-02-17
4166,Offered,2024-02-18
4166,Hired,2024-02-18
4167,Applied,2025-09-01
4167,Screened,2025-09-10
4167,Interviewed,2025-10-19
4168,Applied,2023-06-15
4168,Screened,2023-06-19
4169,Applied,2023-04-20
4169,Screened,2023-04-23
4170,Applied,2024-07-20
4170,Screened,2024-07-23
4170,Interviewed,2024-07-30
4171,Applied,2023-01-15
4171,Screened,2023-01-17
4171,Interviewed,2023-02-04
4172,Applied,2025-03-24
4172,Screened,2025-03-25
4172,Interviewed,2025-04-07
4173,Applied,2025-08-13
4173,Screened,2025-08-29
4173,Interviewed,2025-08-29
4174,Applied,2025-08-05
4174,Screened,2025-08-11
4174,Interviewed,2025-08-28
4174,Offered,2025-09-01
4174,Hired,2025-09-08
4175,Applied,2025-11-04
4176,Applied,2025-06-26
4176,Screened,2025-06-26
4176,Interviewed,2025-07-08
4177,Applied,2025-10-17
4177,Screened,2025-10-18
4178,Applied,2025-08-22
4178,Screened,2025-09-01
4178,Interviewed,2025-09-08
4178,Offered,2025-09-08
4178,Hired,2025-09-08
4179,Applied,2023-11-06
4179,Screened,2023-11-10
4180,Applied,2025-12-20
4181,Applied,2023-03-11
4181,Screened,2023-03-28
4182,Applied,2023-04-18
4183,Applied,2025-03-16
4184,Applied,2024-04-02
4185,Applied,2024-09-19
4185,Screened,2024-09-27
4185,Interviewed,2024-09-30
4186,Applied,2023-08-12
4187,Applied,2023-08-29
4188,Applied,2024-06-20
4188,Screened,2024-06-26
4189,Applied,2023-09-07
4189,Screened,2023-09-10
4189,Interviewed,2023-09-10
4190,Applied,2023-12-31
4190,Screened,2024-01-13
4191,Applied,2024-05-20
4191,Screened,2024-06-05
4191,Interviewed,2024-06-28
4192,Applied,2023-02-27
4193,Applied,2024-01-13
4193,Screened,2024-01-13
4194,Applied,2024-10-13
4195,Applied,2023-03-05
4196,Applied,2025-05-15
4197,Applied,2025-08-19
4197,Screened,2025-09-12
4197,Interviewed,2025-09-16
4198,Applied,2024-03-16
4199,Applied,2024-03-06
4200,Applied,2026-01-01
4200,Screened,2026-01-05
4201,Applied,2023-01-13
4201,Screened,2023-01-13
4201,Interviewed,2023-01-14
4202,Applied,2024-01-10
4202,Screened,2024-01-15
4202,Interviewed,2024-02-03
4203,Applied,2025-12-19
4203,Screened,2026-01-03
4204,Applied,2025-09-18
4204,Screened,2025-09-19
4204,Interviewed,2025-09-22
4204,Offered,2025-10-04
4205,Applied,2023-09-20
4205,Screened,2023-09-22
4205,Interviewed,2023-10-25
4206,Applied,2025-01-12
4207,Applied,2025-04-24
4208,Applied,2025-05-16
4208,Screened,2025-05-19
4208,Interviewed,2025-05-29
4209,Applied,2025-07-12
4210,Applied,2024-12-16
4210,Screened,2024-12-25
4211,Applied,2023-11-25
4211,Screened,2023-11-30
4212,Applied,2025-01-24
4213,Applied,2024-06-11
4214,Applied,2023-12-02
4214,Screened,2023-12-04
4215,Applied,2025-10-27
4215,Screened,2025-10-27
4215,Interviewed,2025-12-21
4216,Applied,2024-08-03
4216,Screened,2024-08-05
4216,Interviewed,2024-08-13
4217,Applied,2023-08-21
4217,Screened,2023-08-24
4217,Interviewed,2023-09-20
4218,Applied,2024-03-23
4218,Screened,2024-03-25
4218,Interviewed,2024-04-11
4218,Offered,2024-04-19
4218,Hired,2024-04-20
4219,Applied,2023-11-17
4219,Screened,2023-11-28
4220,Applied,2023-10-08
4220,Screened,2023-10-13
4220,Interviewed,2023-10-22
4221,Applied,2025-07-02
4221,Screened,2025-07-03
4221,Interviewed,2025-08-02
4222,Applied,2025-01-20
4222,Screened,2025-01-26
4223,Applied,2024-01-27
4223,Screened,2024-01-28
4224,Applied,2025-02-02
4224,Screened,2025-02-18
4225,Applied,2025-04-30
4225,Screened,2025-05-09
4225,Interviewed,2025-06-05
4225,Offered,2025-06-08
4226,Applied,2025-11-13
4227,Applied,2025-03-22
4228,Applied,2025-03-29
4228,Screened,2025-03-29
4228,Interviewed,2025-04-07
4229,Applied,2025-10-06
4229,Screened,2025-10-11
4230,Applied,2024-07-08
4230,Screened,2024-07-20
4231,Applied,2023-06-05
4231,Screened,2023-06-07
4232,Applied,2025-10-28
4233,Applied,2025-10-05
4233,Screened,2025-10-17
4233,Interviewed,2025-10-26
4233,Offered,2025-10-26
4233,Hired,2025-10-26
4234,Applied,2024-09-16
4234,Screened,2024-09-21
4235,Applied,2025-07-31
4235,Screened,2025-07-31
4236,Applied,2024-06-09
4236,Screened,2024-06-12
4237,Applied,2023-09-17
4238,Applied,2024-11-15
4238,Screened,2024-12-01
4238,Interviewed,2024-12-18
4238,Offered,2024-12-25
4238,Hired,2024-12-31
4239,Applied,2024-03-15
4240,Applied,2025-06-01
4241,Applied,2025-03-31
4241,Screened,2025-04-03
4242,Applied,2024-04-22
4243,Applied,2023-08-31
4243,Screened,2023-09-02
4243,Interviewed,2023-10-13
4243,Offered,2023-10-21
4243,Hired,2023-11-07
4244,Applied,2024-08-18
4244,Screened,2024-08-22
4245,Applied,2025-06-12
4245,Screened,2025-06-20
4245,Interviewed,2025-07-17
4246,Applied,2025-05-27
4246,Screened,2025-06-06
4247,Applied,2025-04-15
4247,Screened,2025-04-17
4248,Applied,2025-11-06
4248,Screened,2025-11-06
4249,Applied,2025-05-04
4250,Applied,2025-05-12
4251,Applied,2025-02-25
4251,Screened,2025-02-26
4251,Interviewed,2025-03-29
4251,Offered,2025-03-31
4252,Applied,2025-06-28
4252,Screened,2025-07-15
4252,Interviewed,2025-07-25
4252,Offered,2025-07-29
4252,Hired,2025-07-31
4253,Applied,2025-08-04
4254,Applied,2025-07-09
4254,Screened,2025-07-10
4254,Interviewed,2025-09-09
4255,Applied,2025-11-26
4255,Screened,2025-12-06
4256,Applied,2023-08-22
4256,Screened,2023-08-26
4257,Applied,2025-02-11
4257,Screened,2025-02-22
4257,Interviewed,2025-03-09
4258,Applied,2024-04-17
4258,Screened,2024-04-24
4258,Interviewed,2024-04-24
4259,Applied,2023-09-21
4260,Applied,2024-04-02
4260,Screened,2024-04-05
4261,Applied,2024-11-26
4261,Screened,2024-11-30
4262,Applied,2025-02-04
4263,Applied,2024-05-28
4263,Screened,2024-06-03
4263,Interviewed,2024-06-13
4264,Applied,2024-09-12
4264,Screened,2024-10-06
4264,Interviewed,2024-10-10
4265,Applied,2025-01-05
4266,Applied,2024-04-07
4266,Screened,2024-04-22
4266,Interviewed,2024-04-23
4266,Offered,2024-05-07
4266,Hired,2024-05-07
4267,Applied,2023-11-12
4267,Screened,2023-11-15
4267,Interviewed,2024-01-02
4267,Offered,2024-01-09
4267,Hired,2024-01-14
4268,Applied,2024-08-09
4269,Applied,2025-08-26
4270,Applied,2024-10-18
4270,Screened,2024-10-19
4271,Applied,2023-10-24
4272,Applied,2023-10-21
4272,Screened,2023-11-11
4272,Interviewed,2023-12-15
4272,Offered,2023-12-18
4272,Hired,2023-12-23
4273,Applied,2023-04-28
4273,Screened,2023-04-28
4274,Applied,2023-10-05
4274,Screened,2023-10-09
4274,Interviewed,2023-12-25
4275,Applied,2025-08-17
4275,Screened,2025-08-27
4276,Applied,2023-06-24
4277,Applied,2023-08-24
4278,Applied,2025-12-23
4278,Screened,2026-01-11
4279,Applied,2024-08-08
4279,Screened,2024-08-13
4280,Applied,2023-06-09
4280,Screened,2023-06-12
4281,Applied,2025-03-19
4281,Screened,2025-03-26
4282,Applied,2023-10-27
4282,Screened,2023-10-28
4282,Interviewed,2023-11-10
4283,Applied,2024-11-20
4284,Applied,2025-10-05
4284,Screened,2025-10-11
4284,Interviewed,2025-10-14
4285,Applied,2025-10-26
4285,Screened,2025-11-04
4286,Applied,2023-10-18
4286,Screened,2023-11-02
4287,Applied,2024-08-28
4287,Screened,2024-08-28
4287,Interviewed,2024-09-28
4288,Applied,2024-09-23
4289,Applied,2025-01-22
4289,Screened,2025-01-29
4289,Interviewed,2025-02-24
4289,Offered,2025-02-27
4289,Hired,2025-02-27
4290,Applied,2025-03-10
4290,Screened,2025-03-15
4290,Interviewed,2025-04-25
4291,Applied,2023-10-15
4291,Screened,2023-10-29
4292,Applied,2025-12-20
4292,Screened,2025-12-25
4292,Interviewed,2025-12-28
4292,Offered,2025-12-30
4292,Hired,2025-12-30
4293,Applied,2025-10-20
4294,Applied,2025-11-30
4294,Screened,2025-12-12
4295,Applied,2025-09-08
4296,Applied,2025-06-18
4296,Screened,2025-06-19
4296,Interviewed,2025-06-29
4296,Offered,2025-07-13
4296,Hired,2025-07-18
4297,Applied,2024-07-12
4298,Applied,2023-01-25
4298,Screened,2023-02-05
4299,Applied,2024-06-16
4299,Screened,2024-06-22
4300,Applied,2025-12-12
4300,Screened,2025-12-29
4301,Applied,2026-01-01
4301,Screened,2026-01-14
4301,Interviewed,2026-01-14
4302,Applied,2023-05-17
4302,Screened,2023-05-20
4303,Applied,2025-09-17
4303,Screened,2025-09-27
4303,Interviewed,2025-10-08
4304,Applied,2024-12-25
4304,Screened,2025-01-18
4304,Interviewed,2025-04-17
4305,Applied,2025-05-27
4305,Screened,2025-06-03
4306,Applied,2025-01-07
4307,Applied,2024-09-20
4308,Applied,2025-11-19
4308,Screened,2025-11-21
4308,Interviewed,2025-12-22
4309,Applied,2023-05-01
4309,Screened,2023-05-01
4310,Applied,2023-07-07
4310,Screened,2023-07-09
4310,Interviewed,2023-08-21
4311,Applied,2025-03-04
4311,Screened,2025-03-08
4312,Applied,2024-11-16
4313,Applied,2023-09-13
4313,Screened,2023-10-06
4314,Applied,2025-04-09
4314,Screened,2025-04-15
4315,Applied,2024-01-03
4315,Screened,2024-01-09
4315,Interviewed,2024-01-28
4316,Applied,2025-11-29
4316,Screened,2025-12-06
4316,Interviewed,2025-12-12
4316,Offered,2025-12-13
4316,Hired,2025-12-19
4317,Applied,2025-03-05
4317,Screened,2025-03-07
4317,Interviewed,2025-04-12
4318,Applied,2025-09-06
4318,Screened,2025-09-12
4318,Interviewed,2025-09-26
4319,Applied,2024-11-19
4319,Screened,2024-11-19
4319,Interviewed,2024-12-14
4320,Applied,2024-02-15
4320,Screened,2024-02-15
4321,Applied,2025-05-06
4321,Screened,2025-05-10
4321,Interviewed,2025-05-31
4321,Offered,2025-06-07
4321,Hired,2025-06-08
4322,Applied,2026-01-01
4322,Screened,2026-01-06
4322,Interviewed,2026-01-11
4322,Offered,2026-01-17
4323,Applied,2024-12-28
4323,Screened,2025-01-11
4324,Applied,2024-06-01
4324,Screened,2024-06-07
4325,Applied,2025-05-18
4326,Applied,2023-11-13
4326,Screened,2023-11-13
4326,Interviewed,2023-11-16
4326,Offered,2023-11-19
4326,Hired,2023-11-22
4327,Applied,2023-09-21
4328,Applied,2024-06-09
4328,Screened,2024-06-11
4328,Interviewed,2024-06-18
4329,Applied,2025-03-02
4330,Applied,2023-03-24
4331,Applied,2023-03-29
4332,Applied,2025-01-19
4332,Screened,2025-02-01
4333,Applied,2024-10-17
4333,Screened,2024-10-17
4333,Interviewed,2024-10-21
4334,Applied,2025-04-07
4334,Screened,2025-04-15
4334,Interviewed,2025-04-19
4335,Applied,2023-10-26
4335,Screened,2023-11-03
4335,Interviewed,2023-11-07
4336,Applied,2025-08-22
4336,Screened,2025-08-23
4337,Applied,2024-06-08
4337,Screened,2024-06-08
4337,Interviewed,2024-06-09
4338,Applied,2024-11-03
4339,Applied,2025-09-05
4340,Applied,2025-02-09
4340,Screened,2025-02-13
4340,Interviewed,2025-02-14
4341,Applied,2023-08-16
4341,Screened,2023-08-16
4342,Applied,2023-09-23
4342,Screened,2023-09-29
4342,Interviewed,2023-10-01
4343,Applied,2023-12-08
4343,Screened,2023-12-28
4343,Interviewed,2023-12-29
4343,Offered,2023-12-29
4343,Hired,2023-12-30
4344,Applied,2024-08-11
4344,Screened,2024-08-13
4345,Applied,2023-12-19
4345,Screened,2023-12-24
4345,Interviewed,2024-01-15
4346,Applied,2024-02-08
4347,Applied,2024-07-04
4347,Screened,2024-07-06
4347,Interviewed,2024-07-16
4347,Offered,2024-07-25
4348,Applied,2025-04-06
4349,Applied,2025-05-15
4350,Applied,2024-08-13
4350,Screened,2024-08-18
4350,Interviewed,2024-08-25
4350,Offered,2024-09-02
4350,Hired,2024-09-08
4351,Applied,2025-11-21
4351,Screened,2025-11-27
4351,Interviewed,2025-12-15
4351,Offered,2025-12-17
4352,Applied,2023-03-15
4352,Screened,2023-03-15
4353,Applied,2023-05-03
4353,Screened,2023-05-18
4354,Applied,2023-01-02
4355,Applied,2025-03-18
4356,Applied,2025-11-12
4357,Applied,2024-04-15
4358,Applied,2025-03-18
4358,Screened,2025-03-21
4359,Applied,2024-05-13
4360,Applied,2023-01-21
4361,Applied,2023-11-04
4361,Screened,2023-11-04
4362,Applied,2025-10-11
4362,Screened,2025-10-16
4363,Applied,2025-08-18
4363,Screened,2025-08-30
4363,Interviewed,2025-09-21
4363,Offered,2025-09-30
4363,Hired,2025-10-02
4364,Applied,2025-11-08
4364,Screened,2025-11-21
4364,Interviewed,2025-11-25
4364,Offered,2025-12-08
4364,Hired,2025-12-10
4365,Applied,2024-10-24
4365,Screened,2024-11-13
4366,Applied,2023-12-17
4366,Screened,2023-12-23
4366,Interviewed,2023-12-31
4366,Offered,2023-12-31
4366,Hired,2023-12-31
4367,Applied,2023-04-02
4367,Screened,2023-04-04
4368,Applied,2025-03-10
4369,Applied,2024-03-01
4369,Screened,2024-03-25
4370,Applied,2024-09-14
4370,Screened,2024-10-02
4370,Interviewed,2024-10-08
4371,Applied,2025-11-22
4372,Applied,2025-05-26
4372,Screened,2025-06-13
4372,Interviewed,2025-07-13
4373,Applied,2024-02-14
4373,Screened,2024-02-14
4373,Interviewed,2024-02-16
4374,Applied,2024-09-21
4374,Screened,2024-09-21
4375,Applied,2025-09-13
4375,Screened,2025-09-20
4376,Applied,2025-07-16
4376,Screened,2025-07-24
4377,Applied,2023-02-27
4377,Screened,2023-03-14
4378,Applied,2024-05-15
4378,Screened,2024-05-20
4378,Interviewed,2024-05-31
4379,Applied,2023-02-24
4379,Screened,2023-03-09
4380,Applied,2025-04-29
4380,Screened,2025-04-29
4381,Applied,2023-01-22
4381,Screened,2023-01-25
4382,Applied,2024-12-13
4382,Screened,2024-12-18
4383,Applied,2023-04-09
4383,Screened,2023-04-16
4384,Applied,2024-10-05
4384,Screened,2024-10-14
4385,Applied,2023-04-29
4385,Screened,2023-04-29
4386,Applied,2025-05-27
4386,Screened,2025-05-29
4387,Applied,2024-04-27
4387,Screened,2024-04-29
4388,Applied,2025-07-26
4389,Applied,2024-04-07
4389,Screened,2024-04-28
4390,Applied,2025-02-14
4391,Applied,2023-07-05
4391,Screened,2023-07-12
4391,Interviewed,2023-07-21
4392,Applied,2025-06-24
4393,Applied,2025-10-08
4393,Screened,2025-10-18
4394,Applied,2024-03-06
4395,Applied,2025-07-31
4395,Screened,2025-08-02
4396,Applied,2025-05-06
4396,Screened,2025-05-09
4396,Interviewed,2025-05-28
4396,Offered,2025-05-30
4396,Hired,2025-05-30
4397,Applied,2025-09-28
4398,Applied,2025-11-28
4398,Screened,2025-11-28
4398,Interviewed,2025-12-01
4399,Applied,2024-06-26
4399,Screened,2024-06-26
4400,Applied,2024-09-16
4401,Applied,2024-06-25
4401,Screened,2024-07-01
4401,Interviewed,2024-07-26
4402,Applied,2024-05-11
4402,Screened,2024-05-13
4402,Interviewed,2024-05-13
4402,Offered,2024-05-14
4403,Applied,2025-07-09
4403,Screened,2025-07-09
4404,Applied,2023-06-20
4405,Applied,2023-01-24
4406,Applied,2024-05-12
4407,Applied,2025-05-08
4408,Applied,2025-10-06
4409,Applied,2024-05-13
4409,Screened,2024-05-13
4410,Applied,2024-10-20
4411,Applied,2025-04-18
4411,Screened,2025-04-20
4412,Applied,2023-12-24
4412,Screened,2024-01-10
4413,Applied,2025-05-23
4413,Screened,2025-05-25
4414,Applied,2024-06-29
4414,Screened,2024-07-13
4415,Applied,2025-08-27
4416,Applied,2025-07-04
4416,Screened,2025-07-13
4417,Applied,2025-08-08
4417,Screened,2025-08-08
4418,Applied,2024-09-10
4418,Screened,2024-09-10
4418,Interviewed,2024-09-11
4419,Applied,2025-08-12
4420,Applied,2025-08-27
4420,Screened,2025-09-02
4421,Applied,2023-04-05
4421,Screened,2023-04-20
4422,Applied,2024-09-09
4422,Screened,2024-09-16
4423,Applied,2025-12-29
4423,Screened,2025-12-31
4423,Interviewed,2026-01-05
4424,Applied,2024-05-09
4425,Applied,2023-01-06
4425,Screened,2023-01-15
4426,Applied,2025-08-27
4427,Applied,2025-10-11
4427,Screened,2025-10-14
4427,Interviewed,2025-10-18
4428,Applied,2024-11-30
4429,Applied,2024-01-15
4430,Applied,2025-09-06
4431,Applied,2024-11-29
4432,Applied,2024-03-30
4432,Screened,2024-04-07
4433,Applied,2024-05-29
4433,Screened,2024-06-07
4434,Applied,2025-06-04
4435,Applied,2023-03-29
4435,Screened,2023-04-05
4435,Interviewed,2023-06-02
4435,Offered,2023-06-11
4435,Hired,2023-06-21
4436,Applied,2025-07-03
4436,Screened,2025-07-06
4436,Interviewed,2025-07-06
4437,Applied,2023-12-02
4437,Screened,2023-12-25
4437,Interviewed,2024-01-07
4437,Offered,2024-01-08
4437,Hired,2024-01-11
4438,Applied,2024-12-06
4438,Screened,2024-12-08
4439,Applied,2024-11-05
4439,Screened,2024-11-08
4439,Interviewed,2024-12-01
4440,Applied,2024-11-07
4441,Applied,2025-10-06
4441,Screened,2025-10-14
4442,Applied,2025-02-10
4442,Screened,2025-02-19
4443,Applied,2024-09-28
4443,Screened,2024-09-29
4444,Applied,2024-09-17
4444,Screened,2024-09-24
4444,Interviewed,2024-10-07
4444,Offered,2024-10-09
4444,Hired,2024-10-22
4445,Applied,2025-04-17
4445,Screened,2025-04-23
4445,Interviewed,2025-05-10
4446,Applied,2023-03-27
4447,Applied,2024-09-28
4447,Screened,2024-10-01
4448,Applied,2025-02-28
4448,Screened,2025-03-09
4448,Interviewed,2025-04-03
4448,Offered,2025-04-05
4448,Hired,2025-04-11
4449,Applied,2023-08-18
4449,Screened,2023-09-20
4450,Applied,2023-09-04
4450,Screened,2023-09-05
4451,Applied,2025-02-10
4452,Applied,2024-09-30
4452,Screened,2024-10-01
4452,Interviewed,2024-10-06
4453,Applied,2024-07-02
4453,Screened,2024-07-08
4454,Applied,2024-10-31
4454,Screened,2024-10-31
4454,Interviewed,2024-11-10
4455,Applied,2025-08-05
4455,Screened,2025-08-10
4455,Interviewed,2025-08-19
4455,Offered,2025-08-19
4455,Hired,2025-08-20
4456,Applied,2023-01-21
4456,Screened,2023-01-23
4457,Applied,2025-05-15
4457,Screened,2025-05-21
4458,Applied,2024-05-21
4459,Applied,2023-01-24
4459,Screened,2023-02-02
4459,Interviewed,2023-02-04
4460,Applied,2025-09-04
4460,Screened,2025-09-16
4461,Applied,2025-04-19
4461,Screened,2025-05-02
4462,Applied,2025-01-13
4462,Screened,2025-01-21
4463,Applied,2025-03-01
4463,Screened,2025-03-02
4463,Interviewed,2025-03-18
4463,Offered,2025-03-18
4464,Applied,2026-01-01
4465,Applied,2025-02-08
4465,Screened,2025-02-26
4465,Interviewed,2025-03-27
4466,Applied,2023-07-29
4467,Applied,2025-01-01
4467,Screened,2025-01-01
4467,Interviewed,2025-01-04
4468,Applied,2024-09-28
4468,Screened,2024-09-28
4469,Applied,2024-06-24
4469,Screened,2024-07-12
4469,Interviewed,2024-07-21
4469,Offered,2024-07-21
4469,Hired,2024-07-21
4470,Applied,2025-09-26
4471,Applied,2024-12-09
4472,Applied,2024-01-24
4472,Screened,2024-02-15
4472,Interviewed,2024-02-17
4473,Applied,2025-01-13
4474,Applied,2025-12-06
4475,Applied,2024-10-23
4476,Applied,2025-11-04
4476,Screened,2025-11-08
4476,Interviewed,2025-11-10
4476,Offered,2025-11-14
4476,Hired,2025-11-15
4477,Applied,2024-06-14
4477,Screened,2024-06-22
4477,Interviewed,2024-07-08
4478,Applied,2025-04-04
4479,Applied,2024-05-25
4479,Screened,2024-06-24
4479,Interviewed,2024-06-27
4480,Applied,2024-06-19
4481,Applied,2024-03-15
4482,Applied,2025-02-14
4482,Screened,2025-02-15
4483,Applied,2024-08-29
4483,Screened,2024-09-15
4483,Interviewed,2024-09-23
4484,Applied,2024-06-08
4484,Screened,2024-06-12
4484,Interviewed,2024-07-16
4484,Offered,2024-07-23
4484,Hired,2024-07-30
4485,Applied,2025-05-10
4485,Screened,2025-05-15
4485,Interviewed,2025-05-17
4485,Offered,2025-05-19
4485,Hired,2025-05-27
4486,Applied,2023-03-19
4487,Applied,2023-08-14
4487,Screened,2023-08-26
4488,Applied,2025-07-23
4488,Screened,2025-07-24
4488,Interviewed,2025-09-21
4489,Applied,2024-11-19
4490,Applied,2024-07-07
4490,Screened,2024-07-13
4490,Interviewed,2024-07-16
4491,Applied,2024-03-23
4491,Screened,2024-03-28
4491,Interviewed,2024-04-09
4492,Applied,2024-09-26
4493,Applied,2024-04-16
4494,Applied,2023-08-08
4494,Screened,2023-08-08
4495,Applied,2024-11-09
4495,Screened,2024-11-09
4495,Interviewed,2024-11-15
4496,Applied,2025-05-21
4496,Screened,2025-05-23
4497,Applied,2025-03-16
4497,Screened,2025-03-24
4497,Interviewed,2025-04-24
4498,Applied,2025-10-24
4498,Screened,2025-11-03
4499,Applied,2024-01-14
4499,Screened,2024-01-29
4499,Interviewed,2024-03-23
4500,Applied,2024-06-24
4500,Screened,2024-06-24
4500,Interviewed,2024-08-16
4500,Offered,2024-09-08
4500,Hired,2024-09-15
4501,Applied,2024-01-18
4501,Screened,2024-01-18
4502,Applied,2025-12-18
4503,Applied,2023-07-02
4503,Screened,2023-07-18
4504,Applied,2023-09-17
4504,Screened,2023-09-17
4505,Applied,2024-11-21
4505,Screened,2024-12-06
4505,Interviewed,2024-12-07
4506,Applied,2023-08-02
4507,Applied,2023-09-09
4507,Screened,2023-09-09
4507,Interviewed,2023-09-19
4508,Applied,2025-11-04
4509,Applied,2024-10-21
4509,Screened,2024-10-26
4510,Applied,2025-07-04
4510,Screened,2025-07-08
4510,Interviewed,2025-08-04
4511,Applied,2023-11-25
4511,Screened,2023-12-02
4512,Applied,2025-02-01
4512,Screened,2025-02-01
4512,Interviewed,2025-02-06
4512,Offered,2025-02-14
4512,Hired,2025-02-19
4513,Applied,2023-03-13
4514,Applied,2023-11-26
4515,Applied,2025-10-15
4516,Applied,2025-04-16
4516,Screened,2025-04-17
4516,Interviewed,2025-04-22
4517,Applied,2025-01-27
4518,Applied,2025-12-31
4518,Screened,2026-01-02
4519,Applied,2024-12-23
4519,Screened,2025-01-08
4519,Interviewed,2025-01-11
4520,Applied,2025-01-28
4521,Applied,2023-02-21
4521,Screened,2023-02-22
4521,Interviewed,2023-02-22
4522,Applied,2024-07-31
4522,Screened,2024-08-01
4522,Interviewed,2024-08-09
4522,Offered,2024-08-18
4522,Hired,2024-08-24
4523,Applied,2025-11-20
4523,Screened,2025-11-20
4523,Interviewed,2025-12-16
4523,Offered,2025-12-16
4524,Applied,2024-05-14
4524,Screened,2024-05-24
4524,Interviewed,2024-05-31
4524,Offered,2024-06-04
4524,Hired,2024-06-23
4525,Applied,2025-12-20
4525,Screened,2025-12-20
4525,Interviewed,2025-12-25
4526,Applied,2024-04-29
4526,Screened,2024-05-06
4526,Interviewed,2024-06-25
4527,Applied,2025-08-06
4528,Applied,2025-07-06
4528,Screened,2025-07-17
4528,Interviewed,2025-07-18
4528,Offered,2025-07-18
4528,Hired,2025-08-01
4529,Applied,2024-10-18
4529,Screened,2024-10-22
4529,Interviewed,2024-11-09
4530,Applied,2024-11-27
4530,Screened,2024-11-27
4530,Interviewed,2024-12-04
4531,Applied,2024-02-18
4531,Screened,2024-02-18
4531,Interviewed,2024-02-18
4532,Applied,2023-02-22
4532,Screened,2023-03-01
4532,Interviewed,2023-03-26
4532,Offered,2023-03-26
4532,Hired,2023-03-27
4533,Applied,2024-01-14
4533,Screened,2024-01-20
4534,Applied,2024-02-06
4535,Applied,2025-10-25
4536,Applied,2025-08-16
4537,Applied,2025-12-01
4538,Applied,2023-04-17
4538,Screened,2023-04-21
4538,Interviewed,2023-04-21
4538,Offered,2023-04-30
4538,Hired,2023-05-01
4539,Applied,2023-10-13
4539,Screened,2023-10-14
4539,Interviewed,2023-10-19
4540,Applied,2024-10-15
4540,Screened,2024-10-26
4540,Interviewed,2024-11-23
4541,Applied,2025-07-23
4541,Screened,2025-07-24
4542,Applied,2025-12-16
4542,Screened,2025-12-26
4542,Interviewed,2025-12-30
4543,Applied,2024-11-09
4543,Screened,2024-11-15
4544,Applied,2024-04-28
4544,Screened,2024-05-06
4544,Interviewed,2024-05-12
4545,Applied,2023-10-24
4545,Screened,2023-10-27
4545,Interviewed,2023-11-10
4546,Applied,2025-02-08
4546,Screened,2025-02-09
4547,Applied,2025-11-04
4547,Screened,2025-11-04
4547,Interviewed,2025-11-10
4548,Applied,2025-12-31
4549,Applied,2024-03-17
4549,Screened,2024-03-17
4549,Interviewed,2024-03-30
4549,Offered,2024-04-05
4549,Hired,2024-04-12
4550,Applied,2025-12-30
4551,Applied,2025-01-16
4551,Screened,2025-01-17
4552,Applied,2025-05-01
4552,Screened,2025-05-05
4552,Interviewed,2025-05-15
4553,Applied,2025-07-23
4553,Screened,2025-07-28
4553,Interviewed,2025-08-13
4554,Applied,2024-03-03
4555,Applied,2025-08-18
4555,Screened,2025-08-23
4556,Applied,2024-12-24
4556,Screened,2025-01-09
4556,Interviewed,2025-01-19
4557,Applied,2023-01-31
4558,Applied,2025-03-22
4559,Applied,2023-03-02
4560,Applied,2026-01-01
4561,Applied,2025-08-14
4562,Applied,2025-03-24
4562,Screened,2025-04-06
4563,Applied,2025-10-10
4563,Screened,2025-11-12
4564,Applied,2023-10-12
4564,Screened,2023-10-15
4564,Interviewed,2023-10-16
4564,Offered,2023-10-18
4564,Hired,2023-10-18
4565,Applied,2023-08-11
4566,Applied,2024-03-05
4567,Applied,2025-12-16
4567,Screened,2026-01-04
4567,Interviewed,2026-01-09
4567,Offered,2026-01-12
4568,Applied,2025-03-05
4568,Screened,2025-03-08
4569,Applied,2025-07-27
4569,Screened,2025-07-30
4570,Applied,2025-09-26
4570,Screened,2025-09-26
4570,Interviewed,2025-10-10
4571,Applied,2024-10-08
4571,Screened,2024-10-26
4571,Interviewed,2024-10-30
4571,Offered,2024-11-03
4572,Applied,2025-09-26
4573,Applied,2026-01-01
4573,Screened,2026-01-06
4574,Applied,2023-11-30
4575,Applied,2025-01-17
4576,Applied,2024-01-19
4576,Screened,2024-01-22
4576,Interviewed,2024-02-05
4576,Offered,2024-02-23
4576,Hired,2024-03-07
4577,Applied,2024-11-06
4578,Applied,2024-02-26
4579,Applied,2025-12-16
4580,Applied,2024-04-10
4580,Screened,2024-04-10
4581,Applied,2025-11-30
4581,Screened,2025-12-23
4582,Applied,2025-05-03
4582,Screened,2025-05-07
4582,Interviewed,2025-05-23
4582,Offered,2025-05-29
4582,Hired,2025-06-06
4583,Applied,2025-08-31
4583,Screened,2025-09-13
4583,Interviewed,2025-11-17
4584,Applied,2024-09-03
4584,Screened,2024-09-04
4585,Applied,2025-08-21
4585,Screened,2025-09-26
4585,Interviewed,2025-10-06
4585,Offered,2025-10-10
4586,Applied,2024-12-10
4587,Applied,2025-03-11
4587,Screened,2025-03-12
4587,Interviewed,2025-03-27
4588,Applied,2025-11-05
4589,Applied,2023-09-28
4589,Screened,2023-10-15
4590,Applied,2023-06-19
4590,Screened,2023-06-19
4591,Applied,2025-06-12
4591,Screened,2025-06-15
4591,Interviewed,2025-07-15
4592,Applied,2024-02-28
4592,Screened,2024-03-06
4593,Applied,2024-08-29
4593,Screened,2024-08-30
4593,Interviewed,2024-09-25
4593,Offered,2024-10-02
4593,Hired,2024-10-03
4594,Applied,2025-09-03
4594,Screened,2025-09-18
4595,Applied,2026-01-01
4596,Applied,2025-09-14
4597,Applied,2025-08-01
4597,Screened,2025-08-05
4598,Applied,2025-12-21
4599,Applied,2024-07-20
4599,Screened,2024-07-20
4599,Interviewed,2024-07-28
4600,Applied,2025-10-12
4600,Screened,2025-10-14
4600,Interviewed,2025-10-22
4601,Applied,2024-08-14
4601,Screened,2024-08-16
4602,Applied,2024-12-31
4602,Screened,2025-01-12
4603,Applied,2023-01-17
4603,Screened,2023-01-18
4604,Applied,2025-01-15
4604,Screened,2025-01-29
4604,Interviewed,2025-03-15
4604,Offered,2025-04-03
4605,Applied,2023-10-14
4605,Screened,2023-10-24
4605,Interviewed,2023-11-18
4606,Applied,2024-12-17
4606,Screened,2024-12-18
4606,Interviewed,2025-01-30
4607,Applied,2023-09-30
4608,Applied,2025-04-26
4608,Screened,2025-04-30
4609,Applied,2024-08-21
4610,Applied,2025-07-17
4610,Screened,2025-07-17
4610,Interviewed,2025-07-29
4611,Applied,2023-12-16
4611,Screened,2023-12-16
4611,Interviewed,2023-12-27
4612,Applied,2023-12-29
4612,Screened,2023-12-30
4613,Applied,2026-01-01
4613,Screened,2026-01-01
4614,Applied,2024-11-26
4615,Applied,2025-08-15
4616,Applied,2025-01-26
4616,Screened,2025-01-28
4616,Interviewed,2025-02-03
4616,Offered,2025-02-16
4617,Applied,2024-09-13
4617,Screened,2024-09-20
4617,Interviewed,2024-09-30
4618,Applied,2025-04-21
4618,Screened,2025-04-29
4619,Applied,2024-07-28
4620,Applied,2025-06-11
4620,Screened,2025-06-16
4621,Applied,2024-04-23
4621,Screened,2024-05-01
4622,Applied,2024-01-04
4623,Applied,2024-09-24
4623,Screened,2024-09-24
4623,Interviewed,2024-11-06
4624,Applied,2025-03-22
4625,Applied,2025-11-07
4626,Applied,2024-07-06
4626,Screened,2024-07-11
4627,Applied,2024-08-20
4628,Applied,2025-12-31
4628,Screened,2025-12-31
4628,Interviewed,2026-01-28
4629,Applied,2023-09-02
4629,Screened,2023-09-07
4630,Applied,2024-10-24
4630,Screened,2024-11-13
4631,Applied,2025-02-09
4631,Screened,2025-02-17
4632,Applied,2025-03-02
4632,Screened,2025-03-04
4632,Interviewed,2025-03-05
4633,Applied,2025-11-24
4634,Applied,2024-10-22
4634,Screened,2024-10-27
4634,Interviewed,2024-10-27
4634,Offered,2024-10-27
4634,Hired,2024-10-28
4635,Applied,2025-08-26
4635,Screened,2025-09-01
4636,Applied,2024-02-11
4637,Applied,2025-09-08
4638,Applied,2025-11-01
4639,Applied,2024-10-02
4639,Screened,2024-10-05
4640,Applied,2025-12-25
4640,Screened,2025-12-26
4641,Applied,2025-09-16
4642,Applied,2023-11-19
4642,Screened,2023-11-22
4642,Interviewed,2023-11-24
4642,Offered,2023-11-28
4643,Applied,2025-01-09
4644,Applied,2023-02-25
4644,Screened,2023-03-13
4645,Applied,2025-11-01
4646,Applied,2025-10-02
4646,Screened,2025-10-08
4646,Interviewed,2025-11-01
4647,Applied,2023-05-07
4648,Applied,2024-08-31
4648,Screened,2024-10-28
4649,Applied,2023-02-22
4649,Screened,2023-02-22
4650,Applied,2023-12-24
4650,Screened,2023-12-31
4651,Applied,2025-02-13
4651,Screened,2025-02-24
4652,Applied,2025-01-06
4653,Applied,2025-05-21
4653,Screened,2025-05-21
4654,Applied,2024-09-15
4654,Screened,2024-09-16
4655,Applied,2025-09-30
4655,Screened,2025-10-01
4655,Interviewed,2025-10-02
4655,Offered,2025-10-07
4656,Applied,2025-07-08
4656,Screened,2025-07-11
4656,Interviewed,2025-07-18
4657,Applied,2024-11-21
4657,Screened,2024-11-30
4658,Applied,2025-06-09
4658,Screened,2025-06-14
4659,Applied,2025-10-10
4659,Screened,2025-10-11
4660,Applied,2023-11-19
4660,Screened,2023-11-25
4660,Interviewed,2023-11-30
4660,Offered,2023-12-15
4660,Hired,2023-12-17
4661,Applied,2024-03-04
4661,Screened,2024-03-06
4662,Applied,2025-07-09
4662,Screened,2025-07-13
4663,Applied,2025-03-10
4663,Screened,2025-03-28
4664,Applied,2024-03-13
4664,Screened,2024-03-17
4665,Applied,2024-11-15
4665,Screened,2024-11-24
4665,Interviewed,2024-12-18
4666,Applied,2025-11-15
4667,Applied,2025-06-09
4667,Screened,2025-06-17
4668,Applied,2024-11-03
4668,Screened,2024-11-03
4668,Interviewed,2024-11-11
4669,Applied,2023-02-13
4669,Screened,2023-02-15
4670,Applied,2024-01-02
4670,Screened,2024-01-17
4670,Interviewed,2024-02-21
4670,Offered,2024-03-07
4670,Hired,2024-03-11
4671,Applied,2024-01-29
4671,Screened,2024-02-11
4672,Applied,2025-06-17
4672,Screened,2025-06-18
4672,Interviewed,2025-06-22
4672,Offered,2025-06-22
4672,Hired,2025-06-22
4673,Applied,2024-04-08
4674,Applied,2025-11-23
4674,Screened,2025-11-30
4674,Interviewed,2025-12-02
4674,Offered,2025-12-05
4674,Hired,2025-12-05
4675,Applied,2023-10-12
4675,Screened,2023-10-16
4675,Interviewed,2023-10-18
4676,Applied,2023-12-17
4676,Screened,2023-12-21
4676,Interviewed,2024-01-01
4676,Offered,2024-01-05
4676,Hired,2024-01-11
4677,Applied,2025-08-29
4677,Screened,2025-09-01
4678,Applied,2024-09-08
4678,Screened,2024-09-08
4678,Interviewed,2024-09-24
4679,Applied,2025-03-04
4679,Screened,2025-03-17
4680,Applied,2023-06-27
4680,Screened,2023-06-27
4681,Applied,2024-03-19
4682,Applied,2023-03-28
4683,Applied,2025-10-05
4684,Applied,2025-12-31
4684,Screened,2025-12-31
4685,Applied,2025-10-21
4685,Screened,2025-11-02
4685,Interviewed,2025-11-12
4685,Offered,2025-11-23
4685,Hired,2025-11-24
4686,Applied,2024-01-18
4686,Screened,2024-01-24
4686,Interviewed,2024-02-01
4687,Applied,2024-11-17
4687,Screened,2024-11-17
4688,Applied,2023-07-21
4688,Screened,2023-07-23
4688,Interviewed,2023-08-09
4689,Applied,2025-03-02
4690,Applied,2023-08-08
4691,Applied,2023-11-24
4691,Screened,2023-12-06
4692,Applied,2024-12-29
4692,Screened,2025-01-04
4692,Interviewed,2025-01-11
4693,Applied,2024-09-21
4693,Screened,2024-09-25
4694,Applied,2025-05-03
4695,Applied,2024-01-30
4695,Screened,2024-02-04
4695,Interviewed,2024-02-11
4696,Applied,2025-12-25
4696,Screened,2025-12-30
4697,Applied,2024-02-07
4697,Screened,2024-02-07
4698,Applied,2025-04-20
4698,Screened,2025-04-20
4698,Interviewed,2025-05-07
4699,Applied,2025-04-11
4699,Screened,2025-04-14
4699,Interviewed,2025-05-04
4699,Offered,2025-05-17
4700,Applied,2025-07-06
4700,Screened,2025-08-05
4701,Applied,2023-04-11
4702,Applied,2025-08-08
4702,Screened,2025-08-08
4702,Interviewed,2025-08-27
4702,Offered,2025-09-30
4703,Applied,2023-08-12
4703,Screened,2023-08-18
4703,Interviewed,2023-08-21
4704,Applied,2025-10-02
4705,Applied,2024-11-21
4705,Screened,2024-11-22
4705,Interviewed,2024-12-03
4706,Applied,2023-05-22
4706,Screened,2023-05-22
4707,Applied,2025-12-04
4708,Applied,2025-06-21
4708,Screened,2025-06-21
4709,Applied,2025-12-19
4710,Applied,2025-04-22
4710,Screened,2025-05-01
4710,Interviewed,2025-06-16
4711,Applied,2023-09-22
4711,Screened,2023-10-03
4711,Interviewed,2023-11-01
4712,Applied,2023-08-12
4712,Screened,2023-08-14
4712,Interviewed,2023-09-26
4713,Applied,2024-12-16
4714,Applied,2025-08-02
4714,Screened,2025-08-08
4714,Interviewed,2025-08-10
4715,Applied,2024-10-18
4716,Applied,2025-09-10
4716,Screened,2025-09-27
4716,Interviewed,2025-09-27
4716,Offered,2025-09-27
4716,Hired,2025-10-01
4717,Applied,2024-12-03
4717,Screened,2024-12-04
4717,Interviewed,2024-12-09
4718,Applied,2025-07-26
4718,Screened,2025-08-06
4719,Applied,2023-02-03
4719,Screened,2023-02-07
4719,Interviewed,2023-02-19
4720,Applied,2025-11-29
4720,Screened,2025-12-03
4721,Applied,2025-02-12
4721,Screened,2025-02-18
4722,Applied,2024-11-21
4722,Screened,2024-11-21
4722,Interviewed,2024-11-21
4723,Applied,2023-07-24
4724,Applied,2025-11-01
4724,Screened,2025-11-02
4725,Applied,2025-09-06
4725,Screened,2025-09-06
4725,Interviewed,2025-09-08
4726,Applied,2023-12-31
4726,Screened,2024-01-28
4727,Applied,2025-01-12
4727,Screened,2025-01-12
4728,Applied,2023-04-30
4728,Screened,2023-05-18
4728,Interviewed,2023-05-26
4728,Offered,2023-05-29
4728,Hired,2023-06-16
4729,Applied,2023-07-27
4730,Applied,2025-09-27
4730,Screened,2025-09-29
4730,Interviewed,2025-10-13
4731,Applied,2025-08-17
4732,Applied,2025-10-10
4732,Screened,2025-10-12
4733,Applied,2025-01-11
4733,Screened,2025-01-18
4734,Applied,2025-05-20
4734,Screened,2025-05-24
4735,Applied,2024-01-26
4735,Screened,2024-01-28
4736,Applied,2025-05-02
4736,Screened,2025-05-03
4736,Interviewed,2025-05-03
4737,Applied,2023-03-29
4737,Screened,2023-04-07
4738,Applied,2025-02-26
4738,Screened,2025-03-03
4739,Applied,2025-09-30
4739,Screened,2025-10-13
4739,Interviewed,2025-10-19
4740,Applied,2023-07-27
4740,Screened,2023-08-01
4740,Interviewed,2023-08-05
4741,Applied,2025-04-24
4741,Screened,2025-04-25
4741,Interviewed,2025-05-01
4741,Offered,2025-05-04
4741,Hired,2025-05-04
4742,Applied,2025-02-27
4742,Screened,2025-03-16
4743,Applied,2025-04-01
4743,Screened,2025-04-01
4743,Interviewed,2025-05-03
4744,Applied,2025-01-05
4744,Screened,2025-01-27
4744,Interviewed,2025-02-01
4745,Applied,2023-08-25
4746,Applied,2024-09-15
4746,Screened,2024-09-15
4747,Applied,2023-06-04
4747,Screened,2023-06-04
4748,Applied,2025-05-15
4748,Screened,2025-05-15
4748,Interviewed,2025-05-17
4749,Applied,2025-09-14
4749,Screened,2025-09-16
4750,Applied,2024-08-23
4750,Screened,2024-09-01
4751,Applied,2025-09-06
4751,Screened,2025-10-01
4752,Applied,2024-05-30
4752,Screened,2024-06-07
4753,Applied,2025-08-17
4754,Applied,2023-10-01
4754,Screened,2023-10-03
4754,Interviewed,2023-10-09
4755,Applied,2025-03-11
4755,Screened,2025-03-13
4755,Interviewed,2025-03-22
4756,Applied,2025-09-30
4756,Screened,2025-10-07
4756,Interviewed,2025-10-25
4757,Applied,2024-08-21
4757,Screened,2024-08-22
4757,Interviewed,2024-10-29
4757,Offered,2024-10-30
4757,Hired,2024-11-01
4758,Applied,2024-11-29
4759,Applied,2023-04-06
4759,Screened,2023-04-12
4759,Interviewed,2023-04-19
4760,Applied,2025-10-09
4760,Screened,2025-10-09
4760,Interviewed,2025-11-11
4761,Applied,2023-09-20
4761,Screened,2023-09-23
4762,Applied,2023-12-25
4763,Applied,2025-06-27
4763,Screened,2025-07-16
4764,Applied,2026-01-01
4764,Screened,2026-01-01
4764,Interviewed,2026-01-15
4765,Applied,2025-03-09
4766,Applied,2024-09-04
4766,Screened,2024-09-04
4766,Interviewed,2024-09-22
4766,Offered,2024-10-04
4766,Hired,2024-10-06
4767,Applied,2024-09-05
4767,Screened,2024-10-06
4767,Interviewed,2024-10-16
4767,Offered,2024-10-20
4767,Hired,2024-10-21
4768,Applied,2025-12-03
4768,Screened,2025-12-21
4768,Interviewed,2025-12-28
4769,Applied,2023-12-14
4769,Screened,2023-12-15
4770,Applied,2025-04-16
4770,Screened,2025-04-20
4770,Interviewed,2025-04-25
4770,Offered,2025-04-26
4770,Hired,2025-04-28
4771,Applied,2025-05-06
4771,Screened,2025-05-11
4771,Interviewed,2025-05-14
4771,Offered,2025-05-17
4771,Hired,2025-05-26
4772,Applied,2024-04-28
4772,Screened,2024-04-28
4773,Applied,2024-07-11
4773,Screened,2024-07-29
4774,Applied,2025-02-10
4775,Applied,2025-09-22
4775,Screened,2025-09-22
4776,Applied,2025-05-31
4777,Applied,2025-09-03
4777,Screened,2025-09-11
4778,Applied,2025-04-26
4778,Screened,2025-05-04
4778,Interviewed,2025-05-04
4779,Applied,2023-10-25
4779,Screened,2023-10-25
4780,Applied,2023-04-20
4781,Applied,2024-07-08
4782,Applied,2024-07-10
4782,Screened,2024-07-10
4782,Interviewed,2024-07-17
4783,Applied,2024-08-08
4783,Screened,2024-08-17
4784,Applied,2024-04-03
4785,Applied,2024-09-01
4785,Screened,2024-09-07
4786,Applied,2026-01-01
4786,Screened,2026-01-03
4786,Interviewed,2026-01-26
4787,Applied,2024-08-25
4787,Screened,2024-08-27
4788,Applied,2023-07-30
4788,Screened,2023-08-08
4789,Applied,2024-04-01
4789,Screened,2024-04-02
4789,Interviewed,2024-04-12
4789,Offered,2024-04-12
4789,Hired,2024-04-14
4790,Applied,2023-10-30
4791,Applied,2024-10-04
4791,Screened,2024-10-10
4791,Interviewed,2024-10-14
4792,Applied,2024-10-26
4792,Screened,2024-10-30
4792,Interviewed,2024-10-30
4793,Applied,2025-05-23
4793,Screened,2025-05-23
4794,Applied,2023-10-05
4794,Screened,2023-10-17
4795,Applied,2025-02-17
4795,Screened,2025-02-25
4795,Interviewed,2025-04-05
4795,Offered,2025-04-05
4795,Hired,2025-04-07
4796,Applied,2024-04-12
4796,Screened,2024-04-12
4797,Applied,2024-03-27
4797,Screened,2024-04-18
4797,Interviewed,2024-05-04
4798,Applied,2023-03-09
4798,Screened,2023-03-20
4799,Applied,2025-02-21
4799,Screened,2025-03-05
4799,Interviewed,2025-04-04
4799,Offered,2025-04-04
4799,Hired,2025-04-05
4800,Applied,2024-11-09
4800,Screened,2024-11-10
4800,Interviewed,2024-11-27
4801,Applied,2024-08-09
4801,Screened,2024-08-13
4802,Applied,2025-05-01
4802,Screened,2025-05-08
4802,Interviewed,2025-05-22
4803,Applied,2024-11-19
4804,Applied,2025-09-16
4804,Screened,2025-09-23
4804,Interviewed,2025-10-03
4805,Applied,2024-06-17
4805,Screened,2024-06-26
4806,Applied,2023-11-11
4807,Applied,2024-05-05
4808,Applied,2025-12-18
4808,Screened,2025-12-31
4809,Applied,2025-04-29
4809,Screened,2025-05-08
4810,Applied,2023-02-06
4810,Screened,2023-02-07
4810,Interviewed,2023-02-14
4811,Applied,2025-03-28
4811,Screened,2025-04-07
4811,Interviewed,2025-04-07
4812,Applied,2023-04-05
4813,Applied,2023-02-22
4813,Screened,2023-03-19
4813,Interviewed,2023-04-05
4814,Applied,2025-12-21
4815,Applied,2026-01-01
4816,Applied,2024-01-19
4816,Screened,2024-02-08
4816,Interviewed,2024-02-21
4817,Applied,2024-11-16
4817,Screened,2024-11-17
4818,Applied,2024-06-29
4818,Screened,2024-06-29
4818,Interviewed,2024-07-09
4818,Offered,2024-07-13
4819,Applied,2025-09-14
4819,Screened,2025-09-28
4819,Interviewed,2025-09-28
4820,Applied,2024-09-08
4821,Applied,2024-06-04
4822,Applied,2025-05-05
4823,Applied,2024-02-05
4824,Applied,2025-05-19
4825,Applied,2025-05-12
4826,Applied,2025-10-16
4826,Screened,2025-10-18
4826,Interviewed,2025-12-14
4826,Offered,2025-12-16
4826,Hired,2025-12-18
4827,Applied,2025-10-12
4828,Applied,2023-03-12
4828,Screened,2023-03-13
4829,Applied,2025-11-16
4829,Screened,2025-11-30
4830,Applied,2024-04-17
4831,Applied,2024-03-26
4831,Screened,2024-04-01
4831,Interviewed,2024-04-20
4832,Applied,2024-06-22
4832,Screened,2024-07-03
4832,Interviewed,2024-07-12
4833,Applied,2025-07-26
4834,Applied,2025-04-05
4835,Applied,2025-09-11
4835,Screened,2025-09-13
4835,Interviewed,2025-09-18
4836,Applied,2025-11-26
4837,Applied,2023-10-30
4837,Screened,2023-11-19
4838,Applied,2025-01-08
4838,Screened,2025-01-14
4838,Interviewed,2025-01-16
4839,Applied,2024-05-11
4839,Screened,2024-05-16
4840,Applied,2023-08-03
4840,Screened,2023-08-14
4841,Applied,2024-05-20
4841,Screened,2024-05-20
4841,Interviewed,2024-05-20
4842,Applied,2024-09-15
4842,Screened,2024-09-17
4843,Applied,2025-11-16
4843,Screened,2025-11-16
4843,Interviewed,2025-11-17
4843,Offered,2025-11-17
4843,Hired,2025-11-22
4844,Applied,2023-10-23
4845,Applied,2025-07-12
4845,Screened,2025-07-12
4845,Interviewed,2025-07-18
4845,Offered,2025-07-27
4845,Hired,2025-07-28
4846,Applied,2024-11-07
4847,Applied,2024-10-24
4847,Screened,2024-10-29
4847,Interviewed,2024-11-08
4848,Applied,2025-01-30
4849,Applied,2024-01-17
4849,Screened,2024-02-22
4850,Applied,2025-01-11
4850,Screened,2025-01-17
4851,Applied,2025-07-01
4851,Screened,2025-07-04
4851,Interviewed,2025-07-14
4852,Applied,2024-09-06
4852,Screened,2024-09-07
4852,Interviewed,2024-09-18
4853,Applied,2025-09-03
4853,Screened,2025-09-18
4854,Applied,2025-05-24
4854,Screened,2025-05-27
4855,Applied,2024-09-07
4856,Applied,2023-03-05
4856,Screened,2023-03-18
4857,Applied,2025-11-24
4857,Screened,2025-12-12
4857,Interviewed,2025-12-22
4857,Offered,2026-01-28
4857,Hired,2026-02-01
4858,Applied,2025-08-11
4858,Screened,2025-08-19
4859,Applied,2025-01-28
4860,Applied,2024-05-10
4861,Applied,2025-09-03
4861,Screened,2025-09-11
4861,Interviewed,2025-10-02
4862,Applied,2025-06-10
4862,Screened,2025-06-17
4862,Interviewed,2025-07-19
4863,Applied,2025-05-13
4863,Screened,2025-05-18
4864,Applied,2024-09-16
4864,Screened,2024-09-16
4864,Interviewed,2024-09-19
4865,Applied,2024-09-17
4866,Applied,2025-03-03
4866,Screened,2025-03-12
4867,Applied,2025-08-11
4867,Screened,2025-08-11
4868,Applied,2024-03-29
4868,Screened,2024-04-02
4868,Interviewed,2024-04-22
4869,Applied,2025-03-30
4870,Applied,2025-11-01
4870,Screened,2025-11-04
4870,Interviewed,2025-11-10
4871,Applied,2023-12-01
4871,Screened,2023-12-13
4872,Applied,2023-03-10
4873,Applied,2025-07-28
4874,Applied,2023-06-23
4874,Screened,2023-06-24
4875,Applied,2025-11-06
4876,Applied,2023-07-21
4876,Screened,2023-07-23
4877,Applied,2025-04-04
4877,Screened,2025-04-12
4877,Interviewed,2025-04-21
4877,Offered,2025-04-24
4877,Hired,2025-04-26
4878,Applied,2023-11-22
4879,Applied,2025-05-15
4879,Screened,2025-05-16
4880,Applied,2025-08-22
4880,Screened,2025-08-27
4881,Applied,2025-07-19
4881,Screened,2025-08-07
4882,Applied,2024-01-15
4882,Screened,2024-01-16
4882,Interviewed,2024-02-29
4883,Applied,2025-02-02
4883,Screened,2025-02-13
4883,Interviewed,2025-02-22
4884,Applied,2024-05-23
4884,Screened,2024-05-24
4885,Applied,2025-05-19
4885,Screened,2025-05-22
4885,Interviewed,2025-06-05
4886,Applied,2025-07-06
4886,Screened,2025-07-07
4887,Applied,2025-12-17
4887,Screened,2025-12-21
4887,Interviewed,2025-12-30
4888,Applied,2023-07-08
4889,Applied,2023-05-04
4889,Screened,2023-05-14
4890,Applied,2025-12-14
4890,Screened,2025-12-16
4890,Interviewed,2026-01-06
4891,Applied,2024-01-09
4891,Screened,2024-01-15
4892,Applied,2024-03-04
4892,Screened,2024-03-05
4893,Applied,2025-06-16
4893,Screened,2025-06-22
4894,Applied,2024-04-03
4895,Applied,2025-11-20
4896,Applied,2025-08-29
4897,Applied,2024-09-15
4897,Screened,2024-09-15
4898,Applied,2025-07-30
4899,Applied,2023-01-30
4899,Screened,2023-02-05
4899,Interviewed,2023-02-21
4899,Offered,2023-03-05
4899,Hired,2023-03-12
4900,Applied,2024-01-04
4900,Screened,2024-01-08
4901,Applied,2024-12-08
4902,Applied,2025-10-04
4902,Screened,2025-10-06
4903,Applied,2024-02-08
4904,Applied,2025-02-01
4905,Applied,2024-02-19
4905,Screened,2024-02-28
4905,Interviewed,2024-04-06
4906,Applied,2025-01-15
4907,Applied,2025-02-25
4907,Screened,2025-03-05
4908,Applied,2025-12-22
4909,Applied,2024-03-23
4910,Applied,2024-08-31
4911,Applied,2023-09-17
4911,Screened,2023-10-07
4911,Interviewed,2023-11-03
4912,Applied,2025-02-27
4912,Screened,2025-02-27
4913,Applied,2023-07-11
4913,Screened,2023-07-13
4914,Applied,2025-02-24
4915,Applied,2023-07-13
4915,Screened,2023-07-15
4915,Interviewed,2023-08-05
4916,Applied,2024-10-03
4916,Screened,2024-10-04
4916,Interviewed,2024-10-05
4916,Offered,2024-10-07
4916,Hired,2024-10-08
4917,Applied,2025-05-21
4917,Screened,2025-06-14
4918,Applied,2023-09-02
4919,Applied,2024-05-31
4920,Applied,2025-04-28
4920,Screened,2025-05-05
4921,Applied,2024-07-15
4921,Screened,2024-07-15
4922,Applied,2023-03-18
4922,Screened,2023-03-29
4923,Applied,2023-09-01
4923,Screened,2023-09-02
4923,Interviewed,2023-09-15
4923,Offered,2023-09-16
4924,Applied,2023-09-26
4924,Screened,2023-10-02
4924,Interviewed,2023-10-12
4925,Applied,2024-12-12
4926,Applied,2023-07-14
4927,Applied,2024-10-15
4927,Screened,2024-10-27
4928,Applied,2025-05-20
4929,Applied,2025-11-06
4929,Screened,2025-11-15
4930,Applied,2025-07-13
4930,Screened,2025-07-15
4931,Applied,2024-12-18
4931,Screened,2024-12-26
4932,Applied,2025-01-16
4933,Applied,2024-06-03
4934,Applied,2024-05-06
4934,Screened,2024-05-09
4935,Applied,2023-05-14
4935,Screened,2023-05-24
4935,Interviewed,2023-05-25
4936,Applied,2025-08-04
4936,Screened,2025-08-22
4937,Applied,2024-12-08
4938,Applied,2025-12-29
4938,Screened,2025-12-31
4939,Applied,2025-09-26
4939,Screened,2025-10-01
4939,Interviewed,2025-10-03
4940,Applied,2025-03-23
4941,Applied,2025-02-21
4942,Applied,2025-06-09
4942,Screened,2025-06-16
4942,Interviewed,2025-06-17
4943,Applied,2025-10-24
4944,Applied,2023-07-28
4944,Screened,2023-07-31
4945,Applied,2023-06-27
4946,Applied,2023-04-22
4946,Screened,2023-04-24
4946,Interviewed,2023-05-26
4946,Offered,2023-05-29
4946,Hired,2023-05-30
4947,Applied,2025-01-29
4947,Screened,2025-01-29
4948,Applied,2025-05-16
4948,Screened,2025-05-26
4949,Applied,2023-02-02
4949,Screened,2023-02-07
4949,Interviewed,2023-02-11
4949,Offered,2023-02-13
4949,Hired,2023-02-14
4950,Applied,2023-11-18
4950,Screened,2023-11-26
4950,Interviewed,2023-11-29
4951,Applied,2024-11-04
4951,Screened,2024-11-14
4951,Interviewed,2024-11-15
4951,Offered,2024-11-18
4951,Hired,2024-11-19
4952,Applied,2025-12-28
4952,Screened,2026-01-13
4953,Applied,2025-12-18
4953,Screened,2025-12-21
4953,Interviewed,2025-12-30
4954,Applied,2023-05-16
4954,Screened,2023-05-23
4955,Applied,2024-06-23
4956,Applied,2024-09-10
4956,Screened,2024-09-13
4957,Applied,2023-11-23
4957,Screened,2023-11-24
4958,Applied,2025-07-31
4959,Applied,2024-09-18
4959,Screened,2024-09-25
4959,Interviewed,2024-10-09
4960,Applied,2023-11-09
4961,Applied,2025-10-30
4961,Screened,2025-10-30
4962,Applied,2023-01-18
4962,Screened,2023-02-15
4963,Applied,2024-07-08
4964,Applied,2023-11-11
4964,Screened,2023-11-21
4964,Interviewed,2023-12-02
4964,Offered,2023-12-06
4964,Hired,2023-12-08
4965,Applied,2024-01-31
4966,Applied,2024-04-23
4967,Applied,2023-09-21
4967,Screened,2023-09-28
4968,Applied,2024-01-26
4968,Screened,2024-02-17
4969,Applied,2024-06-20
4969,Screened,2024-06-21
4969,Interviewed,2024-07-04
4970,Applied,2025-11-12
4970,Screened,2025-11-20
4971,Applied,2025-03-13
4972,Applied,2023-10-24
4973,Applied,2023-08-26
4973,Screened,2023-09-10
4973,Interviewed,2023-09-13
4974,Applied,2024-08-17
4974,Screened,2024-08-19
4974,Interviewed,2024-08-31
4974,Offered,2024-09-15
4975,Applied,2024-08-30
4975,Screened,2024-09-01
4976,Applied,2025-12-18
4976,Screened,2025-12-21
4976,Interviewed,2025-12-21
4976,Offered,2025-12-26
4977,Applied,2025-10-09
4977,Screened,2025-10-09
4977,Interviewed,2025-10-14
4978,Applied,2025-12-24
4978,Screened,2026-01-02
4978,Interviewed,2026-03-22
4978,Offered,2026-03-26
4978,Hired,2026-04-02
4979,Applied,2024-09-09
4980,Applied,2023-02-03
4980,Screened,2023-02-10
4980,Interviewed,2023-02-15
4980,Offered,2023-02-19
4980,Hired,2023-02-27
4981,Applied,2024-03-12
4981,Screened,2024-03-13
4982,Applied,2023-06-23
4983,Applied,2024-02-06
4984,Applied,2024-02-25
4984,Screened,2024-03-10
4984,Interviewed,2024-03-11
4984,Offered,2024-03-11
4984,Hired,2024-03-19
4985,Applied,2024-10-29
4985,Screened,2024-11-02
4985,Interviewed,2024-11-07
4986,Applied,2025-03-25
4987,Applied,2025-11-16
4987,Screened,2025-11-16
4988,Applied,2024-09-17
4988,Screened,2024-09-20
4989,Applied,2025-03-17
4989,Screened,2025-03-19
4990,Applied,2024-05-13
4991,Applied,2025-09-01
4992,Applied,2025-04-21
4993,Applied,2023-05-20
4993,Screened,2023-05-20
4994,Applied,2024-09-27
4995,Applied,2025-05-12
4995,Screened,2025-05-14
4995,Interviewed,2025-05-28
4995,Offered,2025-06-01
4995,Hired,2025-06-01
4996,Applied,2023-01-24
4996,Screened,2023-01-24
4997,Applied,2025-01-28
4997,Screened,2025-01-29
4997,Interviewed,2025-02-06
4998,Applied,2024-12-02
4998,Screened,2024-12-10
4999,Applied,2023-05-26
4999,Screened,2023-05-30
4999,Interviewed,2023-06-13
5000,Applied,2026-01-01
5000,Screened,2026-01-03
5001,Applied,2025-05-17
5001,Screened,2025-05-18
5002,Applied,2024-07-08
5002,Screened,2024-07-08
5002,Interviewed,2024-07-12
5003,Applied,2025-07-27
5003,Screened,2025-07-27
5003,Interviewed,2025-08-12
5004,Applied,2025-10-02
5005,Applied,2024-04-29
5005,Screened,2024-05-01
5006,Applied,2023-04-20
5006,Screened,2023-04-21
5007,Applied,2025-01-08
5008,Applied,2024-04-17
5008,Screened,2024-04-19
5009,Applied,2023-03-19
5010,Applied,2023-08-05
5010,Screened,2023-08-22
5011,Applied,2025-06-12
5011,Screened,2025-06-18
5011,Interviewed,2025-07-01
5012,Applied,2025-10-13
5012,Screened,2025-10-19
5012,Interviewed,2025-11-18
5013,Applied,2023-07-20
5013,Screened,2023-07-22
5014,Applied,2025-12-31
5015,Applied,2024-12-06
5016,Applied,2024-08-29
5016,Screened,2024-08-30
5016,Interviewed,2024-08-30
5017,Applied,2025-03-11
5017,Screened,2025-03-19
5017,Interviewed,2025-03-21
5017,Offered,2025-03-21
5017,Hired,2025-03-27
5018,Applied,2025-04-14
5019,Applied,2024-05-04
5019,Screened,2024-05-11
5019,Interviewed,2024-05-23
5020,Applied,2025-09-15
5020,Screened,2025-09-25
5020,Interviewed,2025-10-23
5021,Applied,2024-04-02
5022,Applied,2024-11-25
5022,Screened,2024-12-03
5023,Applied,2025-12-08
5023,Screened,2025-12-16
5023,Interviewed,2026-02-01
5023,Offered,2026-02-06
5024,Applied,2025-01-23
5025,Applied,2025-07-24
5026,Applied,2024-04-08
5026,Screened,2024-04-09
5026,Interviewed,2024-05-20
5027,Applied,2025-05-28
5027,Screened,2025-05-30
5028,Applied,2025-09-24
5028,Screened,2025-09-27
5028,Interviewed,2025-09-27
5028,Offered,2025-10-01
5028,Hired,2025-10-04
5029,Applied,2025-12-29
5030,Applied,2025-07-16
5030,Screened,2025-07-18
5031,Applied,2025-03-25
5031,Screened,2025-03-26
5032,Applied,2025-03-10
5032,Screened,2025-03-25
5032,Interviewed,2025-04-06
5033,Applied,2024-12-29
5034,Applied,2025-07-01
5034,Screened,2025-07-04
5034,Interviewed,2025-08-25
5035,Applied,2025-04-25
5035,Screened,2025-05-11
5036,Applied,2023-04-26
5036,Screened,2023-04-27
5036,Interviewed,2023-05-23
5037,Applied,2024-02-16
5038,Applied,2025-06-11
5038,Screened,2025-07-09
5039,Applied,2023-03-17
5040,Applied,2025-10-27
5041,Applied,2025-05-08
5041,Screened,2025-05-13
5041,Interviewed,2025-05-24
5042,Applied,2024-10-30
5042,Screened,2024-12-01
5042,Interviewed,2024-12-16
5043,Applied,2024-02-12
5043,Screened,2024-02-13
5043,Interviewed,2024-02-22
5044,Applied,2024-08-23
5045,Applied,2023-04-27
5046,Applied,2025-09-20
5046,Screened,2025-09-28
5047,Applied,2025-07-15
5047,Screened,2025-07-21
5048,Applied,2024-01-27
5048,Screened,2024-02-01
5049,Applied,2024-06-23
5049,Screened,2024-07-01
5049,Interviewed,2024-07-04
5049,Offered,2024-08-11
5049,Hired,2024-08-11
5050,Applied,2025-04-05
5050,Screened,2025-04-07
5050,Interviewed,2025-04-14
5050,Offered,2025-04-19
5050,Hired,2025-04-20
5051,Applied,2023-11-08
5052,Applied,2025-02-26
5052,Screened,2025-02-26
5053,Applied,2024-04-16
5054,Applied,2023-11-10
5055,Applied,2024-08-24
5055,Screened,2024-08-26
5055,Interviewed,2024-09-20
5056,Applied,2024-12-03
5057,Applied,2025-05-05
5057,Screened,2025-05-16
5058,Applied,2026-01-01
5058,Screened,2026-01-01
5058,Interviewed,2026-01-01
5059,Applied,2023-09-18
5059,Screened,2023-09-25
5059,Interviewed,2023-10-04
5060,Applied,2023-04-26
5060,Screened,2023-04-29
5061,Applied,2025-10-05
5061,Screened,2025-10-14
5061,Interviewed,2025-10-26
5061,Offered,2025-10-28
5061,Hired,2025-10-29
5062,Applied,2024-10-23
5062,Screened,2024-11-17
5063,Applied,2023-12-15
5063,Screened,2023-12-19
5063,Interviewed,2023-12-24
5064,Applied,2025-06-11
5064,Screened,2025-06-22
5065,Applied,2024-12-12
5066,Applied,2025-06-23
5067,Applied,2025-07-13
5067,Screened,2025-07-20
5067,Interviewed,2025-08-22
5067,Offered,2025-08-23
5068,Applied,2024-06-30
5068,Screened,2024-07-17
5068,Interviewed,2024-07-17
5069,Applied,2023-01-26
5069,Screened,2023-02-20
5069,Interviewed,2023-03-15
5070,Applied,2024-08-11
5071,Applied,2025-12-18
5072,Applied,2023-04-08
5072,Screened,2023-04-08
5073,Applied,2025-02-03
5073,Screened,2025-02-26
5073,Interviewed,2025-03-11
5074,Applied,2023-12-31
5075,Applied,2025-06-26
5076,Applied,2025-08-12
5076,Screened,2025-08-13
5076,Interviewed,2025-08-25
5077,Applied,2023-02-24
5077,Screened,2023-03-01
5078,Applied,2025-05-02
5078,Screened,2025-05-11
5079,Applied,2024-07-06
5080,Applied,2025-12-27
5081,Applied,2024-12-14
5081,Screened,2024-12-26
5081,Interviewed,2025-01-05
5082,Applied,2024-02-06
5082,Screened,2024-02-16
5083,Applied,2023-08-22
5083,Screened,2023-08-22
5084,Applied,2025-03-11
5084,Screened,2025-03-22
5085,Applied,2026-01-01
5085,Screened,2026-01-05
5086,Applied,2024-04-27
5086,Screened,2024-04-27
5086,Interviewed,2024-05-02
5087,Applied,2024-06-27
5087,Screened,2024-07-04
5088,Applied,2025-09-27
5089,Applied,2025-03-25
5090,Applied,2024-10-20
5091,Applied,2025-07-17
5091,Screened,2025-07-24
5091,Interviewed,2025-08-01
5091,Offered,2025-08-01
5091,Hired,2025-08-02
5092,Applied,2025-01-22
5092,Screened,2025-01-26
5092,Interviewed,2025-02-04
5093,Applied,2025-07-24
5093,Screened,2025-07-26
5093,Interviewed,2025-08-06
5093,Offered,2025-08-07
5093,Hired,2025-08-07
5094,Applied,2024-05-23
5094,Screened,2024-05-31
5094,Interviewed,2024-06-13
5094,Offered,2024-06-14
5094,Hired,2024-06-15
5095,Applied,2023-07-20
5095,Screened,2023-07-26
5096,Applied,2025-03-28
5096,Screened,2025-04-03
5097,Applied,2025-10-28
5097,Screened,2025-11-01
5098,Applied,2025-04-30
5099,Applied,2025-02-03
5100,Applied,2023-06-11
5100,Screened,2023-06-19
5100,Interviewed,2023-06-22
5101,Applied,2025-10-18
5102,Applied,2026-01-01
5102,Screened,2026-01-25
5103,Applied,2024-08-16
5104,Applied,2023-08-07
5104,Screened,2023-08-07
5105,Applied,2023-07-04
5105,Screened,2023-07-06
5105,Interviewed,2023-08-14
5106,Applied,2024-07-16
5106,Screened,2024-07-16
5106,Interviewed,2024-07-16
5106,Offered,2024-07-24
5106,Hired,2024-07-25
5107,Applied,2025-01-22
5107,Screened,2025-01-26
5107,Interviewed,2025-01-28
5108,Applied,2023-12-11
5109,Applied,2025-12-28
5109,Screened,2026-01-11
5109,Interviewed,2026-01-11
5110,Applied,2024-10-06
5111,Applied,2025-12-10
5111,Screened,2025-12-23
5112,Applied,2024-05-21
5112,Screened,2024-06-05
5113,Applied,2023-03-01
5113,Screened,2023-03-01
5113,Interviewed,2023-03-04
5114,Applied,2025-02-04
5114,Screened,2025-02-05
5115,Applied,2025-10-28
5116,Applied,2024-03-09
5116,Screened,2024-03-09
5117,Applied,2023-04-14
5117,Screened,2023-04-24
5117,Interviewed,2023-05-01
5117,Offered,2023-05-14
5118,Applied,2023-07-19
5119,Applied,2024-11-27
5119,Screened,2024-11-29
5119,Interviewed,2024-12-30
5120,Applied,2023-07-20
5121,Applied,2024-12-31
5121,Screened,2025-01-08
5122,Applied,2025-05-06
5123,Applied,2024-05-28
5123,Screened,2024-05-28
5124,Applied,2025-10-15
5125,Applied,2025-07-11
5126,Applied,2023-08-01
5127,Applied,2025-01-04
5127,Screened,2025-01-19
5128,Applied,2024-12-01
5128,Screened,2024-12-01
5129,Applied,2024-12-09
5129,Screened,2024-12-27
5130,Applied,2023-10-11
5130,Screened,2023-10-21
5130,Interviewed,2023-10-30
5130,Offered,2023-11-07
5130,Hired,2023-11-07
5131,Applied,2025-06-23
5131,Screened,2025-06-30
5131,Interviewed,2025-07-18
5131,Offered,2025-07-29
5132,Applied,2024-08-26
5132,Screened,2024-08-26
5133,Applied,2025-04-08
5133,Screened,2025-04-10
5134,Applied,2023-05-24
5135,Applied,2024-01-14
5136,Applied,2024-11-18
5137,Applied,2025-08-12
5137,Screened,2025-09-02
5137,Interviewed,2025-09-02
5137,Offered,2025-09-03
5137,Hired,2025-09-03
5138,Applied,2024-09-07
5138,Screened,2024-09-27
5138,Interviewed,2024-10-02
5139,Applied,2023-01-21
5139,Screened,2023-01-31
5139,Interviewed,2023-02-06
5140,Applied,2025-06-07
5140,Screened,2025-06-12
5141,Applied,2024-12-31
5141,Screened,2024-12-31
5141,Interviewed,2025-01-25
5141,Offered,2025-01-27
5141,Hired,2025-01-28
5142,Applied,2025-10-06
5142,Screened,2025-10-10
5142,Interviewed,2025-10-17
5142,Offered,2025-10-25
5142,Hired,2025-10-28
5143,Applied,2025-03-11
5143,Screened,2025-04-09
5144,Applied,2025-01-24
5145,Applied,2025-08-15
5146,Applied,2024-09-12
5146,Screened,2024-09-13
5146,Interviewed,2024-09-21
5147,Applied,2023-09-02
5147,Screened,2023-09-10
5147,Interviewed,2023-09-15
5148,Applied,2024-02-07
5148,Screened,2024-02-07
5149,Applied,2023-09-15
5149,Screened,2023-10-09
5149,Interviewed,2023-11-01
5150,Applied,2023-10-20
5150,Screened,2023-10-26
5151,Applied,2024-10-13
5151,Screened,2024-10-14
5151,Interviewed,2024-10-18
5152,Applied,2025-06-15
5152,Screened,2025-07-06
5153,Applied,2024-10-12
5153,Screened,2024-10-17
5153,Interviewed,2024-10-19
5154,Applied,2024-11-23
5155,Applied,2025-10-13
5156,Applied,2025-02-24
5157,Applied,2025-03-29
5158,Applied,2024-06-11
5158,Screened,2024-06-19
5159,Applied,2025-04-13
5160,Applied,2024-07-17
5161,Applied,2025-11-15
5161,Screened,2025-12-13
5162,Applied,2024-09-04
5163,Applied,2024-04-27
5164,Applied,2024-07-12
5164,Screened,2024-07-12
5165,Applied,2025-02-12
5165,Screened,2025-02-15
5165,Interviewed,2025-02-25
5165,Offered,2025-03-08
5166,Applied,2023-07-12
5166,Screened,2023-07-14
5167,Applied,2023-07-27
5167,Screened,2023-07-28
5167,Interviewed,2023-08-05
5168,Applied,2024-10-03
5168,Screened,2024-10-20
5169,Applied,2025-07-25
5169,Screened,2025-07-27
5170,Applied,2025-07-24
5171,Applied,2023-02-09
5171,Screened,2023-02-11
5172,Applied,2025-12-23
5173,Applied,2025-03-19
5173,Screened,2025-03-22
5173,Interviewed,2025-04-04
5174,Applied,2024-11-05
5174,Screened,2024-11-09
5175,Applied,2024-01-13
5175,Screened,2024-01-13
5175,Interviewed,2024-01-28
5176,Applied,2024-07-27
5177,Applied,2025-09-07
5177,Screened,2025-09-11
5177,Interviewed,2025-09-15
5178,Applied,2023-12-17
5178,Screened,2023-12-22
5179,Applied,2025-08-05
5179,Screened,2025-08-14
5180,Applied,2025-11-25
5180,Screened,2025-11-27
5181,Applied,2025-07-01
5181,Screened,2025-07-01
5182,Applied,2025-05-13
5182,Screened,2025-05-23
5182,Interviewed,2025-07-17
5183,Applied,2025-01-16
5183,Screened,2025-01-20
5184,Applied,2023-12-03
5184,Screened,2023-12-10
5184,Interviewed,2023-12-10
5184,Offered,2023-12-10
5184,Hired,2023-12-14
5185,Applied,2025-10-15
5185,Screened,2025-10-21
5186,Applied,2024-08-14
5186,Screened,2024-08-16
5187,Applied,2025-09-25
5187,Screened,2025-09-26
5188,Applied,2023-05-11
5189,Applied,2024-11-12
5189,Screened,2024-11-15
5189,Interviewed,2024-11-20
5190,Applied,2025-09-10
5190,Screened,2025-09-10
5191,Applied,2024-04-10
5192,Applied,2025-09-23
5192,Screened,2025-09-26
5193,Applied,2025-04-23
5194,Applied,2025-05-28
5194,Screened,2025-05-31
5194,Interviewed,2025-06-12
5194,Offered,2025-06-14
5194,Hired,2025-06-14
5195,Applied,2025-02-13
5195,Screened,2025-02-15
5196,Applied,2025-07-25
5196,Screened,2025-07-29
5196,Interviewed,2025-08-01
5197,Applied,2026-01-01
5197,Screened,2026-01-04
5197,Interviewed,2026-01-04
5198,Applied,2023-06-04
5198,Screened,2023-06-07
5198,Interviewed,2023-07-06
5198,Offered,2023-07-12
5199,Applied,2023-07-11
5199,Screened,2023-07-11
5200,Applied,2025-07-28
5200,Screened,2025-08-05
5200,Interviewed,2025-08-06
5201,Applied,2025-09-02
5201,Screened,2025-09-04
5201,Interviewed,2025-09-16
5202,Applied,2025-09-25
5202,Screened,2025-10-26
5202,Interviewed,2025-11-02
5203,Applied,2023-11-30
5203,Screened,2023-12-02
5204,Applied,2024-02-24
5205,Applied,2024-10-11
5206,Applied,2024-07-03
5207,Applied,2025-09-02
5208,Applied,2025-06-30
5209,Applied,2023-06-17
5210,Applied,2025-09-13
5211,Applied,2024-02-11
5211,Screened,2024-02-11
5212,Applied,2026-01-01
5213,Applied,2023-12-23
5213,Screened,2023-12-29
5213,Interviewed,2024-01-05
5214,Applied,2025-02-14
5215,Applied,2025-08-02
5215,Screened,2025-08-04
5216,Applied,2024-12-13
5216,Screened,2024-12-16
5216,Interviewed,2025-01-24
5217,Applied,2023-03-03
5217,Screened,2023-03-08
5217,Interviewed,2023-03-26
5218,Applied,2023-07-27
5218,Screened,2023-07-29
5218,Interviewed,2023-07-31
5219,Applied,2026-01-01
5219,Screened,2026-01-12
5219,Interviewed,2026-02-09
5220,Applied,2024-04-03
5220,Screened,2024-04-11
5220,Interviewed,2024-04-11
5221,Applied,2025-01-13
5221,Screened,2025-01-13
5222,Applied,2025-05-14
5222,Screened,2025-05-15
5222,Interviewed,2025-05-28
5222,Offered,2025-05-31
5222,Hired,2025-05-31
5223,Applied,2025-11-09
5224,Applied,2024-09-14
5224,Screened,2024-09-14
5225,Applied,2024-11-26
5225,Screened,2024-11-27
5226,Applied,2025-06-12
5227,Applied,2023-09-29
5228,Applied,2025-11-09
5229,Applied,2023-12-29
5230,Applied,2024-08-15
5230,Screened,2024-08-20
5231,Applied,2023-05-06
5232,Applied,2025-09-19
5232,Screened,2025-09-24
5232,Interviewed,2025-10-28
5233,Applied,2025-05-21
5233,Screened,2025-06-03
5234,Applied,2025-09-12
5234,Screened,2025-09-21
5234,Interviewed,2025-09-26
5234,Offered,2025-09-26
5234,Hired,2025-09-26
5235,Applied,2024-07-25
5235,Screened,2024-08-04
5235,Interviewed,2024-08-08
5236,Applied,2025-01-12
5237,Applied,2023-08-20
5238,Applied,2025-10-18
5239,Applied,2024-12-09
5240,Applied,2024-09-26
5240,Screened,2024-09-26
5241,Applied,2025-08-21
5241,Screened,2025-08-25
5241,Interviewed,2025-09-24
5241,Offered,2025-10-15
5241,Hired,2025-10-18
5242,Applied,2025-10-20
5243,Applied,2023-07-18
5243,Screened,2023-07-27
5244,Applied,2023-01-30
5244,Screened,2023-02-13
5245,Applied,2024-02-27
5245,Screened,2024-02-27
5246,Applied,2023-03-01
5246,Screened,2023-03-14
5247,Applied,2025-02-15
5248,Applied,2025-08-18
5248,Screened,2025-08-24
5249,Applied,2023-03-09
5249,Screened,2023-03-22
5250,Applied,2024-08-13
5250,Screened,2024-08-19
5250,Interviewed,2024-09-06
5251,Applied,2023-06-11
5251,Screened,2023-06-17
5252,Applied,2024-07-11
5253,Applied,2025-02-16
5253,Screened,2025-02-22
5254,Applied,2025-10-26
5254,Screened,2025-10-26
5254,Interviewed,2025-11-03
5254,Offered,2025-11-09
5255,Applied,2023-05-26
5256,Applied,2025-05-28
5256,Screened,2025-05-31
5256,Interviewed,2025-06-18
5256,Offered,2025-07-08
5257,Applied,2025-06-18
5257,Screened,2025-06-22
5257,Interviewed,2025-06-22
5257,Offered,2025-06-23
5257,Hired,2025-06-28
5258,Applied,2024-08-08
5259,Applied,2023-10-04
5259,Screened,2023-10-10
5259,Interviewed,2023-10-10
5259,Offered,2023-10-26
5259,Hired,2023-11-03
5260,Applied,2023-01-28
5260,Screened,2023-01-28
5261,Applied,2024-11-12
5261,Screened,2024-11-22
5262,Applied,2025-09-04
5262,Screened,2025-09-09
5263,Applied,2024-03-01
5263,Screened,2024-03-05
5263,Interviewed,2024-04-15
5263,Offered,2024-04-20
5263,Hired,2024-05-02
5264,Applied,2025-02-07
5265,Applied,2023-09-13
5266,Applied,2024-05-10
5266,Screened,2024-05-16
5267,Applied,2025-12-05
5268,Applied,2025-05-03
5268,Screened,2025-05-03
5268,Interviewed,2025-05-08
5269,Applied,2023-03-20
5269,Screened,2023-04-04
5269,Interviewed,2023-04-17
5270,Applied,2024-07-20
5270,Screened,2024-07-20
5270,Interviewed,2024-07-22
5271,Applied,2026-01-01
5271,Screened,2026-01-04
5271,Interviewed,2026-01-08
5272,Applied,2023-04-27
5272,Screened,2023-05-08
5272,Interviewed,2023-06-27
5273,Applied,2023-01-27
5274,Applied,2025-07-13
5274,Screened,2025-07-18
5275,Applied,2023-01-16
5275,Screened,2023-01-22
5275,Interviewed,2023-01-24
5276,Applied,2024-03-22
5277,Applied,2024-12-10
5277,Screened,2024-12-17
5278,Applied,2023-02-24
5278,Screened,2023-03-01
5279,Applied,2024-06-21
5279,Screened,2024-06-22
5280,Applied,2025-12-02
5280,Screened,2025-12-12
5281,Applied,2025-03-16
5282,Applied,2024-10-26
5282,Screened,2024-11-17
5283,Applied,2025-06-26
5283,Screened,2025-07-01
5284,Applied,2025-10-10
5285,Applied,2023-04-04
5285,Screened,2023-04-09
5286,Applied,2024-06-13
5286,Screened,2024-06-18
5286,Interviewed,2024-06-18
5287,Applied,2024-07-11
5287,Screened,2024-07-18
5288,Applied,2025-08-09
5288,Screened,2025-08-11
5288,Interviewed,2025-08-26
5289,Applied,2025-11-22
5290,Applied,2025-11-20
5291,Applied,2023-12-31
5292,Applied,2024-03-29
5292,Screened,2024-03-29
5292,Interviewed,2024-03-29
5292,Offered,2024-04-06
5292,Hired,2024-04-07
5293,Applied,2023-11-22
5293,Screened,2023-11-26
5293,Interviewed,2023-12-17
5293,Offered,2023-12-18
5293,Hired,2023-12-18
5294,Applied,2025-09-01
5294,Screened,2025-09-21
5295,Applied,2024-10-23
5296,Applied,2025-03-23
5296,Screened,2025-03-28
5296,Interviewed,2025-05-05
5297,Applied,2023-09-27
5297,Screened,2023-10-22
5298,Applied,2023-02-04
5299,Applied,2023-12-14
5299,Screened,2023-12-18
5299,Interviewed,2023-12-30
5300,Applied,2023-09-21
5300,Screened,2023-09-24
5301,Applied,2024-06-28
5302,Applied,2025-08-09
5302,Screened,2025-08-12
5303,Applied,2023-04-02
5304,Applied,2025-09-17
5304,Screened,2025-09-18
5305,Applied,2025-04-29
5305,Screened,2025-04-30
5305,Interviewed,2025-05-01
5306,Applied,2024-02-09
5306,Screened,2024-02-16
5307,Applied,2025-11-23
5308,Applied,2025-02-22
5308,Screened,2025-02-22
5308,Interviewed,2025-02-26
5309,Applied,2023-04-24
5309,Screened,2023-05-02
5310,Applied,2024-08-20
5310,Screened,2024-08-22
5311,Applied,2023-11-12
5311,Screened,2023-11-20
5311,Interviewed,2023-11-23
5312,Applied,2025-04-11
5313,Applied,2024-10-01
5313,Screened,2024-10-06
5313,Interviewed,2024-10-06
5313,Offered,2024-10-11
5313,Hired,2024-10-11
5314,Applied,2025-08-17
5314,Screened,2025-08-19
5315,Applied,2024-10-26
5316,Applied,2024-11-08
5317,Applied,2025-12-01
5317,Screened,2025-12-05
5318,Applied,2024-08-18
5318,Screened,2024-09-02
5319,Applied,2024-12-01
5319,Screened,2024-12-08
5320,Applied,2024-04-30
5320,Screened,2024-05-03
5321,Applied,2025-03-15
5322,Applied,2025-03-28
5322,Screened,2025-04-04
5323,Applied,2023-05-13
5324,Applied,2024-06-08
5324,Screened,2024-06-16
5325,Applied,2025-09-04
5325,Screened,2025-09-07
5325,Interviewed,2025-10-02
5326,Applied,2024-07-10
5326,Screened,2024-07-14
5326,Interviewed,2024-07-30
5326,Offered,2024-08-14
5326,Hired,2024-08-16
5327,Applied,2025-02-12
5327,Screened,2025-02-25
5327,Interviewed,2025-03-14
5328,Applied,2023-07-21
5328,Screened,2023-07-26
5329,Applied,2023-12-24
5329,Screened,2024-01-12
5329,Interviewed,2024-01-31
5330,Applied,2024-11-16
5331,Applied,2025-05-02
5331,Screened,2025-05-13
5332,Applied,2024-01-31
5332,Screened,2024-02-02
5332,Interviewed,2024-03-10
5333,Applied,2024-01-09
5333,Screened,2024-01-15
5334,Applied,2023-09-12
5334,Screened,2023-09-22
5334,Interviewed,2023-10-14
5335,Applied,2024-08-08
5336,Applied,2025-01-02
5337,Applied,2025-03-04
5337,Screened,2025-03-09
5337,Interviewed,2025-03-18
5337,Offered,2025-03-19
5337,Hired,2025-04-02
5338,Applied,2025-01-20
5339,Applied,2023-07-27
5339,Screened,2023-07-31
5339,Interviewed,2023-08-04
5339,Offered,2023-08-08
5339,Hired,2023-08-13
5340,Applied,2025-06-12
5341,Applied,2023-12-25
5342,Applied,2024-10-16
5342,Screened,2024-10-27
5343,Applied,2024-08-11
5343,Screened,2024-08-12
5343,Interviewed,2024-08-17
5344,Applied,2025-03-04
5344,Screened,2025-03-06
5345,Applied,2024-09-28
5345,Screened,2024-10-03
5345,Interviewed,2024-10-03
5346,Applied,2024-10-14
5347,Applied,2023-02-20
5347,Screened,2023-03-21
5347,Interviewed,2023-03-25
5348,Applied,2024-05-12
5349,Applied,2023-11-25
5349,Screened,2023-11-26
5349,Interviewed,2023-12-25
5350,Applied,2025-10-25
5350,Screened,2025-10-25
5350,Interviewed,2025-11-10
5351,Applied,2025-08-10
5352,Applied,2023-05-15
5352,Screened,2023-05-16
5352,Interviewed,2023-05-16
5353,Applied,2025-03-09
5354,Applied,2023-08-31
5354,Screened,2023-09-08
5354,Interviewed,2023-09-22
5355,Applied,2024-09-11
5355,Screened,2024-09-11
5356,Applied,2024-07-05
5356,Screened,2024-07-14
5357,Applied,2025-08-04
5357,Screened,2025-08-11
5357,Interviewed,2025-09-21
5358,Applied,2025-12-22
5359,Applied,2025-11-20
5359,Screened,2025-11-23
5359,Interviewed,2025-12-06
5359,Offered,2025-12-07
5359,Hired,2025-12-07
5360,Applied,2025-01-11
5360,Screened,2025-01-12
5361,Applied,2025-10-29
5361,Screened,2025-10-30
5361,Interviewed,2025-11-26
5361,Offered,2025-12-13
5361,Hired,2025-12-15
5362,Applied,2025-11-04
5362,Screened,2025-11-06
5363,Applied,2025-12-31
5364,Applied,2025-04-16
5365,Applied,2023-08-04
5365,Screened,2023-08-06
5365,Interviewed,2023-08-22
5366,Applied,2025-07-02
5367,Applied,2024-09-29
5368,Applied,2023-12-24
5368,Screened,2023-12-25
5368,Interviewed,2023-12-25
5369,Applied,2023-03-27
5369,Screened,2023-04-06
5370,Applied,2025-01-15
5370,Screened,2025-01-15
5371,Applied,2023-10-23
5372,Applied,2024-03-10
5372,Screened,2024-03-12
5372,Interviewed,2024-03-31
5373,Applied,2025-11-03
5373,Screened,2025-11-18
5373,Interviewed,2025-11-18
5374,Applied,2025-11-06
5374,Screened,2025-11-15
5375,Applied,2024-11-15
5375,Screened,2024-11-17
5375,Interviewed,2024-11-26
5376,Applied,2023-06-12
5376,Screened,2023-06-15
5376,Interviewed,2023-06-15
5377,Applied,2023-02-16
5378,Applied,2023-01-27
5378,Screened,2023-01-29
5378,Interviewed,2023-02-18
5378,Offered,2023-02-23
5378,Hired,2023-03-01
5379,Applied,2024-02-26
5379,Screened,2024-03-02
5379,Interviewed,2024-04-02
5379,Offered,2024-04-04
5380,Applied,2025-09-19
5380,Screened,2025-09-19
5381,Applied,2024-01-15
5381,Screened,2024-01-15
5382,Applied,2024-02-09
5382,Screened,2024-02-12
5383,Applied,2025-03-09
5383,Screened,2025-03-21
5383,Interviewed,2025-04-08
5384,Applied,2024-08-02
5384,Screened,2024-08-03
5384,Interviewed,2024-08-05
5385,Applied,2023-10-27
5385,Screened,2023-11-03
5386,Applied,2025-01-09
5386,Screened,2025-01-17
5387,Applied,2025-10-30
5387,Screened,2025-11-03
5387,Interviewed,2025-11-08
5388,Applied,2025-09-16
5388,Screened,2025-09-21
5389,Applied,2023-07-16
5389,Screened,2023-07-24
5389,Interviewed,2023-08-27
5390,Applied,2023-11-25
5390,Screened,2023-12-22
5390,Interviewed,2024-01-12
5391,Applied,2025-06-11
5391,Screened,2025-06-13
5391,Interviewed,2025-06-18
5392,Applied,2024-04-04
5393,Applied,2025-02-08
5393,Screened,2025-02-22
5394,Applied,2024-05-24
5394,Screened,2024-05-28
5394,Interviewed,2024-05-29
5395,Applied,2025-12-06
5395,Screened,2025-12-09
5395,Interviewed,2025-12-11
5395,Offered,2025-12-16
5395,Hired,2025-12-20
5396,Applied,2023-03-03
5396,Screened,2023-03-06
5396,Interviewed,2023-04-04
5397,Applied,2025-12-01
5397,Screened,2025-12-02
5397,Interviewed,2025-12-06
5397,Offered,2025-12-11
5398,Applied,2024-03-16
5398,Screened,2024-03-18
5398,Interviewed,2024-03-28
5399,Applied,2025-08-03
5400,Applied,2025-12-27
5401,Applied,2025-01-21
5401,Screened,2025-01-21
5402,Applied,2024-07-22
5402,Screened,2024-08-01
5402,Interviewed,2024-08-09
5402,Offered,2024-08-26
5403,Applied,2024-05-19
5403,Screened,2024-05-29
5404,Applied,2023-07-20
5404,Screened,2023-07-22
5405,Applied,2023-08-12
5406,Applied,2025-04-27
5406,Screened,2025-05-08
5407,Applied,2025-03-22
5407,Screened,2025-04-05
5408,Applied,2025-04-20
5408,Screened,2025-05-04
5408,Interviewed,2025-05-29
5409,Applied,2025-07-17
5409,Screened,2025-07-30
5409,Interviewed,2025-09-20
5410,Applied,2023-12-19
5410,Screened,2023-12-21
5410,Interviewed,2023-12-23
5411,Applied,2024-07-25
5411,Screened,2024-07-27
5412,Applied,2024-06-24
5412,Screened,2024-07-05
5413,Applied,2023-06-03
5413,Screened,2023-06-12
5413,Interviewed,2023-06-19
5414,Applied,2024-12-28
5414,Screened,2024-12-29
5414,Interviewed,2025-01-18
5414,Offered,2025-01-19
5414,Hired,2025-01-20
5415,Applied,2024-01-03
5416,Applied,2024-01-26
5416,Screened,2024-02-08
5416,Interviewed,2024-02-13
5417,Applied,2024-10-25
5417,Screened,2024-10-29
5418,Applied,2023-03-13
5419,Applied,2023-08-21
5419,Screened,2023-08-27
5419,Interviewed,2023-09-02
5419,Offered,2023-09-02
5420,Applied,2025-04-04
5420,Screened,2025-04-05
5420,Interviewed,2025-04-14
5421,Applied,2025-01-01
5421,Screened,2025-01-05
5422,Applied,2025-10-06
5422,Screened,2025-10-07
5423,Applied,2023-08-10
5423,Screened,2023-08-10
5424,Applied,2025-06-20
5424,Screened,2025-06-21
5425,Applied,2023-09-15
5425,Screened,2023-09-23
5426,Applied,2025-01-21
5426,Screened,2025-02-01
5427,Applied,2025-03-14
5427,Screened,2025-03-29
5427,Interviewed,2025-04-08
5428,Applied,2025-01-04
5429,Applied,2025-07-29
5429,Screened,2025-07-31
5430,Applied,2025-02-17
5430,Screened,2025-02-23
5430,Interviewed,2025-03-06
5431,Applied,2025-09-20
5431,Screened,2025-09-26
5431,Interviewed,2025-10-08
5432,Applied,2025-02-24
5432,Screened,2025-02-26
5432,Interviewed,2025-03-14
5432,Offered,2025-03-16
5432,Hired,2025-03-19
5433,Applied,2023-04-02
5434,Applied,2023-02-04
5434,Screened,2023-02-21
5434,Interviewed,2023-03-07
5435,Applied,2025-01-23
5435,Screened,2025-01-28
5436,Applied,2024-10-24
5436,Screened,2024-11-06
5437,Applied,2025-02-26
5438,Applied,2025-06-09
5438,Screened,2025-06-14
5439,Applied,2023-11-15
5439,Screened,2023-11-20
5439,Interviewed,2023-12-05
5440,Applied,2023-09-12
5440,Screened,2023-09-15
5441,Applied,2023-10-31
5442,Applied,2023-03-12
5442,Screened,2023-03-14
5442,Interviewed,2023-04-10
5443,Applied,2025-04-28
5443,Screened,2025-05-09
5444,Applied,2025-09-22
5444,Screened,2025-09-23
5444,Interviewed,2025-10-02
5445,Applied,2025-08-24
5445,Screened,2025-08-28
5445,Interviewed,2025-09-05
5446,Applied,2024-02-25
5447,Applied,2025-10-12
5447,Screened,2025-11-09
5447,Interviewed,2025-11-29
5448,Applied,2024-01-12
5449,Applied,2025-10-07
5449,Screened,2025-10-12
5449,Interviewed,2025-10-27
5449,Offered,2025-11-05
5449,Hired,2025-11-06
5450,Applied,2023-08-07
5450,Screened,2023-08-09
5451,Applied,2025-09-22
5451,Screened,2025-10-07
5451,Interviewed,2025-10-19
5452,Applied,2025-02-28
5452,Screened,2025-03-02
5453,Applied,2024-12-14
5454,Applied,2025-09-22
5454,Screened,2025-10-01
5455,Applied,2024-11-15
5456,Applied,2023-12-31
5456,Screened,2024-01-01
5457,Applied,2025-12-11
5458,Applied,2025-06-06
5459,Applied,2024-02-06
5459,Screened,2024-02-13
5459,Interviewed,2024-03-02
5460,Applied,2023-07-21
5461,Applied,2023-06-29
5461,Screened,2023-07-17
5461,Interviewed,2023-08-08
5461,Offered,2023-08-22
5461,Hired,2023-08-25
5462,Applied,2024-03-23
5462,Screened,2024-03-25
5463,Applied,2024-11-01
5463,Screened,2024-11-06
5463,Interviewed,2024-11-10
5464,Applied,2025-05-17
5465,Applied,2024-08-29
5465,Screened,2024-09-07
5466,Applied,2024-05-04
5467,Applied,2025-08-21
5468,Applied,2023-03-31
5468,Screened,2023-04-02
5468,Interviewed,2023-04-09
5468,Offered,2023-04-18
5469,Applied,2023-07-28
5469,Screened,2023-08-02
5470,Applied,2024-06-25
5471,Applied,2024-06-12
5472,Applied,2023-04-25
5472,Screened,2023-04-28
5472,Interviewed,2023-05-14
5472,Offered,2023-06-11
5472,Hired,2023-06-15
5473,Applied,2024-02-25
5474,Applied,2024-10-05
5474,Screened,2024-10-09
5474,Interviewed,2024-10-11
5475,Applied,2025-11-13
5476,Applied,2024-03-07
5477,Applied,2024-02-25
5477,Screened,2024-02-27
5477,Interviewed,2024-03-19
5478,Applied,2025-12-17
5478,Screened,2025-12-31
5478,Interviewed,2026-01-06
5479,Applied,2023-03-19
5479,Screened,2023-03-19
5479,Interviewed,2023-03-24
5480,Applied,2025-01-29
5480,Screened,2025-02-07
5480,Interviewed,2025-02-11
5481,Applied,2023-04-09
5482,Applied,2023-08-13
5482,Screened,2023-08-16
5482,Interviewed,2023-08-24
5483,Applied,2025-10-04
5484,Applied,2025-10-10
5484,Screened,2025-10-20
5484,Interviewed,2025-10-27
5485,Applied,2023-07-08
5486,Applied,2024-09-01
5486,Screened,2024-09-05
5487,Applied,2023-11-06
5487,Screened,2023-11-09
5488,Applied,2025-05-12
5488,Screened,2025-05-20
5489,Applied,2023-05-31
5490,Applied,2024-02-04
5491,Applied,2024-08-19
5492,Applied,2025-05-17
5492,Screened,2025-05-24
5493,Applied,2023-12-10
5494,Applied,2025-05-23
5494,Screened,2025-06-05
5495,Applied,2025-07-02
5495,Screened,2025-07-07
5496,Applied,2025-08-14
5497,Applied,2025-02-17
5498,Applied,2023-05-19
5498,Screened,2023-06-02
5498,Interviewed,2023-06-09
5498,Offered,2023-06-11
5499,Applied,2023-06-14
5499,Screened,2023-07-01
5500,Applied,2024-08-23
5500,Screened,2024-09-09
5500,Interviewed,2024-09-19
