candidate_id,touch_order,source,touch_date
1,1,Referral,2025-11-07
2,1,Agency,2023-01-01
2,2,Naukri,2025-10-25
3,1,Referral,2024-05-14
4,1,LinkedIn,2023-09-11
5,1,CareerSite,2024-03-09
6,1,LinkedIn,2025-06-27
7,1,Referral,2023-01-07
8,1,CareerSite,2023-05-07
9,1,Referral,2025-11-30
10,1,LinkedIn,2023-10-01
10,2,LinkedIn,2024-03-25
10,3,LinkedIn,2025-04-08
11,1,CareerSite,2023-07-24
11,2,Naukri,2025-05-30
12,1,Referral,2024-04-13
13,1,Agency,2025-12-01
14,1,Naukri,2024-08-04
14,2,Naukri,2025-01-16
15,1,Referral,2024-07-10
16,1,Referral,2024-03-11
16,2,Referral,2024-07-21
16,3,LinkedIn,2025-07-07
17,1,LinkedIn,2025-08-25
18,1,CareerSite,2023-06-27
19,1,Referral,2023-09-03
19,2,LinkedIn,2024-12-15
20,1,Naukri,2024-07-11
21,1,Naukri,2023-09-10
21,2,Naukri,2025-08-05
22,1,Agency,2024-09-19
23,1,Naukri,2023-04-17
24,1,Referral,2023-11-18
24,2,Referral,2024-01-30
25,1,Referral,2024-12-13
25,2,CareerSite,2025-02-08
26,1,Naukri,2023-11-11
27,1,Naukri,2023-02-26
27,2,Naukri,2023-04-04
28,1,LinkedIn,2025-05-21
29,1,LinkedIn,2023-07-09
30,1,LinkedIn,2023-09-29
30,2,Referral,2024-04-04
31,1,LinkedIn,2024-04-20
32,1,Naukri,2023-03-19
33,1,CareerSite,2024-08-20
34,1,LinkedIn,2023-04-21
35,1,LinkedIn,2025-03-16
35,2,LinkedIn,2025-05-30
36,1,CareerSite,2024-09-28
37,1,LinkedIn,2025-06-24
38,1,Naukri,2024-11-23
39,1,Referral,2023-03-03
39,2,Naukri,2025-12-03
39,3,Referral,2025-12-27
40,1,LinkedIn,2025-09-04
41,1,Referral,2024-01-19
42,1,Referral,2025-03-23
43,1,CareerSite,2023-11-10
44,1,CareerSite,2023-02-17
45,1,LinkedIn,2023-03-05
45,2,LinkedIn,2024-03-08
45,3,LinkedIn,2025-11-16
46,1,LinkedIn,2023-05-26
47,1,LinkedIn,2023-01-29
48,1,Referral,2025-11-29
49,1,CareerSite,2025-04-22
50,1,Referral,2023-05-05
51,1,CareerSite,2024-09-06
52,1,LinkedIn,2023-05-30
53,1,CareerSite,2023-06-11
53,2,Naukri,2025-11-06
54,1,LinkedIn,2024-12-03
55,1,LinkedIn,2023-09-03
55,2,LinkedIn,2025-06-19
56,1,LinkedIn,2025-08-09
57,1,Referral,2024-05-21
58,1,LinkedIn,2024-01-24
58,2,Referral,2024-03-11
59,1,Referral,2024-10-05
60,1,LinkedIn,2023-04-22
61,1,CareerSite,2023-05-03
61,2,Referral,2024-03-12
61,3,LinkedIn,2025-11-28
62,1,Referral,2025-11-26
63,1,LinkedIn,2025-10-18
64,1,LinkedIn,2023-04-07
64,2,LinkedIn,2023-06-02
65,1,Naukri,2023-03-14
65,2,Referral,2023-07-18
65,3,LinkedIn,2025-03-23
66,1,Naukri,2024-03-06
66,2,LinkedIn,2025-06-13
67,1,Naukri,2025-09-20
68,1,CareerSite,2024-08-07
68,2,Referral,2024-11-10
69,1,LinkedIn,2025-04-07
70,1,Referral,2025-03-02
71,1,Referral,2023-04-21
71,2,Naukri,2023-06-02
71,3,LinkedIn,2023-10-08
72,1,Naukri,2024-10-26
73,1,CareerSite,2023-05-17
73,2,Naukri,2025-07-08
73,3,Naukri,2025-10-06
74,1,CareerSite,2024-08-11
75,1,LinkedIn,2025-09-29
76,1,LinkedIn,2024-03-30
77,1,Naukri,2025-02-21
78,1,Naukri,2023-10-24
79,1,Referral,2023-09-11
80,1,CareerSite,2023-08-13
80,2,LinkedIn,2023-11-18
81,1,LinkedIn,2025-06-23
82,1,Referral,2023-08-29
82,2,LinkedIn,2025-12-04
83,1,Naukri,2023-10-22
84,1,Naukri,2025-01-18
84,2,Referral,2025-06-20
85,1,Referral,2024-06-25
85,2,Naukri,2024-09-20
86,1,Naukri,2023-03-16
86,2,CareerSite,2025-07-06
87,1,Naukri,2023-06-19
87,2,Naukri,2025-11-12
88,1,Agency,2023-01-03
89,1,Agency,2023-04-06
89,2,Referral,2024-07-25
90,1,Agency,2023-08-31
91,1,Referral,2023-05-13
92,1,LinkedIn,2025-06-27
93,1,Referral,2024-12-26
94,1,LinkedIn,2025-10-19
95,1,Referral,2024-07-26
96,1,LinkedIn,2025-09-24
97,1,CareerSite,2025-12-12
98,1,Naukri,2025-10-30
99,1,Referral,2023-07-10
99,2,Referral,2024-03-10
99,3,LinkedIn,2025-12-26
100,1,LinkedIn,2024-03-04
101,1,Referral,2023-10-12
102,1,Naukri,2024-06-10
103,1,Referral,2025-02-15
103,2,Referral,2025-08-08
104,1,LinkedIn,2023-09-08
104,2,Naukri,2025-09-22
105,1,Naukri,2023-04-28
105,2,Agency,2025-04-14
106,1,LinkedIn,2024-06-03
106,2,LinkedIn,2025-02-15
107,1,LinkedIn,2024-02-25
107,2,Referral,2024-10-13
108,1,Naukri,2025-12-28
109,1,LinkedIn,2025-11-08
110,1,Naukri,2025-12-14
111,1,Referral,2025-08-10
112,1,Naukri,2025-10-06
113,1,LinkedIn,2024-09-29
114,1,Referral,2025-09-21
114,2,Referral,2025-11-10
115,1,LinkedIn,2023-04-01
115,2,LinkedIn,2025-06-22
116,1,Naukri,2023-05-17
116,2,Naukri,2024-10-13
116,3,LinkedIn,2025-09-09
117,1,Naukri,2024-08-23
117,2,Naukri,2025-06-14
118,1,LinkedIn,2025-08-13
119,1,LinkedIn,2025-02-27
120,1,LinkedIn,2023-02-03
120,2,Naukri,2023-03-21
121,1,Agency,2024-02-11
122,1,Naukri,2024-10-26
123,1,CareerSite,2025-02-23
124,1,LinkedIn,2024-07-18
125,1,LinkedIn,2025-04-27
126,1,CareerSite,2024-10-06
127,1,CareerSite,2024-05-04
127,2,Naukri,2025-02-12
128,1,LinkedIn,2025-01-24
129,1,LinkedIn,2023-05-18
130,1,Naukri,2025-01-07
131,1,CareerSite,2025-06-29
132,1,LinkedIn,2024-01-18
133,1,Referral,2023-04-30
134,1,LinkedIn,2023-12-14
134,2,LinkedIn,2025-08-10
135,1,Naukri,2024-10-15
136,1,LinkedIn,2025-06-10
136,2,LinkedIn,2025-07-17
136,3,Naukri,2025-09-29
137,1,Naukri,2025-06-20
138,1,LinkedIn,2023-08-02
139,1,Referral,2024-03-14
139,2,Naukri,2025-12-06
140,1,Naukri,2025-10-02
141,1,LinkedIn,2025-06-16
141,2,LinkedIn,2025-08-27
142,1,CareerSite,2025-03-13
143,1,LinkedIn,2023-06-17
144,1,Naukri,2023-05-30
144,2,Referral,2024-03-19
144,3,Referral,2025-01-31
145,1,LinkedIn,2025-09-07
146,1,LinkedIn,2023-12-22
147,1,Naukri,2023-03-07
147,2,Agency,2024-05-24
148,1,Referral,2024-12-29
149,1,LinkedIn,2023-04-08
149,2,Referral,2025-04-07
150,1,LinkedIn,2024-02-22
151,1,LinkedIn,2023-08-17
151,2,Referral,2025-10-16
152,1,LinkedIn,2023-01-26
152,2,LinkedIn,2023-12-20
153,1,Referral,2023-06-02
153,2,LinkedIn,2025-09-11
154,1,Agency,2023-05-29
155,1,LinkedIn,2025-07-22
156,1,Referral,2023-03-23
157,1,Naukri,2023-12-02
157,2,Naukri,2024-11-14
158,1,Referral,2024-03-29
159,1,Naukri,2025-05-16
160,1,LinkedIn,2024-02-12
161,1,Agency,2024-03-06
161,2,LinkedIn,2025-07-31
162,1,Naukri,2025-09-15
163,1,Naukri,2025-03-19
164,1,LinkedIn,2023-11-22
164,2,Referral,2024-01-23
164,3,Referral,2025-03-19
165,1,Naukri,2025-04-23
166,1,Agency,2023-02-15
167,1,CareerSite,2024-01-06
168,1,Naukri,2025-08-30
169,1,Referral,2023-10-04
169,2,Referral,2024-05-19
169,3,Referral,2025-04-07
170,1,Referral,2023-05-25
171,1,LinkedIn,2024-07-11
172,1,Referral,2023-09-28
173,1,LinkedIn,2023-07-26
173,2,Referral,2024-11-06
174,1,Naukri,2024-02-27
175,1,LinkedIn,2024-01-25
175,2,Naukri,2025-05-20
176,1,LinkedIn,2024-10-21
177,1,LinkedIn,2024-04-27
178,1,Naukri,2024-11-29
179,1,LinkedIn,2024-02-02
180,1,CareerSite,2024-04-21
181,1,LinkedIn,2023-06-24
181,2,Referral,2024-10-30
182,1,LinkedIn,2023-10-14
183,1,LinkedIn,2025-07-23
184,1,Naukri,2024-11-15
184,2,Agency,2025-05-13
185,1,Agency,2025-11-03
186,1,Referral,2023-03-16
186,2,Naukri,2025-03-03
187,1,Naukri,2023-03-10
187,2,Referral,2024-08-20
188,1,Naukri,2025-11-03
189,1,LinkedIn,2024-04-28
190,1,Referral,2025-02-01
191,1,CareerSite,2023-06-04
191,2,Referral,2023-07-21
191,3,LinkedIn,2023-08-10
192,1,CareerSite,2023-07-01
192,2,Naukri,2024-11-26
192,3,LinkedIn,2025-01-02
193,1,Referral,2025-07-29
194,1,Naukri,2024-01-28
195,1,Referral,2025-09-19
196,1,Referral,2023-02-04
196,2,LinkedIn,2023-10-06
197,1,LinkedIn,2023-08-25
197,2,Referral,2024-01-30
198,1,Referral,2025-09-12
199,1,LinkedIn,2024-04-06
200,1,Naukri,2024-11-11
200,2,Naukri,2025-12-12
201,1,Referral,2023-11-25
202,1,LinkedIn,2024-08-05
202,2,Naukri,2024-11-17
202,3,LinkedIn,2025-07-07
203,1,LinkedIn,2025-08-09
204,1,CareerSite,2023-07-06
205,1,Agency,2025-05-12
206,1,LinkedIn,2024-06-01
207,1,LinkedIn,2023-02-10
208,1,Referral,2023-11-01
209,1,LinkedIn,2025-01-10
210,1,Referral,2025-09-21
211,1,Referral,2025-02-25
212,1,LinkedIn,2024-02-09
213,1,Referral,2025-10-29
214,1,LinkedIn,2023-05-13
214,2,Naukri,2025-09-16
215,1,Referral,2024-05-26
216,1,CareerSite,2025-06-20
216,2,Naukri,2025-07-28
217,1,CareerSite,2023-06-06
218,1,Naukri,2025-01-12
219,1,LinkedIn,2023-02-03
220,1,Naukri,2025-08-31
221,1,Naukri,2024-01-09
222,1,LinkedIn,2023-10-12
223,1,Naukri,2023-06-02
224,1,LinkedIn,2025-03-11
225,1,Naukri,2024-01-23
226,1,Agency,2023-02-07
226,2,CareerSite,2024-05-26
227,1,Naukri,2024-02-02
227,2,Naukri,2025-03-06
227,3,Naukri,2025-09-07
228,1,LinkedIn,2024-12-02
229,1,LinkedIn,2023-11-25
230,1,LinkedIn,2023-11-19
230,2,Referral,2025-06-27
231,1,Naukri,2025-04-19
231,2,LinkedIn,2025-07-16
232,1,LinkedIn,2023-03-21
232,2,LinkedIn,2024-07-26
232,3,Naukri,2025-11-12
233,1,Naukri,2023-08-20
233,2,LinkedIn,2025-08-04
234,1,LinkedIn,2023-02-06
235,1,Naukri,2024-08-30
235,2,Naukri,2024-11-29
236,1,LinkedIn,2023-11-08
237,1,CareerSite,2024-01-09
238,1,Naukri,2025-08-07
239,1,Naukri,2025-01-22
240,1,CareerSite,2025-01-11
241,1,Naukri,2023-05-02
242,1,Referral,2024-12-10
242,2,Referral,2025-03-11
243,1,Referral,2023-02-17
244,1,LinkedIn,2024-02-20
245,1,Referral,2023-02-15
245,2,Naukri,2024-03-11
246,1,LinkedIn,2024-02-08
247,1,Naukri,2023-11-25
248,1,LinkedIn,2023-08-15
248,2,CareerSite,2023-11-16
249,1,Agency,2023-03-05
250,1,Naukri,2025-03-06
251,1,Naukri,2023-06-29
251,2,Referral,2024-07-31
251,3,CareerSite,2025-09-20
252,1,LinkedIn,2024-06-29
252,2,LinkedIn,2025-10-16
253,1,Naukri,2024-05-17
254,1,Referral,2024-03-05
255,1,Naukri,2023-03-22
256,1,Referral,2025-12-07
257,1,LinkedIn,2023-01-14
258,1,Referral,2023-12-19
259,1,Naukri,2024-06-11
259,2,LinkedIn,2024-06-26
259,3,LinkedIn,2024-07-15
260,1,Referral,2024-03-31
261,1,LinkedIn,2023-09-08
261,2,Referral,2025-11-14
262,1,CareerSite,2023-06-07
262,2,Referral,2024-04-16
263,1,LinkedIn,2024-10-09
264,1,Naukri,2025-08-21
265,1,Naukri,2024-01-22
265,2,Naukri,2025-06-22
266,1,LinkedIn,2023-08-08
266,2,Naukri,2023-08-12
267,1,Referral,2023-12-23
268,1,Naukri,2024-02-22
269,1,Naukri,2025-11-06
270,1,LinkedIn,2023-06-24
271,1,LinkedIn,2023-10-28
271,2,LinkedIn,2025-06-03
272,1,LinkedIn,2024-04-22
272,2,Naukri,2024-08-25
273,1,LinkedIn,2024-08-21
273,2,Naukri,2025-11-25
274,1,CareerSite,2023-05-25
275,1,LinkedIn,2024-11-19
275,2,LinkedIn,2025-12-12
276,1,LinkedIn,2025-05-09
277,1,LinkedIn,2023-11-01
278,1,LinkedIn,2025-11-29
279,1,LinkedIn,2024-03-11
280,1,Naukri,2023-03-16
280,2,LinkedIn,2024-04-16
280,3,Naukri,2025-02-01
281,1,Naukri,2025-01-06
282,1,Referral,2023-08-11
282,2,Referral,2024-10-05
283,1,LinkedIn,2025-03-25
284,1,Naukri,2024-10-08
285,1,CareerSite,2023-03-26
286,1,Naukri,2025-06-20
286,2,LinkedIn,2025-10-19
287,1,Referral,2023-08-15
288,1,Naukri,2025-05-12
289,1,LinkedIn,2024-07-04
290,1,LinkedIn,2025-10-09
291,1,LinkedIn,2024-05-04
291,2,CareerSite,2025-06-02
292,1,Agency,2025-09-28
293,1,Naukri,2024-08-29
294,1,Naukri,2024-04-26
294,2,LinkedIn,2025-03-31
295,1,CareerSite,2025-03-13
296,1,Naukri,2025-12-16
297,1,Naukri,2023-12-25
298,1,Naukri,2025-12-10
299,1,Referral,2024-11-01
299,2,Naukri,2025-05-01
299,3,CareerSite,2025-07-28
300,1,Referral,2025-07-05
301,1,LinkedIn,2024-05-26
301,2,LinkedIn,2025-08-25
302,1,Agency,2024-08-20
302,2,Naukri,2025-07-18
303,1,Referral,2023-03-18
304,1,LinkedIn,2023-01-10
304,2,Referral,2025-02-15
305,1,Referral,2024-10-01
305,2,Referral,2025-05-07
306,1,LinkedIn,2024-03-04
307,1,Referral,2024-03-30
308,1,LinkedIn,2023-07-25
309,1,LinkedIn,2023-10-23
309,2,Referral,2023-12-22
309,3,LinkedIn,2024-11-28
310,1,LinkedIn,2024-02-08
310,2,LinkedIn,2024-04-18
311,1,LinkedIn,2024-12-31
312,1,LinkedIn,2023-09-30
312,2,LinkedIn,2024-09-24
313,1,Naukri,2023-02-14
314,1,Referral,2023-01-16
315,1,CareerSite,2024-11-15
316,1,Naukri,2023-09-08
317,1,Naukri,2024-04-30
318,1,LinkedIn,2024-02-13
318,2,Naukri,2025-10-29
319,1,LinkedIn,2023-07-06
319,2,Referral,2025-07-06
320,1,LinkedIn,2024-03-16
321,1,Naukri,2023-04-03
322,1,LinkedIn,2023-08-04
322,2,Referral,2025-03-19
323,1,LinkedIn,2024-04-22
324,1,LinkedIn,2023-08-20
325,1,LinkedIn,2023-11-25
326,1,LinkedIn,2025-08-05
327,1,CareerSite,2023-07-10
328,1,Referral,2024-05-17
329,1,Naukri,2023-01-18
329,2,Naukri,2025-10-27
330,1,CareerSite,2024-07-17
331,1,Naukri,2025-08-11
332,1,Naukri,2025-07-25
333,1,Naukri,2024-01-05
333,2,LinkedIn,2025-03-10
333,3,Agency,2025-09-06
334,1,LinkedIn,2023-02-28
334,2,LinkedIn,2024-10-19
335,1,Referral,2023-01-08
335,2,Referral,2024-10-08
336,1,LinkedIn,2025-06-25
337,1,LinkedIn,2023-05-16
337,2,CareerSite,2024-11-17
338,1,Referral,2024-05-25
339,1,LinkedIn,2023-05-18
339,2,Referral,2025-04-26
340,1,LinkedIn,2023-04-06
340,2,Naukri,2024-04-17
341,1,LinkedIn,2024-07-08
341,2,CareerSite,2024-10-19
342,1,LinkedIn,2023-06-05
343,1,Naukri,2023-06-28
344,1,Referral,2024-05-31
345,1,Referral,2025-10-28
346,1,Referral,2023-12-11
346,2,LinkedIn,2025-09-23
347,1,LinkedIn,2024-10-01
347,2,LinkedIn,2024-11-23
348,1,CareerSite,2024-09-06
349,1,Referral,2024-10-13
350,1,Agency,2023-10-12
350,2,Naukri,2025-12-13
351,1,LinkedIn,2024-09-25
352,1,LinkedIn,2023-08-18
353,1,CareerSite,2023-11-29
354,1,Naukri,2024-06-05
355,1,CareerSite,2024-11-02
356,1,Agency,2025-09-12
357,1,CareerSite,2023-02-01
358,1,LinkedIn,2025-07-05
359,1,CareerSite,2024-05-01
360,1,LinkedIn,2024-08-23
361,1,LinkedIn,2023-09-14
361,2,CareerSite,2023-12-22
362,1,Naukri,2024-05-18
363,1,Naukri,2023-07-07
364,1,LinkedIn,2023-06-24
365,1,Naukri,2023-02-13
365,2,LinkedIn,2023-02-25
365,3,LinkedIn,2024-04-04
366,1,LinkedIn,2025-02-16
367,1,CareerSite,2025-06-14
368,1,Naukri,2025-03-08
368,2,Referral,2025-04-11
369,1,LinkedIn,2025-01-14
370,1,LinkedIn,2025-05-16
370,2,Naukri,2025-08-17
371,1,LinkedIn,2023-02-02
371,2,LinkedIn,2024-05-02
371,3,LinkedIn,2024-07-07
372,1,Naukri,2023-12-28
373,1,Naukri,2023-10-05
373,2,Naukri,2024-07-27
374,1,LinkedIn,2023-11-12
375,1,LinkedIn,2024-04-15
376,1,Referral,2023-02-19
376,2,LinkedIn,2025-07-19
377,1,Naukri,2025-06-03
377,2,Referral,2025-07-11
378,1,Naukri,2023-02-25
378,2,Naukri,2024-09-24
378,3,LinkedIn,2025-09-02
379,1,Referral,2024-07-29
380,1,LinkedIn,2023-01-02
380,2,Referral,2023-10-26
380,3,Naukri,2023-11-21
381,1,LinkedIn,2024-12-13
381,2,Naukri,2025-10-03
382,1,LinkedIn,2023-10-06
382,2,Naukri,2024-01-26
383,1,LinkedIn,2024-08-24
384,1,Naukri,2023-12-17
384,2,LinkedIn,2024-05-23
385,1,Referral,2023-05-21
385,2,Referral,2024-09-26
386,1,LinkedIn,2025-01-08
386,2,Naukri,2025-04-21
387,1,Referral,2023-11-01
388,1,Naukri,2025-10-19
389,1,Naukri,2024-02-04
389,2,LinkedIn,2024-12-03
390,1,Referral,2023-12-30
390,2,LinkedIn,2025-02-08
391,1,Referral,2024-01-14
392,1,Naukri,2024-11-03
393,1,Referral,2023-06-28
394,1,Referral,2024-08-03
395,1,Naukri,2024-11-04
396,1,LinkedIn,2025-10-28
397,1,CareerSite,2024-09-28
398,1,Naukri,2023-09-06
399,1,Referral,2024-01-23
399,2,Naukri,2024-10-06
400,1,LinkedIn,2024-06-08
401,1,LinkedIn,2024-12-31
402,1,Naukri,2023-01-29
403,1,LinkedIn,2023-04-18
404,1,LinkedIn,2025-01-15
404,2,LinkedIn,2025-04-09
404,3,Referral,2025-05-22
405,1,Naukri,2025-04-19
406,1,Naukri,2023-02-25
407,1,LinkedIn,2023-09-21
407,2,LinkedIn,2025-06-29
407,3,Naukri,2025-08-16
408,1,Referral,2023-03-07
408,2,LinkedIn,2025-08-07
409,1,LinkedIn,2023-05-26
410,1,Referral,2023-11-28
411,1,Referral,2023-03-17
412,1,Naukri,2023-08-03
413,1,Naukri,2023-01-08
414,1,LinkedIn,2024-05-31
415,1,Naukri,2025-08-02
416,1,LinkedIn,2023-08-06
417,1,Referral,2023-01-16
417,2,Referral,2024-12-12
418,1,Referral,2023-01-21
418,2,LinkedIn,2025-06-13
419,1,CareerSite,2023-02-14
419,2,Naukri,2024-07-15
419,3,Referral,2025-01-15
420,1,Referral,2023-05-24
421,1,Naukri,2023-09-12
421,2,LinkedIn,2025-03-27
422,1,Agency,2023-07-20
422,2,LinkedIn,2025-07-16
423,1,LinkedIn,2025-04-18
423,2,Referral,2025-07-28
424,1,LinkedIn,2023-07-14
425,1,LinkedIn,2025-01-12
425,2,CareerSite,2025-03-24
426,1,Referral,2023-07-27
427,1,CareerSite,2025-02-12
428,1,LinkedIn,2023-10-24
428,2,CareerSite,2024-11-22
429,1,LinkedIn,2023-03-03
430,1,Naukri,2024-03-30
431,1,Referral,2025-10-17
432,1,Naukri,2023-04-26
432,2,LinkedIn,2024-08-29
433,1,LinkedIn,2023-09-12
433,2,LinkedIn,2025-02-12
434,1,LinkedIn,2023-04-29
434,2,Referral,2025-10-02
435,1,Naukri,2023-01-11
435,2,Agency,2025-05-02
436,1,LinkedIn,2024-03-12
436,2,Naukri,2025-08-03
437,1,LinkedIn,2024-08-12
438,1,LinkedIn,2025-07-09
439,1,CareerSite,2023-03-19
439,2,LinkedIn,2023-05-16
440,1,LinkedIn,2024-06-13
441,1,LinkedIn,2023-08-07
441,2,LinkedIn,2023-11-08
442,1,Referral,2025-05-22
443,1,LinkedIn,2023-02-17
443,2,LinkedIn,2024-01-22
443,3,CareerSite,2025-11-11
444,1,Naukri,2024-11-19
444,2,Naukri,2024-11-25
445,1,Naukri,2023-12-10
446,1,LinkedIn,2023-09-18
447,1,LinkedIn,2024-01-11
447,2,Referral,2025-01-19
448,1,LinkedIn,2025-06-09
449,1,LinkedIn,2024-08-08
450,1,Naukri,2023-01-05
451,1,LinkedIn,2024-06-19
452,1,CareerSite,2024-02-03
452,2,Naukri,2025-05-20
453,1,LinkedIn,2023-03-10
454,1,Naukri,2024-04-13
454,2,CareerSite,2025-02-22
454,3,Naukri,2025-11-15
455,1,Naukri,2025-07-28
455,2,Referral,2025-10-25
456,1,Referral,2023-12-26
457,1,Referral,2025-05-01
458,1,Referral,2024-07-21
459,1,Referral,2023-10-18
460,1,LinkedIn,2023-03-04
461,1,Referral,2023-05-14
462,1,Referral,2023-10-10
462,2,LinkedIn,2025-06-10
463,1,CareerSite,2025-10-19
464,1,Referral,2023-03-11
464,2,LinkedIn,2023-12-22
465,1,LinkedIn,2023-03-09
465,2,LinkedIn,2024-09-24
466,1,LinkedIn,2023-04-21
467,1,Agency,2023-09-11
467,2,CareerSite,2024-03-19
468,1,LinkedIn,2023-08-09
469,1,Naukri,2025-07-22
470,1,CareerSite,2024-03-07
471,1,LinkedIn,2025-02-27
472,1,Referral,2023-07-21
473,1,Referral,2023-08-12
474,1,Naukri,2024-11-26
475,1,LinkedIn,2024-02-03
475,2,LinkedIn,2025-10-25
476,1,LinkedIn,2023-12-07
477,1,LinkedIn,2024-04-21
477,2,CareerSite,2025-08-11
478,1,LinkedIn,2023-11-14
479,1,LinkedIn,2025-05-22
480,1,Referral,2025-09-24
481,1,Referral,2025-04-09
482,1,Naukri,2023-08-12
482,2,LinkedIn,2025-06-24
483,1,LinkedIn,2023-08-09
483,2,LinkedIn,2025-12-02
484,1,Naukri,2025-09-03
485,1,LinkedIn,2023-03-28
485,2,LinkedIn,2024-11-27
485,3,LinkedIn,2025-04-19
486,1,Naukri,2023-05-03
487,1,CareerSite,2024-01-04
487,2,Agency,2024-11-05
488,1,Referral,2024-10-06
488,2,LinkedIn,2025-02-16
489,1,LinkedIn,2023-04-06
490,1,LinkedIn,2023-01-07
490,2,LinkedIn,2025-06-07
490,3,Agency,2025-11-05
491,1,LinkedIn,2025-08-25
492,1,LinkedIn,2023-11-20
493,1,LinkedIn,2023-02-05
494,1,LinkedIn,2025-04-02
495,1,CareerSite,2023-06-02
495,2,Naukri,2024-09-15
496,1,Referral,2024-07-17
497,1,Referral,2023-02-22
497,2,LinkedIn,2025-11-05
498,1,Referral,2023-04-08
498,2,LinkedIn,2024-10-27
499,1,CareerSite,2023-12-06
500,1,LinkedIn,2024-07-12
501,1,LinkedIn,2025-02-24
502,1,Referral,2023-03-08
503,1,Referral,2024-05-04
504,1,Referral,2023-06-21
504,2,Naukri,2025-09-29
505,1,Naukri,2023-01-30
505,2,LinkedIn,2024-05-02
506,1,Naukri,2023-11-30
507,1,Naukri,2024-09-24
507,2,Naukri,2024-12-09
508,1,Naukri,2023-04-24
509,1,LinkedIn,2023-05-04
510,1,LinkedIn,2023-10-29
510,2,Agency,2024-12-01
511,1,CareerSite,2025-01-16
512,1,LinkedIn,2023-04-17
513,1,LinkedIn,2023-10-29
513,2,CareerSite,2025-11-03
514,1,LinkedIn,2024-12-26
514,2,LinkedIn,2025-02-22
515,1,Referral,2025-01-05
516,1,Naukri,2023-01-28
516,2,Naukri,2025-02-28
517,1,CareerSite,2024-03-15
518,1,Referral,2023-01-30
519,1,Referral,2023-05-23
520,1,Naukri,2025-06-09
521,1,LinkedIn,2024-06-28
521,2,LinkedIn,2025-11-07
522,1,Naukri,2023-06-08
522,2,CareerSite,2023-08-21
522,3,LinkedIn,2025-04-11
523,1,Agency,2023-01-03
523,2,CareerSite,2023-07-01
523,3,LinkedIn,2025-10-14
524,1,Referral,2023-09-02
524,2,LinkedIn,2024-08-21
525,1,Naukri,2023-04-28
526,1,LinkedIn,2023-09-17
527,1,Referral,2025-01-28
528,1,CareerSite,2023-09-03
529,1,Referral,2025-08-16
530,1,Naukri,2024-02-16
531,1,Naukri,2023-02-20
531,2,CareerSite,2023-07-10
532,1,Agency,2023-05-29
532,2,LinkedIn,2025-12-07
533,1,Naukri,2024-04-04
534,1,LinkedIn,2023-03-04
535,1,Agency,2024-10-31
536,1,CareerSite,2024-11-26
537,1,LinkedIn,2024-11-17
538,1,Referral,2024-03-21
538,2,LinkedIn,2025-08-04
539,1,LinkedIn,2024-04-27
540,1,LinkedIn,2023-05-24
541,1,LinkedIn,2023-03-31
541,2,LinkedIn,2024-11-09
542,1,LinkedIn,2023-07-19
542,2,Naukri,2023-11-28
542,3,CareerSite,2024-05-17
543,1,LinkedIn,2023-11-09
543,2,Agency,2024-10-04
543,3,LinkedIn,2024-12-31
544,1,LinkedIn,2024-07-12
545,1,CareerSite,2023-02-15
545,2,LinkedIn,2023-08-15
546,1,Referral,2025-12-10
547,1,LinkedIn,2025-07-14
548,1,LinkedIn,2025-06-10
549,1,LinkedIn,2024-09-13
550,1,Naukri,2023-01-16
550,2,LinkedIn,2023-02-24
551,1,LinkedIn,2025-04-19
552,1,LinkedIn,2024-10-28
553,1,Naukri,2025-06-15
553,2,Naukri,2025-12-08
554,1,LinkedIn,2023-04-19
554,2,LinkedIn,2025-07-27
555,1,CareerSite,2023-09-16
555,2,LinkedIn,2025-02-21
556,1,Agency,2024-07-16
556,2,Naukri,2025-10-23
557,1,Referral,2025-07-17
558,1,Agency,2024-09-02
559,1,LinkedIn,2023-11-01
559,2,Naukri,2023-12-27
560,1,LinkedIn,2024-06-20
561,1,Referral,2023-07-21
561,2,Naukri,2025-01-18
562,1,Naukri,2025-10-08
563,1,LinkedIn,2023-08-10
564,1,LinkedIn,2023-11-09
565,1,Agency,2024-05-31
566,1,LinkedIn,2023-02-25
567,1,LinkedIn,2023-01-18
567,2,Naukri,2025-03-10
567,3,LinkedIn,2025-09-01
568,1,LinkedIn,2023-08-05
569,1,Naukri,2025-02-03
570,1,Referral,2023-03-21
570,2,Naukri,2023-08-18
571,1,LinkedIn,2024-06-28
572,1,Referral,2024-02-01
572,2,LinkedIn,2024-03-21
573,1,Agency,2024-02-25
574,1,Naukri,2023-04-05
574,2,LinkedIn,2025-02-28
575,1,CareerSite,2023-05-13
575,2,LinkedIn,2023-08-25
576,1,LinkedIn,2024-11-30
577,1,Referral,2024-08-16
577,2,Naukri,2025-07-20
578,1,LinkedIn,2025-02-04
578,2,Referral,2025-02-25
578,3,Referral,2025-12-23
579,1,LinkedIn,2024-06-14
579,2,LinkedIn,2025-03-09
580,1,Referral,2024-04-29
581,1,LinkedIn,2024-05-19
582,1,LinkedIn,2023-10-22
582,2,LinkedIn,2025-12-31
583,1,Referral,2025-11-01
584,1,Referral,2023-07-31
584,2,Naukri,2024-10-26
584,3,Referral,2024-11-05
585,1,LinkedIn,2023-01-31
586,1,Naukri,2023-06-03
586,2,Naukri,2024-11-25
587,1,Naukri,2023-01-26
588,1,LinkedIn,2023-05-18
589,1,LinkedIn,2023-03-05
590,1,LinkedIn,2024-06-21
591,1,Naukri,2024-10-14
592,1,Naukri,2024-07-01
593,1,Naukri,2025-01-27
593,2,Referral,2025-08-25
593,3,CareerSite,2025-11-05
594,1,LinkedIn,2024-07-20
594,2,Naukri,2025-10-10
595,1,Referral,2024-04-10
596,1,LinkedIn,2023-02-09
596,2,Naukri,2024-12-22
597,1,LinkedIn,2023-09-05
598,1,CareerSite,2025-09-15
599,1,LinkedIn,2024-09-04
599,2,Naukri,2025-11-29
600,1,LinkedIn,2023-10-11
601,1,LinkedIn,2025-06-16
602,1,CareerSite,2025-02-13
603,1,LinkedIn,2024-03-25
603,2,LinkedIn,2024-05-30
604,1,Naukri,2024-05-04
604,2,CareerSite,2025-09-15
605,1,Naukri,2023-03-04
605,2,Referral,2025-01-07
606,1,Referral,2023-03-19
606,2,Naukri,2023-11-10
606,3,Referral,2024-01-14
607,1,Referral,2024-05-07
608,1,Naukri,2023-08-06
609,1,Naukri,2024-09-19
610,1,LinkedIn,2023-05-23
610,2,Referral,2023-06-16
611,1,LinkedIn,2024-12-19
612,1,Referral,2023-08-27
612,2,Naukri,2025-01-12
613,1,Referral,2024-05-18
614,1,LinkedIn,2023-01-14
615,1,Referral,2024-09-22
616,1,Referral,2023-06-06
616,2,Referral,2024-04-29
617,1,Agency,2025-03-30
618,1,LinkedIn,2024-09-19
618,2,LinkedIn,2025-12-31
619,1,Naukri,2023-10-17
619,2,Referral,2023-11-11
620,1,LinkedIn,2024-07-05
621,1,LinkedIn,2025-06-24
622,1,LinkedIn,2023-05-02
623,1,LinkedIn,2025-04-28
624,1,CareerSite,2025-10-19
625,1,LinkedIn,2024-07-21
626,1,Naukri,2023-11-13
626,2,Referral,2024-10-03
627,1,Naukri,2025-07-26
628,1,Referral,2025-08-14
629,1,Naukri,2023-07-17
630,1,Naukri,2024-06-13
630,2,Naukri,2024-12-23
631,1,Referral,2024-06-11
631,2,CareerSite,2024-08-03
632,1,Naukri,2024-06-13
632,2,Agency,2025-07-22
633,1,Naukri,2024-09-12
634,1,LinkedIn,2023-06-24
635,1,CareerSite,2023-11-15
636,1,LinkedIn,2024-05-04
637,1,Agency,2024-03-14
638,1,Naukri,2023-03-08
638,2,Naukri,2024-03-29
639,1,CareerSite,2024-08-11
640,1,Referral,2024-02-09
640,2,LinkedIn,2025-07-25
641,1,Referral,2024-02-09
641,2,LinkedIn,2024-03-05
642,1,LinkedIn,2025-06-02
643,1,Referral,2025-07-30
644,1,Naukri,2024-11-28
645,1,Naukri,2024-10-09
646,1,Naukri,2023-05-29
646,2,Referral,2025-05-21
647,1,LinkedIn,2023-01-17
648,1,CareerSite,2023-03-05
648,2,Naukri,2025-10-06
649,1,Naukri,2025-04-08
650,1,Naukri,2025-11-17
651,1,LinkedIn,2023-06-23
651,2,LinkedIn,2025-05-13
652,1,Naukri,2025-05-09
653,1,LinkedIn,2023-11-06
653,2,Naukri,2024-05-20
653,3,Referral,2025-01-05
654,1,Agency,2023-04-24
654,2,CareerSite,2025-04-23
655,1,Naukri,2025-03-10
656,1,LinkedIn,2024-01-15
656,2,LinkedIn,2025-06-04
657,1,Naukri,2024-06-07
658,1,Naukri,2025-06-09
659,1,LinkedIn,2023-04-01
659,2,Naukri,2025-09-29
660,1,Referral,2023-03-20
660,2,LinkedIn,2025-07-25
661,1,LinkedIn,2025-11-26
662,1,CareerSite,2025-06-17
663,1,CareerSite,2025-07-02
664,1,Naukri,2023-12-24
664,2,LinkedIn,2025-06-14
665,1,LinkedIn,2025-08-17
666,1,Naukri,2025-08-23
667,1,Naukri,2023-03-27
667,2,LinkedIn,2023-04-27
668,1,LinkedIn,2024-03-17
669,1,CareerSite,2023-05-12
669,2,LinkedIn,2023-12-18
669,3,Naukri,2024-10-27
670,1,CareerSite,2023-08-24
671,1,Naukri,2023-05-15
672,1,LinkedIn,2024-08-19
673,1,Referral,2024-08-15
674,1,Naukri,2023-11-23
675,1,LinkedIn,2025-01-23
676,1,LinkedIn,2023-05-21
676,2,Referral,2025-06-09
677,1,LinkedIn,2023-03-20
678,1,Naukri,2024-11-06
679,1,Referral,2025-08-31
680,1,CareerSite,2023-01-06
680,2,Referral,2023-02-08
681,1,LinkedIn,2023-07-04
681,2,CareerSite,2025-07-02
682,1,CareerSite,2023-02-13
682,2,Naukri,2024-10-31
683,1,Naukri,2023-02-12
683,2,LinkedIn,2025-08-12
684,1,Naukri,2024-04-26
685,1,CareerSite,2024-09-16
686,1,CareerSite,2024-09-02
687,1,Referral,2023-09-20
687,2,LinkedIn,2023-11-09
688,1,Naukri,2024-08-23
689,1,Referral,2023-11-17
689,2,Naukri,2025-08-16
690,1,Naukri,2025-02-10
690,2,Referral,2025-11-02
691,1,Naukri,2025-02-28
692,1,LinkedIn,2024-08-17
693,1,Referral,2024-02-11
693,2,Referral,2025-02-28
694,1,LinkedIn,2025-03-05
694,2,Agency,2025-09-07
695,1,LinkedIn,2023-12-10
696,1,LinkedIn,2025-03-10
697,1,LinkedIn,2025-08-25
697,2,LinkedIn,2025-10-07
698,1,Referral,2023-08-22
699,1,Referral,2025-04-04
699,2,Referral,2025-04-05
700,1,Referral,2023-02-04
700,2,Naukri,2025-03-07
701,1,CareerSite,2023-10-20
701,2,LinkedIn,2023-11-16
701,3,Naukri,2024-07-26
702,1,Referral,2024-11-11
703,1,Naukri,2023-05-20
704,1,Naukri,2023-02-06
705,1,LinkedIn,2023-04-11
706,1,LinkedIn,2024-03-22
707,1,Naukri,2024-01-10
707,2,Naukri,2024-02-27
707,3,Referral,2025-08-16
708,1,CareerSite,2023-01-16
709,1,Naukri,2024-10-22
709,2,LinkedIn,2025-11-19
710,1,Naukri,2025-02-27
711,1,LinkedIn,2024-05-14
712,1,Naukri,2023-08-29
713,1,Referral,2023-10-23
714,1,LinkedIn,2024-04-17
715,1,Naukri,2025-02-22
716,1,LinkedIn,2024-03-20
717,1,LinkedIn,2024-04-26
718,1,Referral,2023-11-29
719,1,LinkedIn,2025-12-02
720,1,Naukri,2023-01-17
720,2,LinkedIn,2025-08-12
721,1,LinkedIn,2024-06-12
721,2,LinkedIn,2024-09-18
721,3,Referral,2025-06-23
722,1,LinkedIn,2023-08-31
722,2,Referral,2024-09-24
723,1,Referral,2024-04-18
723,2,Naukri,2025-03-13
724,1,Naukri,2023-12-11
725,1,LinkedIn,2024-10-03
726,1,LinkedIn,2024-12-28
726,2,LinkedIn,2025-05-15
726,3,LinkedIn,2025-12-23
727,1,LinkedIn,2023-09-25
727,2,Agency,2024-10-04
727,3,CareerSite,2025-04-16
728,1,LinkedIn,2023-10-12
729,1,Referral,2023-10-24
730,1,LinkedIn,2025-07-08
731,1,Referral,2023-10-12
731,2,Referral,2023-11-17
731,3,LinkedIn,2024-11-18
732,1,LinkedIn,2025-01-30
733,1,Referral,2024-06-29
733,2,Naukri,2025-07-11
734,1,LinkedIn,2025-05-20
735,1,CareerSite,2025-10-29
736,1,LinkedIn,2023-05-20
736,2,Agency,2023-06-01
737,1,Naukri,2024-08-27
738,1,Referral,2023-09-18
739,1,Naukri,2024-02-10
739,2,LinkedIn,2024-10-03
740,1,LinkedIn,2024-02-13
741,1,Referral,2025-06-03
742,1,Referral,2025-03-24
743,1,Naukri,2023-07-08
743,2,LinkedIn,2023-09-23
744,1,Referral,2024-02-14
744,2,LinkedIn,2025-11-30
745,1,LinkedIn,2024-03-17
746,1,Naukri,2023-10-04
747,1,Naukri,2025-01-12
748,1,LinkedIn,2023-08-06
748,2,Referral,2024-11-09
748,3,CareerSite,2024-12-14
749,1,LinkedIn,2023-12-29
750,1,LinkedIn,2025-10-23
751,1,LinkedIn,2023-12-10
752,1,Naukri,2023-07-04
753,1,LinkedIn,2023-12-22
754,1,CareerSite,2024-10-09
755,1,LinkedIn,2025-12-27
756,1,Referral,2024-02-05
756,2,LinkedIn,2024-11-01
757,1,LinkedIn,2023-07-16
757,2,Referral,2023-09-05
758,1,Naukri,2024-05-05
758,2,Referral,2025-09-10
759,1,Referral,2023-10-11
759,2,LinkedIn,2025-05-13
760,1,LinkedIn,2024-10-25
761,1,LinkedIn,2023-07-22
762,1,LinkedIn,2025-09-17
763,1,Naukri,2024-10-28
764,1,Referral,2024-06-20
764,2,LinkedIn,2025-04-15
765,1,Naukri,2025-04-16
766,1,LinkedIn,2023-07-07
767,1,Agency,2023-11-16
767,2,Referral,2024-05-30
768,1,CareerSite,2024-05-08
769,1,LinkedIn,2023-03-14
769,2,Naukri,2024-04-09
770,1,Referral,2023-07-01
770,2,LinkedIn,2023-12-15
770,3,Naukri,2025-08-30
771,1,LinkedIn,2025-02-03
772,1,Naukri,2024-12-03
773,1,Naukri,2023-05-07
773,2,CareerSite,2025-01-31
774,1,Agency,2024-12-01
775,1,CareerSite,2023-02-27
776,1,CareerSite,2025-10-13
777,1,Referral,2023-07-18
778,1,CareerSite,2024-08-30
778,2,Referral,2024-10-29
779,1,LinkedIn,2024-05-10
779,2,LinkedIn,2025-07-28
779,3,Naukri,2025-08-26
780,1,Referral,2024-05-01
781,1,Referral,2025-11-13
782,1,LinkedIn,2025-05-30
783,1,Referral,2025-04-26
784,1,Naukri,2023-03-28
785,1,LinkedIn,2023-08-25
785,2,LinkedIn,2023-11-19
786,1,Naukri,2025-03-18
787,1,Naukri,2023-06-19
787,2,Referral,2024-05-09
788,1,LinkedIn,2023-01-17
789,1,Referral,2023-11-07
789,2,LinkedIn,2025-01-22
790,1,Naukri,2024-10-24
790,2,LinkedIn,2025-06-25
791,1,Naukri,2023-05-03
791,2,CareerSite,2024-04-28
791,3,LinkedIn,2024-07-01
792,1,Referral,2023-10-04
793,1,LinkedIn,2023-06-07
794,1,Referral,2023-01-27
795,1,LinkedIn,2023-09-18
795,2,Naukri,2023-12-20
796,1,Referral,2024-04-12
796,2,Naukri,2025-09-01
797,1,Referral,2025-03-07
797,2,Naukri,2025-10-30
798,1,Naukri,2023-04-09
799,1,LinkedIn,2024-10-30
800,1,Naukri,2023-09-30
800,2,LinkedIn,2023-10-05
801,1,LinkedIn,2025-02-11
802,1,LinkedIn,2023-01-18
803,1,Naukri,2023-05-31
804,1,Referral,2023-06-20
805,1,LinkedIn,2023-12-11
805,2,Naukri,2024-05-18
806,1,Referral,2024-08-08
807,1,CareerSite,2024-09-20
808,1,CareerSite,2023-02-19
808,2,Naukri,2024-04-26
809,1,Naukri,2024-04-03
809,2,LinkedIn,2024-09-11
810,1,LinkedIn,2023-02-07
811,1,LinkedIn,2025-07-19
812,1,LinkedIn,2024-01-07
813,1,LinkedIn,2025-05-01
813,2,LinkedIn,2025-08-14
814,1,Naukri,2023-06-22
814,2,LinkedIn,2024-10-13
815,1,LinkedIn,2023-04-07
815,2,LinkedIn,2025-09-06
816,1,Referral,2023-09-27
816,2,LinkedIn,2023-10-28
816,3,Naukri,2024-09-24
817,1,Naukri,2023-01-13
818,1,LinkedIn,2023-10-29
819,1,Naukri,2024-11-29
819,2,LinkedIn,2024-12-11
820,1,Naukri,2024-01-09
821,1,Referral,2023-10-02
822,1,Naukri,2023-04-09
822,2,LinkedIn,2024-11-07
822,3,Referral,2025-04-24
823,1,Naukri,2023-09-25
824,1,Naukri,2023-06-01
824,2,Referral,2024-04-10
824,3,Naukri,2024-04-15
825,1,Referral,2025-10-29
826,1,Naukri,2023-10-19
826,2,LinkedIn,2024-02-04
826,3,Referral,2025-07-28
827,1,Referral,2025-03-28
827,2,Naukri,2025-05-20
828,1,CareerSite,2024-10-21
829,1,LinkedIn,2023-05-17
830,1,Naukri,2024-08-01
830,2,Naukri,2025-10-30
831,1,CareerSite,2024-12-21
832,1,Referral,2023-09-26
832,2,Naukri,2025-11-07
833,1,Naukri,2024-01-30
833,2,Naukri,2025-10-25
834,1,LinkedIn,2023-12-07
834,2,LinkedIn,2024-12-20
835,1,Naukri,2023-10-31
836,1,CareerSite,2024-10-08
837,1,Referral,2025-11-11
838,1,Naukri,2023-06-17
839,1,Referral,2024-07-03
840,1,Naukri,2023-12-28
841,1,Referral,2023-11-16
842,1,Referral,2024-06-27
843,1,Naukri,2023-10-22
844,1,Referral,2023-07-05
845,1,LinkedIn,2023-11-04
846,1,CareerSite,2023-11-01
846,2,Naukri,2024-12-07
846,3,Referral,2025-12-28
847,1,Naukri,2023-08-31
847,2,Naukri,2024-03-18
848,1,Naukri,2023-10-18
849,1,Referral,2024-01-19
850,1,Naukri,2023-08-18
850,2,Naukri,2025-08-27
851,1,LinkedIn,2025-02-24
852,1,Referral,2023-03-05
852,2,CareerSite,2025-12-30
853,1,Referral,2025-05-13
854,1,LinkedIn,2025-02-16
855,1,LinkedIn,2025-05-05
856,1,LinkedIn,2023-03-04
856,2,LinkedIn,2025-10-08
857,1,Naukri,2023-03-19
857,2,Referral,2024-01-07
858,1,LinkedIn,2023-11-19
858,2,LinkedIn,2024-09-05
859,1,Naukri,2023-10-17
860,1,Naukri,2023-11-09
860,2,Referral,2025-05-01
860,3,Referral,2025-07-14
861,1,LinkedIn,2025-02-02
862,1,Referral,2025-11-29
863,1,Referral,2025-01-07
864,1,Naukri,2024-05-04
865,1,LinkedIn,2023-12-14
865,2,LinkedIn,2025-03-05
866,1,Naukri,2025-05-31
866,2,LinkedIn,2025-09-12
867,1,Naukri,2024-05-23
867,2,Agency,2024-06-26
868,1,Naukri,2023-06-25
869,1,LinkedIn,2024-03-09
869,2,Naukri,2024-08-03
870,1,LinkedIn,2023-09-05
871,1,LinkedIn,2023-04-18
871,2,LinkedIn,2025-02-10
872,1,LinkedIn,2024-02-20
872,2,Naukri,2024-08-08
873,1,Naukri,2025-11-10
874,1,Referral,2023-09-04
875,1,LinkedIn,2024-06-24
875,2,Referral,2025-06-10
876,1,CareerSite,2023-11-02
876,2,LinkedIn,2024-04-08
876,3,Naukri,2024-05-31
877,1,LinkedIn,2024-12-29
878,1,LinkedIn,2023-07-31
878,2,Naukri,2025-01-02
879,1,LinkedIn,2023-10-01
880,1,LinkedIn,2023-02-13
881,1,Naukri,2024-04-09
881,2,LinkedIn,2024-12-12
882,1,LinkedIn,2024-04-25
882,2,Referral,2025-11-26
883,1,CareerSite,2025-01-06
884,1,Naukri,2023-08-27
885,1,LinkedIn,2023-07-24
885,2,LinkedIn,2023-08-13
885,3,Referral,2025-06-18
886,1,Naukri,2023-12-08
887,1,Referral,2023-04-27
887,2,LinkedIn,2024-01-14
887,3,LinkedIn,2024-06-23
888,1,Referral,2025-03-06
889,1,LinkedIn,2024-07-17
889,2,LinkedIn,2024-08-07
890,1,Naukri,2023-02-11
890,2,Referral,2024-10-02
891,1,Agency,2025-04-30
892,1,LinkedIn,2023-02-05
892,2,CareerSite,2023-04-02
893,1,Referral,2024-06-05
893,2,Referral,2024-08-11
894,1,Referral,2023-06-20
895,1,LinkedIn,2025-05-15
895,2,Naukri,2025-06-12
896,1,LinkedIn,2023-12-30
897,1,CareerSite,2023-08-05
898,1,Naukri,2025-02-28
899,1,Naukri,2023-07-17
900,1,LinkedIn,2025-01-15
900,2,LinkedIn,2025-06-29
901,1,LinkedIn,2023-07-04
902,1,CareerSite,2023-10-17
903,1,Naukri,2023-04-11
903,2,Agency,2024-08-05
904,1,Naukri,2023-04-30
905,1,Referral,2023-01-14
906,1,LinkedIn,2023-10-03
907,1,Naukri,2024-10-06
908,1,Naukri,2024-01-05
909,1,Agency,2025-06-28
910,1,Referral,2024-05-31
911,1,Referral,2025-01-22
912,1,Referral,2023-03-01
912,2,Naukri,2024-02-08
912,3,Naukri,2025-04-16
913,1,LinkedIn,2024-10-10
913,2,LinkedIn,2025-10-23
914,1,Referral,2023-08-17
914,2,CareerSite,2023-12-08
914,3,Naukri,2025-11-17
915,1,CareerSite,2024-12-05
916,1,Naukri,2023-05-14
916,2,Referral,2024-08-11
916,3,Naukri,2025-03-08
917,1,Agency,2023-11-29
917,2,LinkedIn,2024-11-27
918,1,Naukri,2023-02-05
918,2,Referral,2024-06-28
919,1,Agency,2025-12-08
920,1,Naukri,2023-10-14
921,1,LinkedIn,2025-09-30
921,2,Agency,2025-11-16
922,1,Naukri,2023-09-12
922,2,Naukri,2025-12-24
923,1,LinkedIn,2025-10-10
924,1,LinkedIn,2025-09-01
925,1,LinkedIn,2024-07-22
926,1,LinkedIn,2023-09-23
927,1,LinkedIn,2024-08-13
928,1,LinkedIn,2025-08-31
929,1,CareerSite,2023-08-21
929,2,Naukri,2024-10-17
930,1,Referral,2025-07-21
931,1,LinkedIn,2024-08-16
932,1,Naukri,2025-01-06
933,1,LinkedIn,2025-04-27
934,1,CareerSite,2023-04-19
934,2,LinkedIn,2025-07-08
935,1,LinkedIn,2025-09-07
936,1,LinkedIn,2024-05-31
937,1,Naukri,2025-12-28
938,1,LinkedIn,2024-09-24
938,2,Referral,2025-08-25
939,1,LinkedIn,2023-01-04
939,2,Naukri,2023-02-21
940,1,LinkedIn,2023-07-29
940,2,Agency,2024-08-28
941,1,LinkedIn,2024-01-01
942,1,Referral,2024-03-17
943,1,Referral,2023-11-09
944,1,Referral,2023-01-03
944,2,LinkedIn,2024-02-21
944,3,Naukri,2025-08-09
945,1,Naukri,2023-07-15
946,1,Referral,2023-01-22
947,1,Naukri,2024-01-01
947,2,Naukri,2024-03-14
948,1,Naukri,2024-03-09
948,2,LinkedIn,2025-06-15
949,1,LinkedIn,2023-11-20
950,1,LinkedIn,2023-08-13
950,2,Referral,2023-11-18
951,1,Naukri,2023-11-11
951,2,LinkedIn,2024-02-03
951,3,Referral,2024-07-02
952,1,LinkedIn,2023-02-22
952,2,Naukri,2025-11-01
953,1,Naukri,2023-06-08
954,1,CareerSite,2024-09-19
955,1,LinkedIn,2024-10-26
956,1,Naukri,2025-05-23
957,1,Naukri,2023-03-14
958,1,Naukri,2023-12-25
959,1,Referral,2024-03-28
959,2,Naukri,2024-04-18
960,1,Naukri,2023-03-01
960,2,Naukri,2025-11-10
961,1,Naukri,2024-12-23
962,1,CareerSite,2023-04-25
962,2,LinkedIn,2024-07-12
963,1,CareerSite,2023-11-22
963,2,CareerSite,2024-01-24
964,1,LinkedIn,2024-06-01
964,2,LinkedIn,2024-08-03
964,3,CareerSite,2024-08-30
965,1,Naukri,2024-08-23
965,2,LinkedIn,2025-02-06
966,1,CareerSite,2025-03-31
966,2,Naukri,2025-08-12
967,1,Naukri,2023-05-01
968,1,Naukri,2024-11-07
969,1,CareerSite,2024-09-18
970,1,CareerSite,2025-01-14
970,2,Referral,2025-12-23
971,1,LinkedIn,2024-05-30
972,1,Referral,2023-01-16
973,1,LinkedIn,2024-02-29
974,1,LinkedIn,2024-04-30
975,1,CareerSite,2023-11-11
976,1,CareerSite,2024-02-05
977,1,LinkedIn,2024-02-04
977,2,Referral,2024-10-31
978,1,Naukri,2024-04-12
979,1,CareerSite,2023-07-23
980,1,Naukri,2024-01-23
981,1,Referral,2025-10-02
982,1,Referral,2023-08-04
982,2,LinkedIn,2025-01-06
983,1,Naukri,2023-11-26
984,1,Naukri,2024-04-16
985,1,CareerSite,2025-10-10
986,1,Referral,2024-03-16
987,1,Referral,2024-11-16
988,1,LinkedIn,2024-07-09
989,1,Referral,2023-09-29
989,2,Naukri,2025-03-21
989,3,Agency,2025-03-26
990,1,LinkedIn,2023-03-29
990,2,Referral,2025-07-26
991,1,Naukri,2024-03-27
991,2,Referral,2024-06-03
992,1,Referral,2024-05-24
992,2,LinkedIn,2025-11-30
993,1,LinkedIn,2023-02-05
994,1,LinkedIn,2023-12-17
995,1,Naukri,2025-02-08
996,1,Naukri,2024-03-02
997,1,Referral,2024-05-16
997,2,Naukri,2024-09-15
998,1,Referral,2025-07-04
999,1,Naukri,2023-09-01
1000,1,CareerSite,2023-09-21
1001,1,Naukri,2023-02-16
1001,2,Naukri,2025-02-09
1001,3,Naukri,2025-09-20
1002,1,CareerSite,2025-11-27
1003,1,LinkedIn,2024-08-14
1003,2,Naukri,2025-08-06
1004,1,LinkedIn,2023-11-26
1005,1,LinkedIn,2023-10-28
1006,1,Naukri,2024-03-05
1006,2,Naukri,2025-09-18
1007,1,Naukri,2025-11-15
1008,1,Referral,2023-11-17
1008,2,Naukri,2024-08-06
1009,1,Naukri,2025-04-06
1010,1,CareerSite,2024-05-05
1011,1,Referral,2025-09-13
1012,1,LinkedIn,2023-06-11
1012,2,Referral,2023-06-25
1013,1,LinkedIn,2023-10-04
1013,2,Referral,2025-01-06
1014,1,Naukri,2024-08-30
1014,2,Agency,2025-10-27
1015,1,LinkedIn,2025-01-01
1016,1,Naukri,2024-03-03
1017,1,Agency,2025-09-26
1018,1,CareerSite,2024-04-13
1019,1,LinkedIn,2023-05-02
1019,2,Naukri,2024-11-18
1020,1,LinkedIn,2024-10-06
1021,1,LinkedIn,2025-09-10
1021,2,Agency,2025-09-15
1022,1,LinkedIn,2023-08-13
1022,2,LinkedIn,2025-10-19
1023,1,LinkedIn,2024-11-25
1023,2,LinkedIn,2025-09-05
1024,1,LinkedIn,2024-05-17
1025,1,CareerSite,2025-11-08
1026,1,Naukri,2025-02-13
1027,1,Referral,2025-08-29
1028,1,Naukri,2023-05-07
1028,2,Referral,2024-06-24
1029,1,Referral,2023-01-21
1029,2,Agency,2023-05-20
1030,1,CareerSite,2025-10-07
1031,1,Naukri,2025-03-26
1032,1,LinkedIn,2024-06-11
1033,1,Naukri,2024-12-16
1034,1,Naukri,2023-02-28
1034,2,Naukri,2025-07-17
1035,1,Referral,2025-06-20
1036,1,Referral,2024-05-04
1037,1,Referral,2024-05-23
1037,2,Naukri,2025-12-09
1038,1,Naukri,2025-11-17
1039,1,Naukri,2023-10-20
1039,2,Naukri,2023-11-01
1040,1,LinkedIn,2025-01-22
1041,1,Referral,2024-10-30
1042,1,Naukri,2023-07-01
1043,1,Referral,2024-05-17
1044,1,Naukri,2024-07-05
1045,1,Referral,2024-02-19
1046,1,LinkedIn,2024-01-04
1046,2,Naukri,2024-02-08
1047,1,LinkedIn,2024-08-22
1047,2,Naukri,2025-03-25
1048,1,Naukri,2025-04-14
1049,1,Naukri,2023-01-05
1050,1,LinkedIn,2025-05-06
1051,1,LinkedIn,2023-01-26
1052,1,LinkedIn,2023-10-19
1052,2,Referral,2025-04-11
1053,1,CareerSite,2025-02-09
1054,1,LinkedIn,2023-08-15
1054,2,Referral,2023-09-19
1054,3,LinkedIn,2025-11-28
1055,1,LinkedIn,2023-02-24
1056,1,LinkedIn,2023-03-27
1057,1,LinkedIn,2024-04-21
1057,2,LinkedIn,2025-03-08
1057,3,LinkedIn,2025-06-18
1058,1,LinkedIn,2025-06-10
1059,1,Referral,2024-09-21
1060,1,LinkedIn,2024-02-04
1061,1,LinkedIn,2023-10-14
1061,2,Naukri,2025-10-14
1062,1,LinkedIn,2023-04-27
1063,1,Naukri,2023-05-09
1063,2,LinkedIn,2025-01-25
1064,1,LinkedIn,2023-10-17
1064,2,Naukri,2024-09-07
1065,1,Referral,2024-05-17
1065,2,Naukri,2025-10-15
1066,1,Referral,2025-07-29
1067,1,Referral,2023-03-23
1068,1,LinkedIn,2023-01-10
1069,1,Referral,2025-02-22
1070,1,Referral,2025-07-16
1071,1,Referral,2023-11-01
1071,2,CareerSite,2023-11-15
1071,3,Naukri,2025-05-05
1072,1,Naukri,2024-07-19
1073,1,Referral,2025-05-15
1074,1,Referral,2023-04-20
1074,2,LinkedIn,2024-08-07
1074,3,LinkedIn,2024-10-07
1075,1,CareerSite,2025-11-29
1076,1,Referral,2023-10-27
1076,2,Referral,2024-11-17
1077,1,LinkedIn,2024-03-12
1077,2,Naukri,2025-12-17
1078,1,LinkedIn,2023-08-26
1078,2,LinkedIn,2024-06-21
1079,1,LinkedIn,2024-01-05
1080,1,Referral,2024-04-02
1080,2,Referral,2025-01-16
1080,3,Naukri,2025-02-08
1081,1,Referral,2023-09-26
1081,2,Referral,2025-08-15
1081,3,LinkedIn,2025-12-29
1082,1,Naukri,2025-07-27
1083,1,Naukri,2023-04-13
1083,2,LinkedIn,2024-04-01
1084,1,LinkedIn,2023-05-30
1085,1,Referral,2024-07-14
1085,2,LinkedIn,2025-09-28
1085,3,LinkedIn,2025-11-26
1086,1,Naukri,2023-06-23
1086,2,CareerSite,2025-08-01
1087,1,Referral,2025-01-20
1088,1,Referral,2023-03-29
1088,2,Naukri,2023-09-23
1089,1,LinkedIn,2023-08-14
1089,2,CareerSite,2023-10-16
1090,1,LinkedIn,2025-01-01
1091,1,Referral,2023-11-17
1092,1,Referral,2024-10-31
1093,1,Naukri,2024-03-18
1094,1,LinkedIn,2024-04-03
1095,1,LinkedIn,2024-09-28
1095,2,LinkedIn,2024-11-16
1096,1,Referral,2023-12-22
1096,2,CareerSite,2025-04-26
1097,1,Agency,2024-04-24
1097,2,Referral,2025-11-27
1098,1,Naukri,2025-04-05
1099,1,Agency,2023-10-23
1099,2,Referral,2023-12-25
1099,3,Naukri,2025-10-08
1100,1,Naukri,2025-07-23
1101,1,Naukri,2023-12-22
1102,1,LinkedIn,2023-09-28
1102,2,LinkedIn,2024-11-01
1102,3,Naukri,2025-05-30
1103,1,Referral,2024-07-16
1104,1,CareerSite,2025-06-21
1105,1,Naukri,2025-10-28
1106,1,CareerSite,2023-01-14
1106,2,Naukri,2023-03-16
1107,1,LinkedIn,2023-05-21
1108,1,Agency,2024-11-04
1109,1,LinkedIn,2023-02-12
1109,2,Referral,2025-10-22
1110,1,Naukri,2025-01-01
1110,2,Referral,2025-04-30
1110,3,Naukri,2025-05-03
1111,1,LinkedIn,2025-05-01
1112,1,Naukri,2023-08-25
1112,2,Agency,2024-12-09
1112,3,LinkedIn,2025-03-09
1113,1,Agency,2024-03-25
1114,1,Agency,2024-07-07
1115,1,LinkedIn,2023-07-26
1116,1,Agency,2025-08-25
1116,2,LinkedIn,2025-12-16
1117,1,LinkedIn,2025-08-05
1117,2,Referral,2025-11-02
1118,1,LinkedIn,2024-08-11
1119,1,LinkedIn,2024-11-24
1120,1,CareerSite,2023-11-09
1121,1,Naukri,2023-10-12
1122,1,LinkedIn,2025-03-19
1123,1,LinkedIn,2025-12-30
1124,1,LinkedIn,2024-03-15
1125,1,CareerSite,2025-02-07
1126,1,Agency,2023-10-04
1126,2,Naukri,2024-09-08
1127,1,Referral,2023-06-20
1127,2,LinkedIn,2024-09-24
1128,1,LinkedIn,2024-04-10
1129,1,Naukri,2023-05-30
1130,1,Naukri,2024-03-15
1130,2,LinkedIn,2024-08-21
1131,1,LinkedIn,2025-03-20
1132,1,CareerSite,2024-11-11
1133,1,Referral,2024-02-16
1133,2,Agency,2025-12-12
1134,1,Agency,2024-01-31
1135,1,Referral,2023-10-26
1135,2,Agency,2025-09-30
1136,1,Naukri,2023-07-31
1137,1,Referral,2024-10-25
1138,1,Referral,2023-11-28
1138,2,LinkedIn,2024-09-29
1138,3,Referral,2024-11-26
1139,1,Naukri,2023-05-24
1139,2,LinkedIn,2024-08-23
1139,3,Naukri,2024-12-23
1140,1,Referral,2024-02-22
1141,1,LinkedIn,2024-06-20
1142,1,Referral,2024-03-01
1143,1,Referral,2024-07-26
1143,2,Naukri,2025-12-17
1144,1,LinkedIn,2023-04-16
1144,2,Naukri,2024-04-04
1145,1,LinkedIn,2025-12-06
1146,1,LinkedIn,2023-07-17
1147,1,CareerSite,2025-02-26
1148,1,LinkedIn,2024-12-24
1148,2,CareerSite,2025-03-01
1149,1,Naukri,2023-09-07
1149,2,Referral,2025-12-18
1150,1,Referral,2025-05-17
1151,1,LinkedIn,2023-03-03
1151,2,Referral,2024-07-29
1151,3,Naukri,2025-05-03
1152,1,LinkedIn,2023-12-25
1153,1,LinkedIn,2023-04-02
1153,2,LinkedIn,2025-11-08
1154,1,LinkedIn,2023-02-01
1155,1,Naukri,2023-06-15
1156,1,Referral,2024-10-04
1156,2,LinkedIn,2024-11-02
1157,1,Naukri,2023-10-02
1158,1,LinkedIn,2024-02-23
1159,1,Naukri,2024-06-11
1160,1,LinkedIn,2024-08-26
1161,1,LinkedIn,2023-05-02
1162,1,Naukri,2025-07-24
1163,1,Naukri,2025-08-19
1164,1,Referral,2024-03-15
1164,2,LinkedIn,2024-07-24
1164,3,LinkedIn,2024-07-25
1165,1,Naukri,2024-04-21
1165,2,LinkedIn,2024-11-14
1165,3,Referral,2024-12-31
1166,1,Agency,2023-07-03
1166,2,LinkedIn,2024-07-21
1167,1,Naukri,2024-10-15
1167,2,Referral,2025-08-04
1168,1,LinkedIn,2023-05-08
1168,2,Naukri,2024-07-01
1168,3,LinkedIn,2025-07-20
1169,1,Naukri,2024-11-03
1170,1,LinkedIn,2023-11-10
1171,1,Referral,2023-05-02
1171,2,Referral,2023-08-15
1172,1,LinkedIn,2024-01-11
1172,2,LinkedIn,2025-12-30
1173,1,LinkedIn,2025-08-09
1174,1,CareerSite,2023-11-18
1175,1,LinkedIn,2024-05-23
1176,1,Naukri,2024-09-18
1177,1,Naukri,2023-06-26
1177,2,Referral,2023-07-18
1177,3,LinkedIn,2024-09-11
1178,1,LinkedIn,2024-09-05
1178,2,Naukri,2024-11-23
1179,1,LinkedIn,2024-04-05
1180,1,LinkedIn,2024-04-11
1180,2,Naukri,2024-12-07
1180,3,Agency,2025-07-09
1181,1,Naukri,2023-02-16
1182,1,LinkedIn,2024-07-09
1183,1,LinkedIn,2025-12-09
1184,1,Referral,2023-04-19
1185,1,LinkedIn,2025-04-07
1186,1,CareerSite,2023-01-20
1186,2,LinkedIn,2025-05-29
1187,1,Naukri,2023-06-10
1187,2,LinkedIn,2025-01-28
1187,3,LinkedIn,2025-09-25
1188,1,Referral,2025-02-17
1189,1,Referral,2025-11-12
1190,1,LinkedIn,2023-04-01
1191,1,Naukri,2025-05-31
1192,1,LinkedIn,2023-11-13
1192,2,Naukri,2025-05-16
1193,1,LinkedIn,2024-01-04
1193,2,Naukri,2025-10-15
1194,1,Referral,2024-03-11
1195,1,Naukri,2023-09-11
1196,1,CareerSite,2023-08-07
1197,1,Referral,2024-04-18
1198,1,Referral,2023-06-12
1199,1,LinkedIn,2023-10-19
1200,1,Referral,2023-09-30
1201,1,Referral,2024-08-14
1202,1,Agency,2023-09-15
1202,2,CareerSite,2024-09-03
1203,1,Referral,2024-02-20
1203,2,LinkedIn,2025-09-26
1204,1,LinkedIn,2024-05-23
1205,1,Naukri,2024-09-18
1206,1,CareerSite,2024-04-01
1206,2,LinkedIn,2025-03-26
1207,1,Naukri,2023-08-05
1208,1,LinkedIn,2023-01-23
1208,2,Agency,2025-03-05
1209,1,LinkedIn,2024-06-06
1209,2,LinkedIn,2025-07-23
1210,1,Referral,2023-04-02
1210,2,Naukri,2023-06-26
1211,1,Naukri,2024-08-24
1212,1,CareerSite,2024-12-12
1213,1,Referral,2023-03-20
1213,2,Naukri,2023-08-14
1214,1,LinkedIn,2025-10-21
1215,1,LinkedIn,2025-04-07
1215,2,CareerSite,2025-09-27
1216,1,Agency,2023-01-22
1216,2,LinkedIn,2023-05-03
1217,1,LinkedIn,2025-07-13
1218,1,Referral,2024-04-15
1218,2,LinkedIn,2025-08-05
1219,1,CareerSite,2024-05-01
1219,2,LinkedIn,2024-12-26
1219,3,Naukri,2025-01-24
1220,1,LinkedIn,2024-07-08
1221,1,LinkedIn,2023-06-27
1221,2,Naukri,2023-08-01
1222,1,LinkedIn,2023-09-24
1223,1,Naukri,2025-09-30
1224,1,LinkedIn,2025-08-15
1225,1,Referral,2023-05-03
1226,1,LinkedIn,2023-04-10
1226,2,LinkedIn,2024-07-18
1227,1,Referral,2023-11-10
1227,2,Referral,2024-11-02
1228,1,LinkedIn,2024-01-29
1228,2,LinkedIn,2024-03-20
1228,3,CareerSite,2025-09-19
1229,1,Naukri,2025-01-19
1230,1,LinkedIn,2023-06-12
1231,1,Referral,2024-06-20
1232,1,Referral,2023-06-07
1233,1,Naukri,2024-07-15
1233,2,Naukri,2025-01-24
1234,1,LinkedIn,2025-08-14
1235,1,LinkedIn,2023-07-17
1236,1,Naukri,2023-05-21
1236,2,LinkedIn,2024-11-05
1236,3,CareerSite,2025-05-24
1237,1,LinkedIn,2025-12-14
1238,1,LinkedIn,2025-11-03
1239,1,Agency,2023-09-28
1240,1,Referral,2024-09-02
1241,1,LinkedIn,2024-04-01
1242,1,Referral,2023-07-23
1242,2,LinkedIn,2025-09-23
1243,1,LinkedIn,2025-08-01
1244,1,LinkedIn,2025-06-18
1245,1,CareerSite,2024-03-02
1245,2,LinkedIn,2024-08-05
1246,1,Referral,2023-04-03
1246,2,LinkedIn,2025-03-23
1247,1,CareerSite,2024-10-13
1247,2,LinkedIn,2025-12-07
1248,1,Naukri,2025-09-22
1249,1,Agency,2023-07-20
1250,1,CareerSite,2023-07-25
1251,1,LinkedIn,2023-05-07
1251,2,Referral,2024-04-17
1252,1,LinkedIn,2024-05-15
1252,2,LinkedIn,2024-08-05
1253,1,Naukri,2023-03-21
1253,2,Naukri,2025-08-17
1254,1,Naukri,2023-10-09
1254,2,Referral,2024-11-08
1255,1,Referral,2024-07-09
1256,1,LinkedIn,2024-04-27
1257,1,Agency,2023-05-15
1258,1,LinkedIn,2025-10-07
1259,1,CareerSite,2024-02-20
1260,1,LinkedIn,2025-03-27
1261,1,LinkedIn,2023-09-24
1261,2,Referral,2025-11-05
1262,1,LinkedIn,2025-02-22
1263,1,Referral,2024-01-31
1264,1,Referral,2024-01-06
1264,2,Referral,2025-03-26
1265,1,Agency,2023-11-09
1266,1,LinkedIn,2023-08-20
1267,1,Referral,2025-10-18
1267,2,Referral,2025-12-11
1268,1,LinkedIn,2023-10-30
1268,2,Naukri,2024-01-20
1269,1,Naukri,2024-04-04
1270,1,LinkedIn,2023-03-27
1271,1,Referral,2024-03-20
1271,2,Agency,2025-12-15
1272,1,CareerSite,2024-01-16
1273,1,Referral,2024-05-13
1274,1,Agency,2025-02-08
1275,1,LinkedIn,2024-12-04
1276,1,Naukri,2024-05-11
1277,1,Referral,2024-06-25
1278,1,Naukri,2025-02-11
1279,1,Referral,2023-01-11
1279,2,LinkedIn,2023-04-24
1279,3,Referral,2023-09-29
1280,1,LinkedIn,2023-12-31
1280,2,LinkedIn,2025-11-01
1281,1,Naukri,2023-06-04
1282,1,LinkedIn,2025-11-28
1283,1,LinkedIn,2025-12-07
1284,1,Naukri,2023-10-01
1285,1,Referral,2024-10-18
1285,2,Referral,2025-01-26
1286,1,LinkedIn,2024-05-25
1286,2,CareerSite,2025-08-25
1287,1,CareerSite,2023-11-23
1287,2,LinkedIn,2025-09-30
1288,1,LinkedIn,2024-05-13
1289,1,Naukri,2023-07-25
1290,1,Agency,2024-01-25
1290,2,Referral,2024-08-12
1291,1,Naukri,2023-05-14
1292,1,Referral,2024-07-29
1292,2,LinkedIn,2024-09-09
1293,1,Referral,2024-02-10
1293,2,CareerSite,2025-11-16
1294,1,CareerSite,2024-04-28
1294,2,Referral,2025-03-22
1295,1,Referral,2024-04-07
1295,2,Referral,2025-07-15
1296,1,LinkedIn,2023-01-25
1297,1,CareerSite,2024-03-19
1297,2,LinkedIn,2025-11-08
1298,1,LinkedIn,2024-05-13
1298,2,Referral,2024-06-23
1299,1,Referral,2025-03-17
1300,1,CareerSite,2023-09-23
1300,2,Naukri,2023-11-29
1300,3,LinkedIn,2024-12-08
1301,1,Naukri,2023-03-05
1301,2,LinkedIn,2024-04-30
1302,1,LinkedIn,2023-02-13
1302,2,Agency,2024-08-22
1303,1,Naukri,2023-12-20
1303,2,LinkedIn,2024-01-08
1304,1,Naukri,2023-07-07
1304,2,Naukri,2025-08-01
1305,1,Naukri,2023-12-08
1305,2,LinkedIn,2024-01-09
1305,3,CareerSite,2025-09-19
1306,1,LinkedIn,2024-09-07
1307,1,CareerSite,2023-12-16
1307,2,Naukri,2025-01-12
1308,1,Naukri,2023-02-05
1309,1,CareerSite,2024-02-19
1310,1,LinkedIn,2023-08-17
1310,2,LinkedIn,2024-06-27
1311,1,LinkedIn,2023-03-07
1311,2,Naukri,2024-06-18
1311,3,LinkedIn,2025-04-28
1312,1,Naukri,2024-10-19
1313,1,Naukri,2024-06-30
1314,1,LinkedIn,2024-03-27
1314,2,CareerSite,2025-04-25
1314,3,Naukri,2025-09-01
1315,1,LinkedIn,2023-08-11
1316,1,Referral,2023-04-09
1317,1,LinkedIn,2024-03-31
1318,1,CareerSite,2024-08-10
1318,2,LinkedIn,2025-02-03
1319,1,CareerSite,2024-02-09
1320,1,Referral,2024-03-24
1321,1,Naukri,2024-12-03
1322,1,LinkedIn,2025-01-13
1322,2,Agency,2025-01-20
1323,1,CareerSite,2023-08-11
1324,1,LinkedIn,2025-02-24
1325,1,Referral,2024-03-05
1326,1,Naukri,2025-09-28
1327,1,Naukri,2024-01-12
1328,1,Naukri,2024-08-09
1329,1,CareerSite,2025-08-31
1330,1,Naukri,2023-05-05
1331,1,LinkedIn,2023-06-24
1332,1,CareerSite,2023-01-20
1332,2,LinkedIn,2024-03-20
1333,1,Referral,2024-06-01
1333,2,Referral,2024-07-17
1334,1,Referral,2024-05-02
1334,2,Referral,2024-09-27
1335,1,LinkedIn,2025-12-03
1336,1,Naukri,2023-02-11
1337,1,LinkedIn,2023-01-02
1338,1,Naukri,2023-10-22
1338,2,Referral,2024-05-09
1338,3,Naukri,2025-01-04
1339,1,Referral,2023-09-28
1339,2,CareerSite,2024-03-08
1340,1,Naukri,2025-01-19
1341,1,LinkedIn,2024-07-31
1342,1,LinkedIn,2023-02-07
1342,2,Naukri,2025-01-22
1342,3,Naukri,2025-06-16
1343,1,Naukri,2023-11-04
1344,1,LinkedIn,2024-01-17
1345,1,LinkedIn,2025-10-30
1346,1,Naukri,2023-09-30
1347,1,Referral,2025-07-02
1347,2,LinkedIn,2025-09-27
1348,1,Naukri,2024-11-20
1349,1,Naukri,2023-09-23
1349,2,Naukri,2025-01-08
1350,1,Referral,2023-10-02
1350,2,Referral,2025-08-31
1351,1,LinkedIn,2023-06-09
1352,1,CareerSite,2025-01-01
1352,2,Naukri,2025-07-25
1353,1,Referral,2023-10-03
1353,2,Naukri,2024-07-01
1354,1,Naukri,2025-12-14
1355,1,LinkedIn,2025-01-24
1356,1,Referral,2024-03-21
1356,2,CareerSite,2025-01-12
1356,3,LinkedIn,2025-03-08
1357,1,Referral,2023-07-26
1358,1,Referral,2023-02-27
1359,1,Naukri,2024-02-03
1360,1,CareerSite,2025-11-01
1361,1,LinkedIn,2023-03-26
1362,1,Naukri,2024-10-11
1363,1,Naukri,2024-09-03
1364,1,Naukri,2023-07-13
1365,1,LinkedIn,2023-02-01
1365,2,LinkedIn,2025-04-24
1365,3,LinkedIn,2025-09-25
1366,1,LinkedIn,2023-03-31
1366,2,LinkedIn,2023-09-06
1366,3,LinkedIn,2025-01-24
1367,1,Referral,2025-11-26
1368,1,LinkedIn,2023-02-21
1369,1,Referral,2023-12-01
1369,2,LinkedIn,2025-11-08
1370,1,Referral,2023-06-20
1371,1,CareerSite,2025-06-15
1372,1,Agency,2024-11-05
1373,1,CareerSite,2024-08-14
1374,1,LinkedIn,2023-02-22
1375,1,LinkedIn,2024-05-23
1375,2,Naukri,2025-10-02
1376,1,LinkedIn,2024-02-02
1376,2,LinkedIn,2025-11-10
1377,1,Referral,2024-12-04
1377,2,Naukri,2025-01-03
1378,1,LinkedIn,2023-06-19
1378,2,LinkedIn,2024-11-13
1379,1,LinkedIn,2025-01-27
1379,2,Referral,2025-02-03
1380,1,CareerSite,2023-03-25
1380,2,CareerSite,2024-10-23
1381,1,LinkedIn,2025-07-07
1382,1,CareerSite,2023-08-22
1383,1,LinkedIn,2023-12-23
1383,2,Naukri,2024-05-25
1383,3,LinkedIn,2025-04-19
1384,1,Referral,2023-03-28
1384,2,LinkedIn,2024-05-08
1385,1,Naukri,2024-08-07
1386,1,Naukri,2023-07-24
1387,1,LinkedIn,2023-08-08
1387,2,LinkedIn,2025-09-01
1388,1,CareerSite,2024-05-26
1389,1,Naukri,2024-02-05
1389,2,Referral,2024-04-13
1389,3,Naukri,2025-05-29
1390,1,LinkedIn,2025-07-26
1391,1,Naukri,2025-05-17
1392,1,LinkedIn,2024-05-03
1392,2,Referral,2024-10-14
1392,3,LinkedIn,2025-03-05
1393,1,LinkedIn,2024-04-25
1394,1,CareerSite,2023-09-08
1395,1,Referral,2024-11-21
1395,2,Referral,2025-09-11
1396,1,Naukri,2025-03-17
1397,1,CareerSite,2024-08-12
1398,1,LinkedIn,2023-08-01
1398,2,Naukri,2024-05-18
1399,1,LinkedIn,2024-12-27
1399,2,Naukri,2025-04-19
1399,3,LinkedIn,2025-07-14
1400,1,LinkedIn,2023-04-05
1401,1,Referral,2025-05-24
1402,1,LinkedIn,2025-09-15
1403,1,LinkedIn,2023-12-03
1404,1,Referral,2023-08-29
1405,1,Naukri,2023-03-21
1405,2,Referral,2025-09-08
1406,1,LinkedIn,2024-03-10
1407,1,Referral,2023-05-22
1408,1,Referral,2025-05-09
1409,1,Referral,2023-12-05
1409,2,Agency,2024-08-21
1410,1,Naukri,2024-01-05
1410,2,LinkedIn,2024-11-15
1411,1,CareerSite,2023-09-30
1411,2,Referral,2023-11-13
1412,1,Referral,2025-11-29
1413,1,Naukri,2023-06-08
1414,1,CareerSite,2023-12-01
1414,2,LinkedIn,2024-10-04
1414,3,Referral,2025-06-10
1415,1,LinkedIn,2024-08-25
1415,2,Referral,2025-05-09
1416,1,LinkedIn,2025-11-07
1417,1,LinkedIn,2023-01-01
1417,2,Referral,2025-08-24
1418,1,LinkedIn,2024-08-12
1418,2,Referral,2025-07-28
1419,1,LinkedIn,2025-04-03
1420,1,LinkedIn,2023-03-08
1420,2,Naukri,2023-04-15
1421,1,LinkedIn,2023-05-09
1422,1,Agency,2025-09-10
1423,1,Referral,2024-11-19
1424,1,Naukri,2025-08-21
1425,1,LinkedIn,2025-02-01
1425,2,Naukri,2025-08-11
1426,1,Agency,2025-02-02
1427,1,Referral,2025-01-14
1428,1,Naukri,2023-11-23
1429,1,Naukri,2023-08-27
1430,1,LinkedIn,2023-05-07
1431,1,LinkedIn,2025-08-16
1431,2,LinkedIn,2025-10-11
1432,1,LinkedIn,2023-11-09
1433,1,Referral,2024-03-11
1434,1,Naukri,2025-11-14
1435,1,CareerSite,2023-01-17
1435,2,LinkedIn,2023-09-18
1435,3,CareerSite,2024-04-09
1436,1,LinkedIn,2024-01-05
1436,2,LinkedIn,2025-01-24
1437,1,LinkedIn,2024-01-02
1438,1,Naukri,2023-03-07
1439,1,LinkedIn,2024-10-19
1440,1,Referral,2025-11-14
1441,1,Naukri,2025-11-23
1442,1,Naukri,2023-01-01
1443,1,LinkedIn,2024-02-21
1444,1,Naukri,2023-05-02
1444,2,Referral,2024-06-20
1444,3,Naukri,2025-02-02
1445,1,Naukri,2025-08-06
1446,1,LinkedIn,2024-09-07
1447,1,Referral,2024-07-30
1447,2,Referral,2024-11-15
1448,1,Referral,2023-02-28
1449,1,LinkedIn,2023-07-12
1449,2,Referral,2023-10-18
1450,1,LinkedIn,2024-12-08
1450,2,Naukri,2025-11-03
1451,1,Naukri,2024-10-13
1452,1,LinkedIn,2024-09-06
1452,2,Referral,2025-02-07
1453,1,LinkedIn,2023-01-16
1453,2,Referral,2025-09-20
1454,1,Referral,2023-05-03
1455,1,Referral,2023-04-24
1455,2,LinkedIn,2024-06-08
1455,3,CareerSite,2025-05-10
1456,1,Naukri,2024-08-17
1457,1,LinkedIn,2023-11-25
1457,2,LinkedIn,2024-08-13
1458,1,LinkedIn,2024-05-07
1458,2,LinkedIn,2025-09-23
1459,1,Referral,2025-12-20
1460,1,CareerSite,2024-10-01
1461,1,LinkedIn,2024-10-22
1462,1,LinkedIn,2024-04-19
1463,1,LinkedIn,2025-06-25
1464,1,LinkedIn,2024-10-24
1465,1,LinkedIn,2023-04-17
1466,1,CareerSite,2024-04-26
1466,2,Naukri,2025-05-12
1467,1,Referral,2024-01-05
1467,2,CareerSite,2024-02-23
1468,1,CareerSite,2024-08-27
1468,2,Referral,2024-11-06
1469,1,Referral,2023-05-29
1469,2,Referral,2025-06-14
1470,1,LinkedIn,2023-12-10
1470,2,LinkedIn,2025-02-07
1471,1,CareerSite,2024-11-20
1472,1,CareerSite,2024-10-13
1473,1,LinkedIn,2023-08-05
1474,1,Agency,2024-12-09
1474,2,LinkedIn,2025-10-13
1475,1,LinkedIn,2025-04-01
1476,1,Referral,2023-04-18
1476,2,Referral,2023-10-23
1476,3,LinkedIn,2024-03-21
1477,1,LinkedIn,2023-07-16
1477,2,LinkedIn,2024-03-07
1478,1,Naukri,2023-09-18
1478,2,LinkedIn,2025-09-29
1479,1,Referral,2023-05-30
1479,2,Naukri,2024-10-08
1480,1,CareerSite,2023-11-28
1481,1,Naukri,2024-09-10
1481,2,Agency,2025-05-03
1482,1,CareerSite,2023-03-27
1483,1,Referral,2023-10-12
1483,2,Referral,2023-11-26
1484,1,LinkedIn,2025-07-16
1485,1,Referral,2023-09-27
1485,2,LinkedIn,2025-04-05
1486,1,LinkedIn,2025-06-12
1487,1,LinkedIn,2023-01-02
1488,1,Naukri,2023-07-16
1488,2,LinkedIn,2024-12-13
1488,3,Naukri,2025-01-07
1489,1,Naukri,2023-03-18
1490,1,Naukri,2024-08-20
1490,2,Naukri,2024-08-30
1491,1,Naukri,2024-12-26
1492,1,Naukri,2023-12-22
1492,2,LinkedIn,2024-08-01
1493,1,Referral,2023-01-01
1493,2,Referral,2024-11-18
1494,1,Referral,2025-12-28
1495,1,LinkedIn,2024-10-25
1496,1,LinkedIn,2024-07-26
1496,2,Agency,2024-10-28
1496,3,Referral,2024-12-17
1497,1,Naukri,2023-07-25
1498,1,Referral,2024-09-18
1499,1,Naukri,2023-11-18
1499,2,LinkedIn,2025-08-03
1500,1,Naukri,2024-11-10
1501,1,LinkedIn,2024-07-14
1501,2,LinkedIn,2024-09-11
1502,1,Naukri,2023-06-22
1502,2,CareerSite,2023-09-09
1503,1,Naukri,2023-07-07
1503,2,Agency,2025-06-28
1504,1,LinkedIn,2023-12-13
1504,2,Referral,2025-05-07
1505,1,LinkedIn,2024-07-17
1506,1,Referral,2023-08-03
1507,1,LinkedIn,2024-04-28
1508,1,LinkedIn,2024-08-07
1508,2,LinkedIn,2024-09-25
1509,1,Naukri,2025-07-02
1510,1,CareerSite,2023-01-04
1511,1,LinkedIn,2023-06-18
1511,2,Agency,2024-06-20
1512,1,LinkedIn,2025-04-06
1513,1,Agency,2023-04-24
1513,2,Naukri,2023-05-23
1513,3,LinkedIn,2024-03-28
1514,1,Naukri,2023-04-15
1515,1,Referral,2024-08-11
1516,1,Naukri,2024-12-10
1517,1,Referral,2023-05-14
1518,1,LinkedIn,2024-10-14
1519,1,Agency,2023-01-19
1519,2,Referral,2025-02-04
1520,1,LinkedIn,2024-04-17
1521,1,Naukri,2023-10-22
1522,1,LinkedIn,2024-09-20
1522,2,LinkedIn,2025-04-09
1522,3,Referral,2025-04-16
1523,1,Naukri,2024-01-16
1523,2,Naukri,2024-11-09
1524,1,Referral,2024-01-25
1525,1,LinkedIn,2023-08-07
1525,2,Naukri,2025-10-29
1526,1,LinkedIn,2025-10-10
1527,1,LinkedIn,2024-02-09
1528,1,CareerSite,2023-05-12
1529,1,LinkedIn,2023-06-28
1529,2,CareerSite,2024-05-31
1529,3,CareerSite,2025-12-08
1530,1,LinkedIn,2024-08-08
1530,2,Referral,2025-01-21
1531,1,LinkedIn,2024-01-15
1531,2,CareerSite,2024-06-26
1532,1,Naukri,2023-08-18
1533,1,Naukri,2023-12-14
1534,1,LinkedIn,2024-01-16
1535,1,Agency,2023-04-16
1536,1,Referral,2023-01-24
1537,1,Referral,2023-11-28
1537,2,LinkedIn,2025-07-01
1538,1,LinkedIn,2023-08-15
1538,2,LinkedIn,2025-02-01
1539,1,Naukri,2025-12-21
1540,1,Naukri,2024-08-30
1541,1,Naukri,2025-09-18
1542,1,LinkedIn,2023-04-09
1542,2,CareerSite,2025-01-18
1542,3,CareerSite,2025-11-20
1543,1,LinkedIn,2023-02-12
1543,2,LinkedIn,2024-05-14
1544,1,LinkedIn,2025-04-02
1545,1,LinkedIn,2025-07-23
1546,1,Agency,2025-02-06
1546,2,Naukri,2025-03-01
1547,1,Agency,2023-02-09
1548,1,Naukri,2023-11-19
1548,2,Naukri,2025-02-02
1549,1,Referral,2024-01-26
1550,1,LinkedIn,2024-02-13
1550,2,Referral,2024-06-09
1551,1,LinkedIn,2024-03-19
1552,1,Naukri,2024-02-18
1552,2,CareerSite,2025-11-15
1553,1,LinkedIn,2023-09-19
1553,2,LinkedIn,2024-05-01
1554,1,Naukri,2025-05-24
1555,1,Referral,2023-05-10
1556,1,LinkedIn,2025-08-28
1557,1,LinkedIn,2025-04-03
1557,2,Referral,2025-04-13
1557,3,LinkedIn,2025-06-06
1558,1,LinkedIn,2024-02-02
1559,1,LinkedIn,2024-11-14
1560,1,LinkedIn,2023-10-18
1561,1,LinkedIn,2024-01-22
1561,2,Referral,2025-09-02
1562,1,LinkedIn,2025-02-04
1563,1,Naukri,2023-10-23
1563,2,LinkedIn,2025-03-14
1564,1,Naukri,2024-12-23
1565,1,LinkedIn,2024-03-06
1566,1,LinkedIn,2023-12-15
1567,1,LinkedIn,2023-05-10
1568,1,LinkedIn,2024-10-01
1569,1,Naukri,2023-11-16
1569,2,LinkedIn,2025-01-06
1570,1,CareerSite,2023-03-13
1571,1,Referral,2025-06-02
1572,1,LinkedIn,2023-09-09
1573,1,LinkedIn,2023-03-13
1574,1,CareerSite,2023-12-09
1575,1,Agency,2023-12-29
1575,2,LinkedIn,2024-07-03
1576,1,LinkedIn,2025-10-07
1577,1,LinkedIn,2025-10-06
1578,1,CareerSite,2025-01-04
1579,1,CareerSite,2025-03-02
1580,1,Naukri,2024-01-31
1580,2,Agency,2024-07-22
1580,3,Naukri,2025-05-03
1581,1,LinkedIn,2024-03-27
1582,1,Referral,2023-06-18
1583,1,CareerSite,2025-05-05
1583,2,Agency,2025-05-09
1584,1,Naukri,2025-03-12
1585,1,Naukri,2025-07-29
1586,1,LinkedIn,2023-12-25
1586,2,Naukri,2024-12-22
1587,1,Naukri,2023-01-20
1588,1,Referral,2023-08-08
1588,2,Agency,2023-10-17
1588,3,Referral,2025-10-13
1589,1,LinkedIn,2023-04-10
1590,1,Referral,2023-01-13
1590,2,LinkedIn,2023-03-09
1591,1,CareerSite,2023-08-07
1592,1,Naukri,2024-08-02
1593,1,LinkedIn,2023-04-04
1593,2,Naukri,2024-11-17
1594,1,Referral,2025-07-23
1595,1,LinkedIn,2024-05-24
1595,2,Naukri,2024-12-18
1595,3,LinkedIn,2025-11-10
1596,1,Referral,2023-04-21
1596,2,CareerSite,2023-06-04
1597,1,LinkedIn,2025-03-23
1597,2,LinkedIn,2025-10-17
1598,1,Naukri,2025-01-14
1599,1,Agency,2023-10-24
1599,2,CareerSite,2024-08-17
1600,1,Naukri,2025-06-29
1600,2,Referral,2025-07-11
1601,1,LinkedIn,2023-11-10
1601,2,Agency,2025-06-27
1602,1,Naukri,2023-03-27
1602,2,LinkedIn,2024-09-13
1603,1,Naukri,2023-01-28
1603,2,Naukri,2025-09-23
1604,1,Agency,2023-09-06
1605,1,Naukri,2023-05-15
1605,2,Referral,2024-05-31
1606,1,LinkedIn,2025-05-22
1607,1,Naukri,2024-05-31
1608,1,LinkedIn,2025-11-25
1609,1,Agency,2023-04-09
1609,2,Naukri,2024-05-22
1610,1,CareerSite,2025-01-30
1611,1,LinkedIn,2023-01-09
1612,1,CareerSite,2024-01-01
1613,1,LinkedIn,2025-10-09
1614,1,LinkedIn,2023-04-07
1614,2,LinkedIn,2025-08-24
1615,1,LinkedIn,2023-02-09
1615,2,Referral,2023-09-23
1615,3,Naukri,2023-11-21
1616,1,LinkedIn,2023-10-17
1616,2,Naukri,2023-12-22
1617,1,Referral,2023-03-05
1618,1,Naukri,2024-11-08
1619,1,LinkedIn,2023-03-16
1619,2,CareerSite,2024-08-05
1620,1,LinkedIn,2024-04-16
1621,1,LinkedIn,2023-02-19
1621,2,Referral,2023-07-18
1622,1,Referral,2023-01-21
1622,2,Naukri,2024-08-20
1623,1,Referral,2024-03-17
1623,2,CareerSite,2024-06-01
1624,1,LinkedIn,2023-01-27
1625,1,Referral,2023-10-23
1626,1,Referral,2023-10-05
1626,2,Agency,2025-02-06
1627,1,Agency,2024-01-29
1627,2,CareerSite,2025-11-14
1628,1,Referral,2023-04-27
1629,1,LinkedIn,2023-07-31
1630,1,CareerSite,2025-06-29
1630,2,LinkedIn,2025-08-10
1630,3,Referral,2025-10-25
1631,1,LinkedIn,2024-03-01
1631,2,LinkedIn,2024-05-08
1631,3,LinkedIn,2025-06-23
1632,1,LinkedIn,2024-06-23
1633,1,Naukri,2023-06-24
1634,1,LinkedIn,2024-02-05
1634,2,Referral,2024-10-28
1635,1,CareerSite,2023-09-07
1635,2,LinkedIn,2025-08-25
1636,1,LinkedIn,2025-03-01
1637,1,Referral,2023-01-15
1637,2,Referral,2023-12-13
1638,1,Naukri,2025-12-14
1639,1,Referral,2024-02-18
1640,1,Referral,2023-03-13
1641,1,Naukri,2024-05-29
1641,2,Naukri,2025-12-03
1642,1,LinkedIn,2024-12-23
1643,1,Naukri,2023-08-24
1644,1,LinkedIn,2023-01-27
1645,1,Referral,2023-04-25
1646,1,LinkedIn,2024-01-02
1646,2,LinkedIn,2025-03-27
1647,1,CareerSite,2025-01-19
1648,1,Naukri,2023-09-15
1649,1,Referral,2024-07-15
1650,1,CareerSite,2023-04-07
1650,2,Naukri,2023-10-17
1650,3,LinkedIn,2024-06-05
1651,1,Naukri,2024-01-11
1652,1,LinkedIn,2023-09-24
1653,1,Naukri,2025-07-30
1654,1,Referral,2023-06-25
1654,2,Referral,2023-09-17
1655,1,Referral,2024-02-08
1655,2,Naukri,2024-08-24
1656,1,Referral,2025-07-25
1657,1,Naukri,2024-01-05
1658,1,LinkedIn,2023-12-20
1659,1,LinkedIn,2024-06-03
1660,1,Naukri,2024-12-23
1661,1,LinkedIn,2023-02-14
1661,2,LinkedIn,2023-04-02
1662,1,LinkedIn,2024-09-10
1662,2,LinkedIn,2024-12-12
1663,1,LinkedIn,2024-05-01
1663,2,LinkedIn,2025-04-18
1664,1,LinkedIn,2024-02-15
1665,1,LinkedIn,2023-04-20
1666,1,LinkedIn,2025-09-09
1667,1,LinkedIn,2023-12-27
1667,2,Agency,2025-01-30
1667,3,LinkedIn,2025-07-31
1668,1,CareerSite,2025-04-11
1669,1,Agency,2025-02-09
1670,1,LinkedIn,2023-05-19
1671,1,LinkedIn,2023-05-07
1671,2,LinkedIn,2025-12-20
1672,1,Naukri,2024-08-21
1673,1,Referral,2025-03-24
1674,1,LinkedIn,2023-01-06
1675,1,Referral,2023-11-18
1675,2,Agency,2025-03-12
1676,1,Naukri,2024-07-08
1676,2,LinkedIn,2025-07-22
1677,1,CareerSite,2023-06-02
1678,1,LinkedIn,2024-10-12
1678,2,LinkedIn,2024-11-17
1679,1,LinkedIn,2024-12-04
1680,1,LinkedIn,2023-04-09
1681,1,Naukri,2024-03-09
1682,1,Referral,2024-05-23
1683,1,Agency,2024-04-26
1683,2,Referral,2024-06-17
1684,1,Referral,2025-03-30
1685,1,LinkedIn,2024-02-08
1686,1,Referral,2024-11-14
1686,2,Referral,2025-05-12
1687,1,Naukri,2023-02-02
1688,1,LinkedIn,2024-12-25
1689,1,Referral,2025-11-25
1690,1,Referral,2025-07-23
1691,1,Referral,2024-01-04
1692,1,LinkedIn,2023-03-03
1693,1,Naukri,2025-04-12
1694,1,Referral,2023-06-27
1695,1,CareerSite,2023-10-31
1695,2,LinkedIn,2024-05-12
1696,1,Naukri,2025-01-17
1697,1,Naukri,2023-05-19
1697,2,Referral,2025-09-20
1698,1,Referral,2024-10-13
1698,2,Referral,2025-07-13
1699,1,LinkedIn,2023-02-01
1700,1,Referral,2024-10-13
1701,1,LinkedIn,2023-07-29
1702,1,Naukri,2024-06-19
1703,1,CareerSite,2023-10-10
1704,1,Naukri,2024-12-26
1705,1,LinkedIn,2024-08-16
1705,2,LinkedIn,2025-09-20
1706,1,Naukri,2025-04-30
1706,2,Agency,2025-08-11
1707,1,Referral,2024-02-26
1708,1,LinkedIn,2024-09-26
1709,1,LinkedIn,2024-04-24
1710,1,Naukri,2023-01-06
1710,2,Naukri,2023-04-03
1710,3,LinkedIn,2023-11-23
1711,1,CareerSite,2023-03-12
1712,1,Naukri,2025-05-07
1713,1,Referral,2024-01-24
1714,1,Naukri,2023-08-01
1714,2,Referral,2024-09-20
1715,1,CareerSite,2025-04-25
1716,1,Naukri,2023-01-01
1717,1,Naukri,2023-07-26
1718,1,LinkedIn,2023-06-04
1718,2,Naukri,2024-12-13
1719,1,LinkedIn,2023-09-25
1720,1,LinkedIn,2024-12-24
1721,1,Naukri,2024-03-04
1721,2,Referral,2025-07-17
1722,1,CareerSite,2023-03-23
1723,1,LinkedIn,2025-10-21
1724,1,Naukri,2023-12-26
1725,1,LinkedIn,2025-11-03
1725,2,Referral,2025-11-09
1725,3,LinkedIn,2025-12-02
1726,1,CareerSite,2023-05-10
1727,1,Referral,2023-10-26
1727,2,LinkedIn,2024-07-18
1728,1,Referral,2025-03-01
1729,1,Referral,2023-04-27
1729,2,Referral,2025-09-08
1730,1,Referral,2023-11-30
1731,1,Naukri,2025-11-30
1732,1,Referral,2023-12-14
1733,1,LinkedIn,2023-06-14
1733,2,Naukri,2025-09-10
1734,1,LinkedIn,2024-11-08
1735,1,LinkedIn,2024-09-04
1735,2,LinkedIn,2025-01-18
1736,1,Agency,2023-10-22
1737,1,Referral,2025-05-29
1738,1,Referral,2024-05-18
1738,2,Naukri,2025-02-24
1739,1,Referral,2023-07-28
1740,1,LinkedIn,2023-07-14
1740,2,LinkedIn,2023-12-24
1740,3,LinkedIn,2024-08-16
1741,1,LinkedIn,2023-02-08
1741,2,Naukri,2024-12-05
1741,3,LinkedIn,2025-03-28
1742,1,LinkedIn,2024-03-28
1743,1,Referral,2024-02-24
1743,2,Referral,2025-07-06
1743,3,LinkedIn,2025-08-12
1744,1,Referral,2024-11-17
1745,1,LinkedIn,2025-12-28
1746,1,LinkedIn,2023-09-14
1747,1,Naukri,2024-03-23
1748,1,Referral,2025-08-15
1749,1,Naukri,2024-06-29
1750,1,Naukri,2025-03-17
1751,1,LinkedIn,2024-01-05
1752,1,Naukri,2023-04-04
1753,1,Naukri,2025-07-31
1754,1,LinkedIn,2025-05-11
1754,2,Referral,2025-05-28
1755,1,LinkedIn,2025-04-19
1756,1,Referral,2025-07-22
1757,1,LinkedIn,2023-06-15
1758,1,Naukri,2024-05-02
1758,2,Naukri,2025-08-25
1759,1,LinkedIn,2023-01-31
1759,2,Naukri,2024-09-19
1760,1,CareerSite,2023-07-14
1761,1,CareerSite,2023-03-28
1762,1,LinkedIn,2023-05-24
1763,1,Agency,2024-05-18
1764,1,Naukri,2025-10-12
1765,1,Naukri,2024-03-06
1766,1,LinkedIn,2025-02-15
1766,2,LinkedIn,2025-09-01
1767,1,Referral,2024-08-19
1768,1,Agency,2024-12-08
1769,1,Naukri,2024-01-12
1770,1,Referral,2024-01-23
1770,2,LinkedIn,2024-06-01
1771,1,Referral,2024-02-01
1771,2,Referral,2024-03-29
1772,1,Naukri,2023-02-24
1772,2,Referral,2024-07-15
1773,1,CareerSite,2023-08-03
1773,2,Referral,2024-04-05
1773,3,Naukri,2024-10-31
1774,1,LinkedIn,2023-03-17
1774,2,LinkedIn,2025-03-27
1775,1,Referral,2025-12-07
1776,1,CareerSite,2023-02-25
1777,1,LinkedIn,2023-06-20
1777,2,LinkedIn,2023-06-29
1778,1,Naukri,2023-03-06
1779,1,Naukri,2025-01-25
1780,1,Naukri,2024-10-22
1781,1,LinkedIn,2024-01-30
1781,2,LinkedIn,2024-04-10
1781,3,Agency,2024-05-15
1782,1,LinkedIn,2023-06-10
1782,2,Naukri,2024-10-02
1783,1,LinkedIn,2025-06-19
1784,1,LinkedIn,2023-01-05
1785,1,Naukri,2023-04-16
1785,2,Naukri,2025-10-08
1786,1,CareerSite,2025-12-01
1787,1,Naukri,2024-12-31
1788,1,LinkedIn,2024-05-26
1789,1,Naukri,2023-11-01
1790,1,LinkedIn,2024-04-23
1791,1,Naukri,2024-08-11
1792,1,Agency,2023-02-27
1792,2,Naukri,2023-06-23
1792,3,LinkedIn,2024-09-26
1793,1,LinkedIn,2024-04-22
1794,1,LinkedIn,2025-07-20
1795,1,Naukri,2024-09-02
1796,1,LinkedIn,2023-08-11
1796,2,CareerSite,2025-08-03
1797,1,Agency,2023-08-03
1798,1,Naukri,2025-10-25
1799,1,LinkedIn,2023-09-12
1799,2,LinkedIn,2025-10-30
1800,1,LinkedIn,2025-11-05
1801,1,Referral,2023-08-18
1801,2,LinkedIn,2025-04-27
1801,3,Naukri,2025-12-26
1802,1,LinkedIn,2024-06-24
1803,1,LinkedIn,2025-06-23
1804,1,LinkedIn,2025-06-28
1804,2,LinkedIn,2025-09-06
1805,1,LinkedIn,2024-04-18
1806,1,Referral,2023-04-04
1806,2,LinkedIn,2024-02-02
1807,1,Agency,2023-03-11
1807,2,LinkedIn,2024-10-12
1808,1,Referral,2023-09-28
1808,2,Referral,2025-05-23
1809,1,Referral,2024-02-19
1810,1,Agency,2023-05-21
1810,2,Referral,2024-10-25
1811,1,CareerSite,2023-05-26
1811,2,LinkedIn,2023-10-22
1811,3,LinkedIn,2024-08-28
1812,1,Referral,2024-08-08
1813,1,Naukri,2023-09-17
1813,2,Referral,2025-11-05
1814,1,Referral,2025-12-28
1815,1,LinkedIn,2023-09-10
1815,2,LinkedIn,2024-03-30
1816,1,LinkedIn,2023-12-26
1817,1,Referral,2025-04-08
1818,1,CareerSite,2023-10-13
1819,1,Agency,2025-09-08
1819,2,Referral,2025-09-19
1820,1,LinkedIn,2024-01-07
1820,2,Naukri,2024-09-18
1820,3,Referral,2025-02-20
1821,1,Agency,2023-11-10
1821,2,Referral,2024-10-19
1822,1,Naukri,2023-02-16
1822,2,LinkedIn,2023-03-18
1822,3,CareerSite,2024-11-04
1823,1,Referral,2024-09-22
1823,2,Agency,2025-04-21
1824,1,CareerSite,2024-03-24
1825,1,Referral,2025-10-29
1825,2,LinkedIn,2025-11-08
1826,1,LinkedIn,2024-12-20
1826,2,Naukri,2025-07-15
1826,3,LinkedIn,2025-07-20
1827,1,LinkedIn,2023-01-18
1827,2,Referral,2025-08-02
1827,3,Referral,2025-12-09
1828,1,Naukri,2023-10-26
1829,1,CareerSite,2023-05-24
1830,1,LinkedIn,2025-07-30
1831,1,Naukri,2025-06-02
1832,1,LinkedIn,2024-06-18
1833,1,Naukri,2023-12-06
1834,1,CareerSite,2023-01-03
1834,2,LinkedIn,2023-05-14
1835,1,CareerSite,2023-05-10
1836,1,LinkedIn,2024-07-30
1837,1,Naukri,2024-02-22
1838,1,LinkedIn,2023-04-05
1839,1,CareerSite,2023-09-10
1840,1,Referral,2025-07-03
1841,1,Naukri,2024-11-11
1841,2,Agency,2025-06-12
1841,3,Naukri,2025-09-10
1842,1,CareerSite,2024-01-27
1843,1,LinkedIn,2023-11-10
1844,1,LinkedIn,2025-04-10
1845,1,CareerSite,2023-03-11
1846,1,LinkedIn,2024-10-18
1847,1,CareerSite,2024-05-10
1848,1,LinkedIn,2025-01-07
1849,1,LinkedIn,2023-02-15
1849,2,LinkedIn,2023-04-20
1849,3,Naukri,2024-01-30
1850,1,Naukri,2025-04-23
1851,1,Referral,2024-02-01
1852,1,Naukri,2024-02-01
1853,1,CareerSite,2024-05-26
1853,2,LinkedIn,2025-07-24
1854,1,LinkedIn,2023-02-28
1855,1,LinkedIn,2024-11-13
1855,2,Naukri,2024-11-16
1856,1,CareerSite,2025-07-13
1857,1,Referral,2023-08-08
1857,2,LinkedIn,2024-01-12
1858,1,Referral,2024-10-14
1859,1,Naukri,2024-06-16
1860,1,Agency,2025-01-28
1861,1,LinkedIn,2023-11-13
1862,1,LinkedIn,2023-03-10
1862,2,Naukri,2025-11-23
1863,1,Naukri,2023-02-19
1864,1,LinkedIn,2023-05-26
1865,1,LinkedIn,2024-02-01
1866,1,Naukri,2024-05-01
1867,1,Referral,2024-06-13
1868,1,CareerSite,2025-01-20
1869,1,Naukri,2025-06-28
1870,1,Naukri,2025-12-08
1871,1,CareerSite,2024-02-20
1872,1,LinkedIn,2025-04-10
1873,1,LinkedIn,2023-05-11
1874,1,Referral,2025-02-28
1875,1,Naukri,2025-12-04
1876,1,LinkedIn,2023-03-13
1876,2,LinkedIn,2024-10-15
1877,1,LinkedIn,2023-07-01
1877,2,Referral,2024-11-23
1878,1,LinkedIn,2025-10-05
1879,1,Naukri,2023-10-07
1880,1,LinkedIn,2024-11-22
1881,1,LinkedIn,2025-10-24
1882,1,Referral,2025-07-16
1883,1,LinkedIn,2024-02-18
1884,1,Naukri,2024-06-06
1885,1,Naukri,2023-05-14
1886,1,Referral,2023-05-27
1886,2,LinkedIn,2024-07-04
1887,1,CareerSite,2023-05-01
1888,1,LinkedIn,2025-05-15
1889,1,Naukri,2025-08-06
1890,1,Referral,2023-12-28
1891,1,Agency,2025-12-28
1892,1,LinkedIn,2024-10-31
1893,1,Naukri,2024-01-03
1893,2,Referral,2025-04-13
1893,3,LinkedIn,2025-11-08
1894,1,Naukri,2023-09-02
1894,2,LinkedIn,2023-11-06
1895,1,Referral,2024-11-19
1896,1,Naukri,2025-08-27
1897,1,Naukri,2023-09-01
1898,1,Agency,2025-02-16
1899,1,Referral,2025-10-29
1900,1,Referral,2024-07-09
1900,2,Referral,2024-12-29
1900,3,LinkedIn,2025-06-24
1901,1,Naukri,2024-03-02
1902,1,Referral,2023-03-20
1902,2,LinkedIn,2023-04-06
1903,1,LinkedIn,2025-08-19
1904,1,LinkedIn,2023-12-12
1905,1,Naukri,2024-07-26
1905,2,LinkedIn,2024-12-10
1906,1,LinkedIn,2025-09-15
1907,1,Naukri,2023-06-25
1907,2,LinkedIn,2024-06-09
1908,1,CareerSite,2025-09-06
1909,1,Naukri,2023-07-29
1910,1,LinkedIn,2025-12-05
1911,1,Naukri,2024-09-03
1912,1,Naukri,2023-01-14
1912,2,Agency,2025-02-10
1912,3,LinkedIn,2025-02-13
1913,1,LinkedIn,2023-04-17
1913,2,Naukri,2025-12-04
1914,1,CareerSite,2025-12-25
1915,1,Naukri,2023-08-18
1915,2,Naukri,2025-03-20
1916,1,Referral,2023-09-21
1917,1,Naukri,2023-11-05
1917,2,LinkedIn,2024-11-16
1918,1,LinkedIn,2025-05-19
1919,1,Agency,2023-07-12
1919,2,Naukri,2025-02-08
1920,1,Agency,2025-04-28
1921,1,Referral,2025-06-08
1922,1,Referral,2025-08-05
1923,1,Referral,2023-06-18
1924,1,LinkedIn,2024-10-25
1924,2,LinkedIn,2025-10-07
1925,1,Referral,2024-03-29
1926,1,Naukri,2025-11-18
1927,1,Referral,2023-07-01
1928,1,LinkedIn,2023-01-12
1928,2,Referral,2023-12-01
1929,1,Naukri,2024-01-06
1929,2,Naukri,2024-09-23
1930,1,Naukri,2023-06-09
1930,2,Naukri,2025-10-19
1931,1,Naukri,2023-07-25
1932,1,Referral,2023-10-30
1933,1,LinkedIn,2025-08-25
1934,1,Referral,2024-07-06
1935,1,CareerSite,2023-05-17
1936,1,Referral,2023-07-03
1936,2,LinkedIn,2023-09-12
1937,1,LinkedIn,2024-11-15
1937,2,LinkedIn,2025-11-13
1938,1,Referral,2024-12-02
1939,1,LinkedIn,2023-08-21
1939,2,LinkedIn,2025-10-24
1940,1,Naukri,2023-11-15
1941,1,LinkedIn,2025-08-03
1942,1,Referral,2024-03-01
1943,1,Naukri,2023-06-17
1943,2,LinkedIn,2025-07-01
1944,1,Agency,2024-09-08
1944,2,CareerSite,2025-01-24
1944,3,LinkedIn,2025-11-08
1945,1,LinkedIn,2025-12-28
1946,1,Agency,2023-06-14
1947,1,CareerSite,2024-10-15
1947,2,Naukri,2025-08-08
1948,1,LinkedIn,2024-06-28
1949,1,Naukri,2023-05-27
1950,1,LinkedIn,2025-07-20
1951,1,CareerSite,2025-03-31
1952,1,LinkedIn,2025-12-25
1953,1,Referral,2025-01-04
1954,1,LinkedIn,2023-01-21
1954,2,LinkedIn,2024-03-30
1955,1,LinkedIn,2025-08-25
1956,1,LinkedIn,2025-04-19
1957,1,Naukri,2024-06-21
1957,2,Referral,2024-07-13
1958,1,CareerSite,2025-06-17
1959,1,Referral,2024-02-12
1960,1,LinkedIn,2023-04-14
1960,2,CareerSite,2023-08-30
1960,3,LinkedIn,2025-02-16
1961,1,Referral,2024-04-20
1962,1,LinkedIn,2023-05-27
1963,1,Referral,2025-02-09
1964,1,CareerSite,2025-02-06
1965,1,LinkedIn,2023-02-20
1966,1,Referral,2023-01-08
1966,2,Naukri,2024-11-19
1967,1,Referral,2023-07-26
1967,2,CareerSite,2023-08-19
1968,1,Naukri,2024-11-05
1969,1,LinkedIn,2023-06-24
1969,2,Referral,2024-01-10
1969,3,LinkedIn,2025-04-03
1970,1,Referral,2024-10-24
1971,1,LinkedIn,2024-07-13
1972,1,LinkedIn,2025-09-09
1973,1,Naukri,2023-12-03
1973,2,CareerSite,2025-09-14
1974,1,LinkedIn,2025-04-22
1975,1,LinkedIn,2024-11-09
1976,1,Naukri,2023-01-29
1977,1,Naukri,2023-11-19
1977,2,Agency,2025-03-23
1978,1,Referral,2025-09-13
1979,1,Referral,2023-01-31
1979,2,Referral,2024-01-09
1980,1,LinkedIn,2023-11-15
1980,2,Referral,2025-06-03
1981,1,Referral,2025-06-29
1982,1,LinkedIn,2023-09-07
1983,1,LinkedIn,2023-11-21
1984,1,Naukri,2024-12-28
1985,1,LinkedIn,2024-04-05
1985,2,Naukri,2025-01-01
1986,1,LinkedIn,2023-01-25
1987,1,LinkedIn,2024-05-30
1988,1,Naukri,2024-06-29
1989,1,LinkedIn,2025-04-15
1990,1,LinkedIn,2024-05-20
1991,1,Naukri,2025-10-16
1992,1,LinkedIn,2023-04-09
1992,2,Agency,2025-05-02
1993,1,Naukri,2024-06-26
1994,1,Naukri,2023-03-08
1995,1,Agency,2024-12-23
1996,1,Referral,2023-02-13
1996,2,LinkedIn,2023-06-06
1997,1,CareerSite,2025-07-14
1998,1,Referral,2025-02-08
1999,1,Referral,2023-01-08
1999,2,Naukri,2024-06-06
2000,1,Referral,2024-04-19
2001,1,Naukri,2025-02-07
2002,1,LinkedIn,2023-06-27
2002,2,Naukri,2024-07-25
2002,3,Referral,2025-02-19
2003,1,LinkedIn,2023-06-28
2004,1,LinkedIn,2024-10-24
2005,1,LinkedIn,2023-06-26
2005,2,LinkedIn,2023-11-30
2005,3,CareerSite,2025-07-31
2006,1,LinkedIn,2023-04-25
2007,1,CareerSite,2024-03-29
2008,1,Naukri,2024-02-27
2009,1,Naukri,2025-10-16
2010,1,Naukri,2025-06-12
2011,1,LinkedIn,2024-01-20
2012,1,LinkedIn,2025-02-10
2013,1,LinkedIn,2023-10-21
2014,1,LinkedIn,2024-02-10
2015,1,Referral,2023-02-28
2016,1,Naukri,2024-02-11
2016,2,Naukri,2025-08-19
2017,1,Referral,2023-05-19
2018,1,CareerSite,2025-03-24
2019,1,LinkedIn,2023-03-01
2019,2,Referral,2024-11-22
2020,1,Referral,2025-09-02
2020,2,LinkedIn,2025-09-26
2021,1,Naukri,2024-11-29
2022,1,LinkedIn,2023-02-24
2023,1,Referral,2024-12-14
2024,1,Agency,2023-11-23
2025,1,LinkedIn,2024-03-04
2025,2,LinkedIn,2025-08-09
2026,1,Naukri,2023-04-11
2027,1,Naukri,2023-09-11
2027,2,LinkedIn,2025-11-25
2028,1,CareerSite,2023-01-19
2029,1,LinkedIn,2025-01-04
2030,1,CareerSite,2023-06-23
2030,2,LinkedIn,2023-07-08
2030,3,CareerSite,2025-07-10
2031,1,LinkedIn,2023-06-23
2031,2,Naukri,2023-07-22
2031,3,Naukri,2025-02-20
2032,1,LinkedIn,2023-06-09
2033,1,LinkedIn,2025-12-04
2034,1,LinkedIn,2025-10-25
2035,1,Naukri,2023-02-21
2035,2,LinkedIn,2023-06-16
2035,3,LinkedIn,2024-11-15
2036,1,Naukri,2023-06-12
2036,2,Naukri,2024-12-07
2036,3,LinkedIn,2025-12-24
2037,1,LinkedIn,2024-07-19
2038,1,Naukri,2025-02-09
2039,1,LinkedIn,2023-08-27
2039,2,CareerSite,2025-04-26
2040,1,Naukri,2023-11-01
2041,1,Referral,2025-11-18
2042,1,Naukri,2023-03-09
2043,1,Referral,2025-02-20
2043,2,LinkedIn,2025-05-22
2043,3,CareerSite,2025-09-18
2044,1,Referral,2023-07-03
2044,2,Referral,2023-10-05
2045,1,LinkedIn,2023-05-23
2045,2,LinkedIn,2024-03-06
2046,1,Naukri,2025-02-22
2047,1,Referral,2024-01-01
2047,2,CareerSite,2025-03-18
2048,1,Referral,2023-11-04
2048,2,Naukri,2024-12-18
2049,1,Naukri,2023-01-23
2049,2,Naukri,2025-03-27
2050,1,Referral,2025-10-09
2051,1,LinkedIn,2024-04-16
2052,1,LinkedIn,2025-04-13
2053,1,Naukri,2025-12-27
2054,1,LinkedIn,2024-09-27
2054,2,Referral,2025-12-28
2055,1,Naukri,2023-08-13
2056,1,LinkedIn,2025-08-16
2057,1,LinkedIn,2023-09-08
2058,1,LinkedIn,2025-01-29
2059,1,LinkedIn,2025-08-23
2059,2,LinkedIn,2025-10-27
2059,3,LinkedIn,2025-11-13
2060,1,Referral,2023-01-06
2060,2,Naukri,2025-03-19
2061,1,Naukri,2024-01-14
2061,2,Referral,2025-04-06
2062,1,Referral,2024-03-24
2063,1,LinkedIn,2023-08-03
2064,1,LinkedIn,2023-04-14
2065,1,Naukri,2023-05-31
2066,1,LinkedIn,2024-04-03
2066,2,LinkedIn,2025-05-02
2066,3,Naukri,2025-11-28
2067,1,Naukri,2023-06-05
2067,2,Agency,2024-07-10
2067,3,LinkedIn,2024-12-06
2068,1,Naukri,2024-05-09
2069,1,LinkedIn,2023-12-27
2069,2,LinkedIn,2025-02-14
2070,1,Referral,2023-08-10
2071,1,Referral,2023-01-11
2072,1,CareerSite,2023-07-25
2073,1,LinkedIn,2024-09-10
2074,1,LinkedIn,2024-08-04
2075,1,Naukri,2025-05-28
2076,1,Referral,2024-01-14
2077,1,LinkedIn,2023-12-24
2078,1,Referral,2024-10-29
2079,1,Naukri,2024-06-16
2080,1,CareerSite,2023-04-30
2081,1,Naukri,2023-01-10
2082,1,LinkedIn,2023-03-23
2082,2,Referral,2024-03-22
2082,3,Naukri,2025-05-13
2083,1,LinkedIn,2024-11-04
2084,1,LinkedIn,2023-05-25
2084,2,Naukri,2025-05-24
2085,1,Referral,2024-01-04
2086,1,Agency,2023-12-18
2087,1,Naukri,2023-07-29
2087,2,Referral,2024-03-19
2088,1,Referral,2025-03-10
2088,2,CareerSite,2025-04-16
2089,1,LinkedIn,2023-01-04
2089,2,LinkedIn,2023-05-01
2090,1,Agency,2024-04-04
2090,2,Naukri,2024-07-06
2091,1,Naukri,2024-09-02
2092,1,LinkedIn,2023-05-18
2092,2,LinkedIn,2025-03-14
2093,1,LinkedIn,2023-09-02
2094,1,Naukri,2023-11-21
2095,1,CareerSite,2023-06-03
2095,2,Naukri,2024-01-28
2096,1,LinkedIn,2025-08-14
2097,1,CareerSite,2024-11-05
2097,2,LinkedIn,2025-05-14
2098,1,Referral,2023-02-04
2098,2,Naukri,2023-09-03
2098,3,Naukri,2024-04-20
2099,1,LinkedIn,2023-05-15
2099,2,CareerSite,2024-01-29
2100,1,LinkedIn,2024-08-21
2101,1,Naukri,2025-11-30
2102,1,LinkedIn,2023-03-15
2102,2,Referral,2024-06-10
2103,1,Naukri,2025-04-20
2104,1,LinkedIn,2023-03-01
2104,2,LinkedIn,2023-06-20
2104,3,LinkedIn,2025-01-07
2105,1,Referral,2024-11-08
2106,1,LinkedIn,2025-10-11
2107,1,Referral,2023-03-30
2107,2,LinkedIn,2023-07-31
2108,1,LinkedIn,2025-10-07
2109,1,Naukri,2024-12-05
2110,1,Agency,2024-03-25
2110,2,Referral,2024-07-06
2111,1,Naukri,2024-10-25
2112,1,Naukri,2023-06-13
2113,1,Naukri,2025-08-15
2114,1,Naukri,2024-09-06
2115,1,CareerSite,2025-07-13
2116,1,LinkedIn,2023-06-17
2116,2,Referral,2024-06-05
2116,3,LinkedIn,2024-12-10
2117,1,Referral,2023-06-09
2117,2,LinkedIn,2024-03-25
2118,1,Referral,2025-01-26
2119,1,LinkedIn,2024-07-14
2120,1,LinkedIn,2023-09-13
2121,1,Agency,2023-01-17
2121,2,Referral,2023-09-06
2122,1,Naukri,2025-04-20
2123,1,Agency,2023-05-02
2123,2,Referral,2025-07-12
2124,1,Naukri,2023-07-16
2124,2,Referral,2024-12-17
2125,1,Referral,2023-09-10
2125,2,Referral,2024-07-20
2126,1,Naukri,2024-06-20
2126,2,Naukri,2025-11-16
2127,1,Referral,2025-02-08
2128,1,LinkedIn,2023-05-27
2128,2,Referral,2023-12-24
2129,1,Referral,2025-06-13
2130,1,Referral,2024-02-26
2130,2,LinkedIn,2025-09-05
2131,1,LinkedIn,2025-08-27
2132,1,Referral,2024-05-02
2133,1,Referral,2024-01-27
2134,1,Naukri,2025-02-21
2135,1,LinkedIn,2024-02-07
2135,2,LinkedIn,2024-09-07
2136,1,LinkedIn,2024-06-02
2136,2,LinkedIn,2025-07-28
2136,3,Naukri,2025-10-13
2137,1,Naukri,2023-03-19
2137,2,Naukri,2023-12-28
2137,3,Referral,2024-12-02
2138,1,LinkedIn,2024-05-08
2138,2,Naukri,2025-01-10
2139,1,LinkedIn,2023-11-22
2140,1,LinkedIn,2025-01-15
2141,1,Agency,2023-04-16
2142,1,LinkedIn,2023-06-11
2143,1,LinkedIn,2024-08-15
2144,1,LinkedIn,2024-04-17
2144,2,Naukri,2025-02-25
2145,1,Referral,2025-06-07
2146,1,Naukri,2023-06-15
2146,2,Naukri,2024-08-13
2147,1,LinkedIn,2024-05-11
2148,1,LinkedIn,2024-06-02
2149,1,LinkedIn,2024-03-23
2149,2,CareerSite,2025-01-05
2150,1,Referral,2023-01-16
2151,1,LinkedIn,2024-04-13
2152,1,LinkedIn,2023-09-02
2152,2,LinkedIn,2023-12-30
2152,3,Naukri,2024-10-17
2153,1,Referral,2025-12-03
2154,1,LinkedIn,2025-07-30
2155,1,Naukri,2023-08-28
2156,1,Naukri,2023-12-15
2157,1,LinkedIn,2024-08-25
2158,1,Referral,2024-03-25
2158,2,Referral,2024-06-08
2159,1,LinkedIn,2023-08-29
2159,2,Referral,2023-12-22
2159,3,Naukri,2025-02-01
2160,1,CareerSite,2025-01-22
2161,1,LinkedIn,2024-10-29
2162,1,Referral,2025-06-18
2162,2,Referral,2025-07-15
2163,1,LinkedIn,2023-08-16
2164,1,Naukri,2023-03-29
2164,2,Naukri,2025-08-28
2164,3,LinkedIn,2025-12-29
2165,1,LinkedIn,2023-11-27
2165,2,LinkedIn,2025-04-15
2166,1,LinkedIn,2023-12-16
2167,1,LinkedIn,2023-10-17
2168,1,LinkedIn,2025-03-16
2169,1,LinkedIn,2025-06-03
2169,2,Naukri,2025-06-06
2170,1,Naukri,2024-04-30
2170,2,LinkedIn,2025-03-05
2171,1,LinkedIn,2023-06-27
2171,2,LinkedIn,2025-08-26
2172,1,Agency,2024-09-25
2172,2,Referral,2024-12-21
2173,1,LinkedIn,2025-08-20
2173,2,LinkedIn,2025-11-30
2174,1,Referral,2023-09-21
2175,1,LinkedIn,2023-03-14
2176,1,LinkedIn,2024-01-17
2176,2,LinkedIn,2025-12-03
2177,1,Naukri,2024-02-05
2177,2,Naukri,2024-04-17
2177,3,Referral,2024-05-03
2178,1,Referral,2023-02-15
2179,1,LinkedIn,2023-03-13
2179,2,LinkedIn,2024-05-01
2179,3,CareerSite,2025-06-22
2180,1,Referral,2025-06-10
2181,1,LinkedIn,2024-04-17
2181,2,LinkedIn,2024-05-08
2181,3,Naukri,2024-11-03
2182,1,Naukri,2023-08-12
2183,1,Referral,2023-08-16
2184,1,Agency,2024-01-26
2185,1,LinkedIn,2023-10-27
2185,2,LinkedIn,2024-07-17
2186,1,Naukri,2023-10-23
2187,1,LinkedIn,2025-09-14
2188,1,LinkedIn,2023-04-22
2188,2,Referral,2023-05-01
2188,3,LinkedIn,2025-04-03
2189,1,Naukri,2023-09-21
2189,2,LinkedIn,2023-10-17
2189,3,Naukri,2024-11-03
2190,1,Referral,2024-11-28
2191,1,LinkedIn,2024-10-16
2191,2,Naukri,2024-11-15
2192,1,Naukri,2023-10-27
2193,1,LinkedIn,2023-06-27
2193,2,Referral,2023-09-04
2193,3,LinkedIn,2024-05-10
2194,1,LinkedIn,2025-05-27
2195,1,CareerSite,2023-04-06
2196,1,Naukri,2024-02-28
2197,1,LinkedIn,2023-07-02
2197,2,LinkedIn,2025-05-25
2197,3,Referral,2025-06-29
2198,1,LinkedIn,2024-04-18
2198,2,Agency,2024-08-05
2198,3,Referral,2024-12-30
2199,1,Naukri,2025-02-05
2199,2,LinkedIn,2025-03-09
2200,1,LinkedIn,2025-05-31
2201,1,Naukri,2024-01-12
2202,1,Naukri,2025-11-08
2203,1,LinkedIn,2023-07-11
2203,2,LinkedIn,2024-03-19
2203,3,Naukri,2025-08-25
2204,1,CareerSite,2025-09-30
2205,1,LinkedIn,2023-02-25
2205,2,Naukri,2024-06-10
2206,1,Naukri,2024-01-15
2207,1,Referral,2025-01-01
2208,1,Referral,2023-10-17
2208,2,Agency,2025-06-28
2209,1,Referral,2023-03-07
2209,2,LinkedIn,2025-02-09
2210,1,CareerSite,2023-02-19
2210,2,LinkedIn,2023-03-06
2210,3,LinkedIn,2025-04-06
2211,1,LinkedIn,2023-09-11
2212,1,LinkedIn,2025-02-01
2212,2,Naukri,2025-05-19
2213,1,LinkedIn,2023-12-24
2213,2,Naukri,2025-10-06
2214,1,LinkedIn,2023-04-24
2214,2,LinkedIn,2024-12-28
2215,1,LinkedIn,2025-04-27
2216,1,LinkedIn,2023-03-02
2216,2,LinkedIn,2023-05-07
2217,1,Naukri,2023-08-22
2217,2,Naukri,2025-03-05
2218,1,Referral,2023-04-11
2218,2,Referral,2024-02-04
2218,3,LinkedIn,2025-09-25
2219,1,Naukri,2023-02-02
2220,1,Naukri,2025-02-06
2221,1,Referral,2025-03-04
2222,1,Referral,2024-07-04
2222,2,Agency,2024-09-30
2223,1,Referral,2025-09-05
2224,1,Referral,2024-02-06
2224,2,LinkedIn,2024-10-01
2225,1,LinkedIn,2023-08-20
2225,2,LinkedIn,2025-01-18
2225,3,Agency,2025-11-03
2226,1,Naukri,2025-10-03
2227,1,Naukri,2025-05-21
2228,1,Referral,2023-07-14
2229,1,CareerSite,2023-12-05
2229,2,LinkedIn,2025-02-06
2230,1,Naukri,2024-03-11
2231,1,Naukri,2023-02-15
2232,1,CareerSite,2024-03-24
2232,2,Referral,2024-11-07
2233,1,LinkedIn,2023-04-21
2234,1,Naukri,2025-07-02
2235,1,CareerSite,2025-02-15
2236,1,LinkedIn,2023-04-18
2237,1,Agency,2023-06-09
2237,2,LinkedIn,2024-09-09
2238,1,Naukri,2023-12-07
2239,1,Naukri,2025-11-06
2240,1,Referral,2025-01-22
2241,1,Referral,2025-07-21
2242,1,Naukri,2023-12-24
2242,2,Agency,2025-11-14
2243,1,Naukri,2024-07-16
2243,2,LinkedIn,2025-05-16
2244,1,Naukri,2023-01-11
2245,1,Referral,2024-04-29
2246,1,LinkedIn,2023-09-21
2246,2,Referral,2023-11-12
2246,3,Referral,2024-12-18
2247,1,Referral,2023-07-12
2248,1,LinkedIn,2024-01-22
2248,2,LinkedIn,2025-12-10
2249,1,Naukri,2024-11-21
2250,1,Referral,2023-08-24
2251,1,Referral,2023-04-15
2251,2,Referral,2025-07-20
2252,1,Naukri,2023-03-29
2253,1,LinkedIn,2024-04-17
2254,1,Referral,2023-06-02
2254,2,Naukri,2024-12-21
2255,1,Naukri,2025-05-07
2256,1,LinkedIn,2025-01-09
2257,1,Referral,2025-12-16
2258,1,LinkedIn,2023-06-12
2259,1,LinkedIn,2024-10-10
2259,2,Naukri,2024-12-14
2259,3,LinkedIn,2025-02-28
2260,1,Referral,2025-09-05
2261,1,Agency,2024-05-21
2261,2,Naukri,2025-03-22
2262,1,LinkedIn,2024-12-01
2263,1,CareerSite,2023-10-26
2264,1,CareerSite,2023-02-11
2264,2,LinkedIn,2023-07-18
2264,3,CareerSite,2025-10-12
2265,1,LinkedIn,2024-05-12
2265,2,Referral,2025-08-28
2266,1,Naukri,2024-06-22
2267,1,Naukri,2024-10-28
2268,1,Naukri,2024-09-30
2268,2,Referral,2025-09-18
2269,1,Referral,2025-08-20
2270,1,Naukri,2023-11-03
2271,1,Referral,2025-01-29
2272,1,Agency,2023-11-01
2273,1,LinkedIn,2025-03-23
2274,1,Agency,2023-07-31
2275,1,CareerSite,2023-08-15
2275,2,LinkedIn,2023-08-29
2275,3,Naukri,2024-01-10
2276,1,LinkedIn,2023-05-24
2276,2,Naukri,2023-12-06
2277,1,CareerSite,2024-09-30
2278,1,Naukri,2025-08-15
2278,2,CareerSite,2025-10-21
2279,1,LinkedIn,2025-11-08
2280,1,CareerSite,2023-08-29
2281,1,Referral,2023-10-17
2281,2,Naukri,2025-03-05
2281,3,Referral,2025-10-14
2282,1,LinkedIn,2023-12-31
2283,1,LinkedIn,2025-05-23
2284,1,CareerSite,2024-09-18
2285,1,LinkedIn,2025-03-03
2285,2,LinkedIn,2025-04-01
2286,1,LinkedIn,2023-02-24
2287,1,Naukri,2025-04-04
2288,1,Naukri,2025-05-31
2288,2,LinkedIn,2025-07-04
2289,1,Naukri,2024-02-17
2290,1,Naukri,2023-02-24
2290,2,Naukri,2025-01-07
2290,3,LinkedIn,2025-05-29
2291,1,LinkedIn,2024-05-30
2291,2,Referral,2025-11-21
2292,1,LinkedIn,2023-02-10
2293,1,CareerSite,2023-06-24
2293,2,Naukri,2024-11-05
2294,1,Referral,2025-03-22
2295,1,LinkedIn,2023-06-07
2296,1,Agency,2024-12-05
2297,1,CareerSite,2024-12-31
2298,1,Referral,2024-02-26
2298,2,Referral,2025-05-29
2299,1,LinkedIn,2025-01-30
2299,2,LinkedIn,2025-05-26
2299,3,CareerSite,2025-08-10
2300,1,Naukri,2023-12-28
2301,1,LinkedIn,2025-01-24
2301,2,Referral,2025-11-30
2302,1,CareerSite,2023-09-22
2302,2,LinkedIn,2025-10-09
2303,1,Naukri,2024-11-11
2304,1,Naukri,2023-11-29
2305,1,LinkedIn,2023-10-05
2306,1,LinkedIn,2024-06-17
2306,2,Naukri,2024-06-23
2306,3,Naukri,2024-11-19
2307,1,LinkedIn,2023-12-02
2307,2,Naukri,2025-09-01
2308,1,Referral,2023-09-03
2308,2,LinkedIn,2025-01-16
2309,1,LinkedIn,2025-11-20
2310,1,CareerSite,2024-12-06
2311,1,Referral,2023-10-19
2311,2,Referral,2024-03-09
2312,1,Referral,2024-11-27
2313,1,LinkedIn,2023-11-30
2314,1,Referral,2023-07-11
2314,2,CareerSite,2025-12-19
2315,1,Agency,2023-04-08
2315,2,Referral,2023-11-15
2316,1,LinkedIn,2023-09-08
2317,1,Referral,2023-06-17
2318,1,LinkedIn,2024-10-03
2318,2,LinkedIn,2025-04-05
2318,3,Naukri,2025-05-04
2319,1,Referral,2024-06-08
2320,1,LinkedIn,2024-10-02
2321,1,Referral,2023-06-20
2322,1,LinkedIn,2023-09-27
2323,1,Referral,2025-12-05
2324,1,LinkedIn,2025-12-21
2325,1,LinkedIn,2023-02-25
2325,2,CareerSite,2023-10-27
2326,1,Naukri,2025-12-30
2327,1,LinkedIn,2023-06-13
2327,2,LinkedIn,2024-04-02
2328,1,LinkedIn,2023-02-21
2329,1,Referral,2023-12-04
2330,1,CareerSite,2023-07-18
2330,2,LinkedIn,2024-09-02
2330,3,Referral,2025-09-08
2331,1,Naukri,2024-01-31
2331,2,Referral,2024-10-23
2332,1,LinkedIn,2024-03-26
2332,2,Referral,2024-12-22
2333,1,LinkedIn,2024-12-27
2334,1,Naukri,2024-06-29
2334,2,Referral,2025-06-01
2335,1,Referral,2023-12-01
2336,1,LinkedIn,2025-05-15
2337,1,Naukri,2023-08-02
2338,1,CareerSite,2024-09-06
2339,1,LinkedIn,2023-01-26
2339,2,LinkedIn,2025-12-01
2340,1,LinkedIn,2025-09-14
2341,1,Referral,2025-12-07
2342,1,LinkedIn,2025-03-11
2343,1,LinkedIn,2023-04-25
2343,2,Agency,2024-08-27
2344,1,Naukri,2023-07-28
2345,1,LinkedIn,2024-05-29
2346,1,Referral,2023-07-17
2347,1,Referral,2024-03-18
2347,2,LinkedIn,2025-06-11
2348,1,Naukri,2024-01-12
2349,1,CareerSite,2023-03-05
2350,1,LinkedIn,2023-04-19
2350,2,Referral,2024-02-22
2350,3,LinkedIn,2024-10-02
2351,1,Naukri,2023-03-14
2351,2,Referral,2024-01-25
2351,3,LinkedIn,2025-07-13
2352,1,Referral,2023-03-30
2353,1,LinkedIn,2023-02-07
2354,1,Referral,2024-07-10
2354,2,Naukri,2025-09-29
2355,1,Naukri,2023-04-09
2356,1,LinkedIn,2024-11-18
2357,1,LinkedIn,2023-10-09
2358,1,LinkedIn,2024-02-07
2359,1,LinkedIn,2024-03-07
2359,2,CareerSite,2024-04-01
2359,3,Naukri,2025-10-17
2360,1,Referral,2025-06-01
2361,1,LinkedIn,2024-07-12
2361,2,LinkedIn,2025-10-30
2362,1,LinkedIn,2025-01-26
2362,2,Agency,2025-04-09
2363,1,LinkedIn,2025-06-10
2363,2,LinkedIn,2025-09-18
2364,1,LinkedIn,2024-01-01
2365,1,Naukri,2023-04-14
2365,2,LinkedIn,2023-09-17
2365,3,Naukri,2023-10-24
2366,1,LinkedIn,2024-03-29
2367,1,Agency,2024-04-04
2368,1,Referral,2024-09-08
2369,1,LinkedIn,2024-02-20
2369,2,LinkedIn,2024-04-09
2370,1,Naukri,2024-05-05
2370,2,Naukri,2024-11-25
2371,1,LinkedIn,2023-12-26
2371,2,Naukri,2024-01-27
2372,1,LinkedIn,2023-05-09
2372,2,Naukri,2024-01-13
2373,1,Referral,2023-08-30
2374,1,Agency,2025-01-08
2375,1,Referral,2024-01-09
2375,2,Naukri,2025-08-08
2376,1,LinkedIn,2025-04-05
2376,2,CareerSite,2025-11-10
2377,1,LinkedIn,2023-04-23
2378,1,LinkedIn,2023-01-26
2378,2,LinkedIn,2023-10-03
2379,1,Referral,2023-11-16
2379,2,Agency,2025-12-14
2380,1,CareerSite,2023-11-07
2381,1,LinkedIn,2023-05-02
2382,1,Naukri,2023-04-14
2382,2,Referral,2024-07-06
2383,1,Referral,2023-05-12
2383,2,Naukri,2024-08-14
2384,1,LinkedIn,2023-09-13
2384,2,Referral,2025-07-20
2385,1,Referral,2023-05-03
2386,1,LinkedIn,2023-01-28
2387,1,LinkedIn,2024-03-02
2387,2,LinkedIn,2025-10-27
2388,1,Agency,2023-01-30
2389,1,LinkedIn,2023-10-23
2390,1,LinkedIn,2023-10-21
2391,1,Naukri,2024-11-17
2391,2,LinkedIn,2025-10-09
2392,1,LinkedIn,2023-04-07
2392,2,LinkedIn,2024-11-16
2393,1,Naukri,2023-11-20
2393,2,LinkedIn,2024-03-20
2393,3,CareerSite,2025-08-13
2394,1,LinkedIn,2024-02-10
2395,1,Referral,2025-11-02
2396,1,LinkedIn,2023-06-22
2396,2,LinkedIn,2024-12-10
2397,1,LinkedIn,2025-07-08
2398,1,CareerSite,2024-10-02
2399,1,Referral,2023-12-30
2400,1,Referral,2024-08-16
2401,1,Naukri,2023-10-17
2401,2,Referral,2025-08-06
2402,1,LinkedIn,2024-08-22
2403,1,Referral,2023-12-22
2403,2,LinkedIn,2024-05-15
2403,3,LinkedIn,2025-04-16
2404,1,CareerSite,2023-04-27
2404,2,LinkedIn,2025-09-14
2405,1,LinkedIn,2025-10-03
2406,1,Naukri,2023-11-23
2407,1,Referral,2023-09-24
2407,2,LinkedIn,2024-10-30
2407,3,Referral,2025-07-17
2408,1,Referral,2024-11-21
2409,1,Naukri,2025-05-07
2410,1,Referral,2023-10-29
2410,2,Naukri,2025-03-11
2411,1,LinkedIn,2025-03-23
2411,2,Agency,2025-08-30
2412,1,LinkedIn,2024-02-28
2412,2,LinkedIn,2025-12-31
2413,1,LinkedIn,2024-12-30
2414,1,LinkedIn,2024-04-19
2415,1,LinkedIn,2024-12-22
2416,1,LinkedIn,2024-06-01
2417,1,Naukri,2025-06-08
2418,1,LinkedIn,2023-08-02
2419,1,LinkedIn,2024-09-12
2419,2,Referral,2024-11-24
2420,1,Referral,2024-11-22
2421,1,Agency,2023-01-01
2422,1,LinkedIn,2024-06-23
2422,2,Referral,2025-07-05
2423,1,LinkedIn,2024-09-09
2424,1,Naukri,2023-07-25
2425,1,Agency,2024-08-26
2426,1,Naukri,2025-02-01
2427,1,LinkedIn,2023-06-05
2428,1,Naukri,2023-06-27
2429,1,LinkedIn,2023-05-09
2429,2,LinkedIn,2025-08-28
2429,3,LinkedIn,2025-09-03
2430,1,Naukri,2023-05-17
2431,1,Referral,2023-06-02
2431,2,Referral,2024-10-17
2432,1,LinkedIn,2023-11-27
2433,1,Referral,2025-12-28
2434,1,Naukri,2024-10-15
2435,1,Naukri,2025-09-04
2436,1,LinkedIn,2023-08-16
2436,2,LinkedIn,2025-07-30
2437,1,LinkedIn,2024-01-04
2437,2,Referral,2025-12-09
2438,1,LinkedIn,2023-08-02
2438,2,CareerSite,2024-05-05
2439,1,LinkedIn,2023-01-11
2440,1,Referral,2023-08-07
2440,2,LinkedIn,2024-01-21
2440,3,Naukri,2025-08-23
2441,1,Naukri,2025-10-27
2442,1,Naukri,2025-09-26
2443,1,CareerSite,2023-05-25
2443,2,Referral,2023-12-02
2443,3,CareerSite,2024-07-11
2444,1,CareerSite,2024-10-17
2445,1,Naukri,2023-04-13
2445,2,CareerSite,2025-12-31
2446,1,Referral,2025-12-13
2447,1,LinkedIn,2023-12-12
2448,1,Referral,2024-01-03
2448,2,LinkedIn,2025-05-22
2449,1,Naukri,2025-05-30
2450,1,LinkedIn,2024-09-08
2450,2,Naukri,2025-10-10
2451,1,Agency,2023-06-13
2452,1,CareerSite,2023-09-08
2453,1,CareerSite,2025-01-03
2453,2,Naukri,2025-12-06
2453,3,CareerSite,2025-12-26
2454,1,LinkedIn,2025-04-20
2455,1,LinkedIn,2023-10-01
2456,1,CareerSite,2024-12-15
2456,2,Naukri,2025-11-15
2457,1,Agency,2025-08-24
2458,1,Agency,2023-07-02
2459,1,Naukri,2024-05-16
2460,1,Naukri,2023-08-27
2460,2,Naukri,2023-08-30
2460,3,LinkedIn,2024-10-10
2461,1,Naukri,2023-08-17
2461,2,Naukri,2024-03-28
2462,1,Referral,2023-06-04
2462,2,CareerSite,2024-05-12
2462,3,LinkedIn,2025-03-08
2463,1,LinkedIn,2023-01-29
2464,1,Referral,2024-04-09
2465,1,LinkedIn,2024-03-20
2466,1,Agency,2025-01-17
2467,1,LinkedIn,2023-01-06
2467,2,LinkedIn,2024-06-24
2467,3,Referral,2025-08-05
2468,1,Agency,2024-12-03
2469,1,Referral,2023-10-23
2469,2,LinkedIn,2024-05-19
2470,1,Referral,2024-07-02
2471,1,Referral,2023-06-07
2472,1,Referral,2024-10-25
2473,1,CareerSite,2024-09-30
2473,2,Naukri,2025-03-05
2474,1,CareerSite,2023-12-25
2474,2,CareerSite,2024-07-07
2475,1,LinkedIn,2024-04-07
2476,1,Agency,2023-01-28
2477,1,Naukri,2023-12-28
2477,2,Naukri,2024-03-18
2477,3,LinkedIn,2025-09-21
2478,1,Naukri,2024-01-04
2479,1,Agency,2024-02-11
2480,1,Referral,2023-04-10
2480,2,LinkedIn,2023-11-22
2481,1,Agency,2024-07-23
2481,2,Referral,2025-02-16
2482,1,LinkedIn,2024-07-06
2482,2,CareerSite,2024-07-15
2483,1,Referral,2024-12-25
2484,1,Referral,2023-07-31
2484,2,Referral,2024-03-30
2485,1,LinkedIn,2023-09-27
2486,1,LinkedIn,2023-07-20
2487,1,Naukri,2023-05-27
2487,2,Naukri,2024-02-15
2488,1,Naukri,2023-08-27
2489,1,Naukri,2024-06-19
2490,1,Naukri,2024-12-07
2490,2,LinkedIn,2025-02-28
2491,1,Agency,2023-12-17
2491,2,Naukri,2024-08-28
2491,3,LinkedIn,2024-09-27
2492,1,Naukri,2023-10-11
2492,2,Naukri,2024-02-22
2493,1,CareerSite,2024-11-10
2494,1,Agency,2024-07-11
2495,1,LinkedIn,2024-08-08
2495,2,Referral,2025-03-14
2496,1,Referral,2023-10-30
2496,2,Referral,2024-09-16
2497,1,LinkedIn,2025-02-13
2498,1,LinkedIn,2025-10-24
2499,1,Referral,2023-02-22
2499,2,CareerSite,2023-09-22
2500,1,LinkedIn,2025-02-15
2501,1,LinkedIn,2023-05-25
2502,1,LinkedIn,2023-03-05
2502,2,Naukri,2023-07-03
2502,3,LinkedIn,2024-03-30
2503,1,Referral,2023-05-01
2504,1,Referral,2023-11-07
2505,1,LinkedIn,2025-01-28
2505,2,Referral,2025-06-14
2505,3,LinkedIn,2025-07-07
2506,1,LinkedIn,2024-01-23
2507,1,Naukri,2023-12-24
2507,2,LinkedIn,2024-08-22
2508,1,Naukri,2024-01-30
2508,2,LinkedIn,2025-03-04
2509,1,Referral,2024-06-27
2509,2,Agency,2024-10-23
2509,3,LinkedIn,2025-06-10
2510,1,CareerSite,2025-06-08
2511,1,CareerSite,2024-10-12
2512,1,LinkedIn,2023-05-26
2512,2,LinkedIn,2023-10-18
2512,3,Naukri,2025-05-08
2513,1,LinkedIn,2025-03-11
2514,1,CareerSite,2023-04-09
2514,2,Referral,2025-09-30
2515,1,Naukri,2023-07-31
2516,1,Referral,2023-06-12
2516,2,LinkedIn,2024-01-24
2516,3,LinkedIn,2025-02-12
2517,1,Referral,2025-08-31
2517,2,Referral,2025-11-25
2518,1,Naukri,2024-04-06
2519,1,Naukri,2023-07-27
2519,2,Referral,2025-01-28
2519,3,CareerSite,2025-11-03
2520,1,LinkedIn,2025-05-04
2521,1,Agency,2025-03-19
2522,1,Naukri,2025-03-18
2522,2,Referral,2025-06-20
2523,1,CareerSite,2023-02-18
2523,2,Naukri,2025-09-08
2524,1,Naukri,2023-07-12
2525,1,LinkedIn,2023-01-31
2526,1,Naukri,2023-08-16
2527,1,Referral,2023-10-01
2527,2,CareerSite,2024-11-06
2528,1,LinkedIn,2024-02-22
2528,2,LinkedIn,2025-05-17
2529,1,Referral,2023-09-12
2529,2,LinkedIn,2024-10-17
2529,3,CareerSite,2025-07-16
2530,1,CareerSite,2025-02-03
2530,2,LinkedIn,2025-10-09
2531,1,LinkedIn,2025-09-12
2532,1,CareerSite,2024-01-22
2533,1,Naukri,2024-11-24
2534,1,Naukri,2024-05-02
2534,2,LinkedIn,2024-08-07
2534,3,CareerSite,2025-12-25
2535,1,Referral,2023-12-29
2535,2,LinkedIn,2024-10-22
2536,1,LinkedIn,2024-10-17
2537,1,Referral,2025-08-21
2538,1,CareerSite,2025-07-20
2539,1,Naukri,2023-09-01
2540,1,CareerSite,2023-06-07
2540,2,LinkedIn,2025-09-28
2541,1,LinkedIn,2024-06-07
2542,1,LinkedIn,2024-09-27
2542,2,LinkedIn,2025-12-03
2543,1,LinkedIn,2023-01-31
2543,2,Naukri,2024-10-05
2543,3,LinkedIn,2025-11-21
2544,1,Agency,2023-06-12
2544,2,Referral,2024-11-06
2545,1,CareerSite,2025-08-31
2546,1,Naukri,2025-05-05
2547,1,LinkedIn,2024-03-03
2547,2,Referral,2024-07-19
2548,1,CareerSite,2024-12-05
2548,2,Referral,2025-02-19
2549,1,Naukri,2024-04-16
2550,1,Naukri,2024-08-15
2551,1,LinkedIn,2025-04-27
2552,1,Naukri,2025-11-15
2553,1,Naukri,2024-05-21
2554,1,LinkedIn,2023-11-10
2554,2,Referral,2025-07-14
2555,1,Referral,2023-02-13
2556,1,LinkedIn,2023-09-22
2556,2,LinkedIn,2024-08-28
2557,1,LinkedIn,2025-08-18
2558,1,Referral,2024-02-20
2559,1,Naukri,2024-12-04
2560,1,Referral,2024-07-08
2561,1,LinkedIn,2025-06-05
2561,2,LinkedIn,2025-12-12
2562,1,LinkedIn,2023-09-30
2563,1,Naukri,2023-01-07
2564,1,LinkedIn,2024-09-21
2564,2,Naukri,2025-12-11
2564,3,Agency,2025-12-22
2565,1,Agency,2024-09-01
2566,1,Referral,2023-02-15
2566,2,LinkedIn,2023-09-15
2566,3,Agency,2025-06-05
2567,1,LinkedIn,2023-03-20
2568,1,LinkedIn,2025-11-24
2569,1,LinkedIn,2025-10-25
2570,1,CareerSite,2024-05-16
2571,1,Agency,2024-04-11
2572,1,Naukri,2023-07-12
2573,1,CareerSite,2024-05-11
2574,1,LinkedIn,2023-06-08
2575,1,LinkedIn,2023-07-03
2575,2,Naukri,2023-10-28
2575,3,LinkedIn,2024-02-11
2576,1,LinkedIn,2023-06-21
2576,2,Naukri,2023-07-02
2577,1,LinkedIn,2024-07-05
2578,1,CareerSite,2024-06-07
2578,2,LinkedIn,2024-09-18
2578,3,Referral,2025-07-30
2579,1,LinkedIn,2023-12-12
2579,2,Referral,2025-10-11
2580,1,Naukri,2025-07-01
2581,1,Referral,2023-12-03
2581,2,LinkedIn,2025-07-07
2582,1,LinkedIn,2023-04-14
2583,1,Referral,2025-12-12
2584,1,CareerSite,2023-03-29
2584,2,LinkedIn,2025-08-29
2585,1,LinkedIn,2024-12-18
2585,2,Referral,2024-12-21
2585,3,Naukri,2025-10-13
2586,1,LinkedIn,2023-10-13
2587,1,CareerSite,2023-05-14
2587,2,LinkedIn,2024-11-12
2588,1,Referral,2023-07-19
2588,2,LinkedIn,2025-03-10
2589,1,Referral,2024-12-06
2590,1,LinkedIn,2024-08-15
2591,1,Naukri,2025-01-25
2592,1,LinkedIn,2024-02-03
2592,2,Naukri,2025-01-18
2592,3,LinkedIn,2025-05-09
2593,1,LinkedIn,2025-01-21
2593,2,Referral,2025-05-27
2594,1,LinkedIn,2023-03-30
2594,2,Naukri,2024-10-06
2595,1,LinkedIn,2023-06-28
2596,1,Referral,2024-05-12
2597,1,LinkedIn,2024-09-11
2598,1,LinkedIn,2023-09-14
2598,2,LinkedIn,2025-05-19
2599,1,LinkedIn,2025-10-04
2600,1,Naukri,2024-05-27
2601,1,Naukri,2024-04-08
2602,1,LinkedIn,2024-05-07
2603,1,LinkedIn,2023-04-22
2603,2,LinkedIn,2023-08-30
2603,3,Naukri,2025-04-19
2604,1,LinkedIn,2025-02-25
2605,1,Naukri,2024-09-27
2606,1,LinkedIn,2024-08-03
2607,1,Referral,2025-09-08
2608,1,Referral,2025-07-10
2608,2,LinkedIn,2025-08-18
2609,1,Naukri,2023-10-30
2609,2,LinkedIn,2024-08-24
2610,1,Naukri,2023-12-29
2610,2,LinkedIn,2025-01-07
2610,3,CareerSite,2025-05-15
2611,1,Referral,2023-10-16
2612,1,Naukri,2023-08-25
2612,2,LinkedIn,2025-01-10
2613,1,LinkedIn,2023-07-23
2614,1,Referral,2023-09-14
2614,2,Referral,2023-10-05
2615,1,CareerSite,2025-02-06
2615,2,LinkedIn,2025-02-10
2616,1,CareerSite,2024-10-22
2617,1,LinkedIn,2024-02-29
2618,1,LinkedIn,2025-07-31
2619,1,LinkedIn,2024-06-22
2619,2,LinkedIn,2024-12-25
2620,1,CareerSite,2023-03-23
2620,2,LinkedIn,2023-09-06
2620,3,CareerSite,2024-04-12
2621,1,Referral,2024-05-28
2622,1,LinkedIn,2024-11-28
2623,1,LinkedIn,2024-09-22
2624,1,CareerSite,2024-01-19
2625,1,Naukri,2024-08-23
2626,1,LinkedIn,2023-04-03
2627,1,Agency,2023-12-15
2628,1,Referral,2024-01-16
2628,2,CareerSite,2024-08-22
2629,1,LinkedIn,2023-12-22
2630,1,LinkedIn,2023-08-28
2631,1,LinkedIn,2024-12-25
2631,2,LinkedIn,2025-06-24
2632,1,CareerSite,2023-06-18
2632,2,Naukri,2025-12-10
2633,1,LinkedIn,2024-06-28
2634,1,LinkedIn,2023-11-04
2635,1,LinkedIn,2025-05-28
2636,1,LinkedIn,2023-05-28
2636,2,LinkedIn,2024-08-08
2637,1,LinkedIn,2023-05-21
2638,1,Naukri,2023-08-19
2639,1,Naukri,2024-04-13
2640,1,Naukri,2024-12-31
2640,2,Naukri,2025-05-16
2641,1,LinkedIn,2023-02-16
2641,2,LinkedIn,2023-10-11
2642,1,LinkedIn,2023-12-13
2642,2,Naukri,2024-11-06
2643,1,Naukri,2025-05-21
2644,1,LinkedIn,2023-01-27
2645,1,LinkedIn,2024-04-15
2645,2,Naukri,2024-06-26
2646,1,LinkedIn,2023-10-20
2646,2,CareerSite,2024-11-06
2647,1,Referral,2024-11-12
2648,1,Naukri,2023-11-14
2649,1,CareerSite,2023-01-17
2649,2,Referral,2023-03-06
2649,3,Naukri,2024-07-02
2650,1,Naukri,2023-10-01
2650,2,CareerSite,2024-02-03
2651,1,Agency,2025-10-27
2652,1,Referral,2023-04-07
2653,1,LinkedIn,2025-10-31
2654,1,CareerSite,2025-03-27
2655,1,Naukri,2025-03-24
2656,1,Referral,2023-12-17
2656,2,LinkedIn,2024-01-10
2657,1,CareerSite,2024-02-01
2658,1,LinkedIn,2024-09-19
2659,1,CareerSite,2024-08-12
2660,1,Naukri,2024-07-20
2661,1,Naukri,2024-04-10
2662,1,Referral,2024-03-03
2663,1,Referral,2023-01-27
2663,2,LinkedIn,2023-06-12
2664,1,LinkedIn,2025-01-14
2665,1,Referral,2025-07-15
2666,1,Naukri,2025-02-15
2667,1,Naukri,2024-05-01
2667,2,LinkedIn,2024-06-23
2667,3,CareerSite,2025-05-14
2668,1,LinkedIn,2024-01-18
2668,2,Naukri,2024-12-30
2669,1,Naukri,2023-12-21
2670,1,Naukri,2025-12-08
2671,1,LinkedIn,2025-01-13
2672,1,LinkedIn,2025-03-10
2673,1,Agency,2023-03-13
2673,2,LinkedIn,2024-06-24
2673,3,Naukri,2024-10-07
2674,1,LinkedIn,2024-05-15
2675,1,CareerSite,2023-03-23
2676,1,LinkedIn,2025-01-05
2677,1,Naukri,2023-03-22
2677,2,LinkedIn,2024-09-19
2678,1,Naukri,2024-03-15
2678,2,CareerSite,2025-06-28
2679,1,LinkedIn,2025-03-23
2680,1,LinkedIn,2023-01-07
2681,1,LinkedIn,2023-04-19
2682,1,LinkedIn,2024-01-12
2683,1,Naukri,2024-10-01
2684,1,Referral,2024-12-05
2684,2,Referral,2025-09-28
2685,1,Naukri,2025-12-19
2686,1,Naukri,2025-07-08
2687,1,LinkedIn,2023-07-04
2687,2,Naukri,2024-07-22
2688,1,Naukri,2023-02-22
2689,1,CareerSite,2023-07-13
2689,2,CareerSite,2023-10-13
2690,1,LinkedIn,2024-03-12
2690,2,LinkedIn,2025-12-22
2691,1,Naukri,2024-04-23
2692,1,Naukri,2024-05-16
2693,1,Naukri,2025-02-11
2694,1,Referral,2025-01-02
2695,1,CareerSite,2023-08-24
2696,1,LinkedIn,2023-09-22
2697,1,Referral,2024-04-09
2698,1,LinkedIn,2023-10-20
2699,1,LinkedIn,2023-03-16
2700,1,Agency,2023-09-13
2701,1,Referral,2025-12-07
2702,1,CareerSite,2023-06-26
2702,2,Naukri,2024-07-02
2703,1,CareerSite,2024-10-19
2704,1,CareerSite,2024-08-24
2705,1,Naukri,2025-03-21
2706,1,LinkedIn,2023-07-18
2707,1,Referral,2024-09-25
2707,2,CareerSite,2025-07-17
2708,1,Referral,2024-01-21
2709,1,Naukri,2024-09-12
2710,1,LinkedIn,2024-03-19
2710,2,Referral,2025-10-16
2711,1,Naukri,2024-01-30
2711,2,Agency,2024-12-06
2712,1,Referral,2024-09-15
2713,1,Referral,2024-10-06
2714,1,CareerSite,2024-03-13
2715,1,Referral,2023-08-23
2716,1,Referral,2025-08-28
2717,1,Naukri,2023-06-28
2717,2,CareerSite,2025-04-20
2718,1,Referral,2025-03-08
2719,1,Referral,2023-12-06
2719,2,Naukri,2023-12-09
2720,1,Referral,2023-11-30
2721,1,LinkedIn,2024-10-15
2721,2,Referral,2025-09-16
2722,1,LinkedIn,2023-06-20
2723,1,LinkedIn,2023-08-05
2724,1,Naukri,2024-06-06
2724,2,Referral,2024-08-21
2725,1,CareerSite,2023-10-26
2725,2,Naukri,2025-09-17
2725,3,CareerSite,2025-09-21
2726,1,LinkedIn,2024-07-27
2727,1,Agency,2025-06-25
2728,1,LinkedIn,2024-03-30
2729,1,LinkedIn,2025-05-23
2730,1,Agency,2025-05-10
2731,1,Naukri,2024-11-24
2732,1,LinkedIn,2023-04-19
2733,1,Referral,2023-12-21
2734,1,Naukri,2025-06-23
2735,1,LinkedIn,2023-11-13
2735,2,Naukri,2025-09-07
2736,1,Agency,2024-05-22
2737,1,LinkedIn,2024-05-21
2738,1,LinkedIn,2024-09-06
2739,1,CareerSite,2024-08-05
2740,1,LinkedIn,2025-12-31
2741,1,LinkedIn,2024-12-24
2741,2,LinkedIn,2025-10-23
2742,1,Naukri,2024-05-18
2742,2,CareerSite,2024-09-01
2743,1,Referral,2024-08-03
2744,1,LinkedIn,2023-05-07
2745,1,Referral,2024-07-24
2745,2,Naukri,2025-01-23
2746,1,LinkedIn,2023-05-11
2747,1,LinkedIn,2025-06-21
2748,1,Naukri,2023-01-02
2748,2,Naukri,2024-04-15
2749,1,LinkedIn,2023-09-08
2750,1,LinkedIn,2025-05-26
2750,2,Referral,2025-06-13
2751,1,Referral,2023-04-29
2752,1,Referral,2024-11-14
2753,1,Referral,2024-12-04
2754,1,Referral,2025-10-23
2755,1,CareerSite,2024-02-26
2756,1,Agency,2024-05-22
2756,2,Referral,2024-05-25
2756,3,LinkedIn,2024-10-12
2757,1,Referral,2023-05-25
2757,2,Referral,2023-09-14
2757,3,Referral,2024-04-29
2758,1,LinkedIn,2023-03-25
2759,1,Naukri,2023-03-26
2760,1,Naukri,2023-01-31
2760,2,Naukri,2023-02-23
2760,3,LinkedIn,2024-06-09
2761,1,LinkedIn,2025-06-27
2762,1,Naukri,2025-06-02
2763,1,Naukri,2024-04-04
2764,1,LinkedIn,2023-04-08
2765,1,Referral,2024-10-22
2766,1,LinkedIn,2025-08-05
2767,1,Naukri,2024-12-29
2767,2,LinkedIn,2025-07-03
2768,1,LinkedIn,2023-01-23
2768,2,Naukri,2023-12-17
2769,1,CareerSite,2023-12-08
2770,1,CareerSite,2024-08-26
2770,2,LinkedIn,2025-09-11
2771,1,LinkedIn,2025-07-21
2772,1,LinkedIn,2023-07-24
2772,2,Naukri,2023-10-28
2773,1,Referral,2024-02-08
2773,2,LinkedIn,2024-04-11
2773,3,Agency,2024-07-21
2774,1,Referral,2025-09-01
2775,1,CareerSite,2023-04-05
2775,2,LinkedIn,2024-08-15
2776,1,LinkedIn,2024-06-11
2776,2,Referral,2025-07-31
2777,1,Naukri,2023-09-01
2778,1,Naukri,2023-01-26
2779,1,LinkedIn,2025-06-27
2780,1,LinkedIn,2023-02-13
2780,2,Naukri,2023-05-01
2781,1,Referral,2023-01-05
2781,2,CareerSite,2023-02-04
2781,3,LinkedIn,2025-04-30
2782,1,Referral,2024-12-13
2783,1,Referral,2023-05-11
2783,2,Referral,2024-02-22
2784,1,LinkedIn,2025-04-14
2785,1,LinkedIn,2024-06-28
2786,1,LinkedIn,2025-11-15
2787,1,LinkedIn,2023-07-17
2788,1,CareerSite,2024-01-03
2788,2,LinkedIn,2025-06-07
2789,1,Naukri,2024-09-22
2790,1,LinkedIn,2023-02-16
2790,2,LinkedIn,2024-05-15
2791,1,Naukri,2023-08-01
2792,1,LinkedIn,2023-10-24
2793,1,Referral,2024-03-27
2793,2,CareerSite,2024-06-05
2794,1,CareerSite,2025-09-19
2795,1,LinkedIn,2024-01-30
2796,1,Naukri,2024-02-17
2796,2,Agency,2025-05-24
2797,1,LinkedIn,2023-09-24
2797,2,CareerSite,2024-02-27
2797,3,LinkedIn,2024-09-22
2798,1,Referral,2025-06-27
2798,2,Referral,2025-08-16
2799,1,Referral,2024-02-01
2799,2,LinkedIn,2025-03-09
2800,1,LinkedIn,2023-05-15
2801,1,Naukri,2024-04-24
2801,2,CareerSite,2025-05-14
2802,1,LinkedIn,2023-09-29
2802,2,Referral,2025-09-16
2803,1,Referral,2023-03-10
2803,2,Referral,2025-08-09
2803,3,CareerSite,2025-09-08
2804,1,Referral,2025-03-07
2805,1,Referral,2023-10-06
2806,1,Referral,2024-10-30
2807,1,Naukri,2024-03-07
2807,2,LinkedIn,2025-01-16
2808,1,LinkedIn,2023-05-29
2808,2,Referral,2024-08-23
2808,3,Agency,2024-09-22
2809,1,Referral,2023-11-18
2810,1,LinkedIn,2024-08-03
2811,1,Referral,2025-11-10
2812,1,LinkedIn,2023-06-02
2812,2,Referral,2025-07-15
2813,1,Naukri,2025-04-28
2814,1,Referral,2025-08-09
2815,1,LinkedIn,2023-02-26
2816,1,Referral,2023-02-16
2817,1,Naukri,2023-07-18
2818,1,LinkedIn,2023-01-23
2819,1,Referral,2024-10-22
2820,1,Agency,2023-11-14
2820,2,Agency,2024-12-17
2821,1,Naukri,2024-07-24
2822,1,CareerSite,2024-03-18
2823,1,LinkedIn,2023-06-04
2823,2,LinkedIn,2025-10-26
2824,1,LinkedIn,2025-12-12
2825,1,Naukri,2025-01-08
2826,1,LinkedIn,2023-09-29
2826,2,Naukri,2024-05-07
2826,3,LinkedIn,2024-07-09
2827,1,Naukri,2023-09-08
2827,2,Referral,2024-01-11
2827,3,Referral,2025-04-08
2828,1,LinkedIn,2025-03-31
2828,2,LinkedIn,2025-11-25
2829,1,Naukri,2023-12-15
2830,1,LinkedIn,2024-12-02
2830,2,LinkedIn,2025-03-27
2831,1,Naukri,2024-03-28
2831,2,CareerSite,2024-04-02
2831,3,LinkedIn,2025-08-20
2832,1,CareerSite,2023-08-06
2832,2,Referral,2025-10-12
2833,1,LinkedIn,2023-01-29
2833,2,Referral,2023-07-01
2833,3,Referral,2025-02-03
2834,1,Naukri,2023-05-05
2834,2,CareerSite,2023-10-16
2834,3,LinkedIn,2024-12-31
2835,1,Referral,2025-06-03
2835,2,LinkedIn,2025-06-24
2836,1,LinkedIn,2023-11-25
2836,2,LinkedIn,2025-02-10
2837,1,Naukri,2023-04-22
2837,2,Agency,2024-08-24
2838,1,Referral,2023-03-21
2838,2,Naukri,2024-01-16
2839,1,LinkedIn,2025-01-07
2840,1,LinkedIn,2024-02-10
2840,2,Naukri,2025-11-19
2841,1,LinkedIn,2025-03-24
2841,2,CareerSite,2025-04-17
2841,3,LinkedIn,2025-10-09
2842,1,Naukri,2023-12-15
2842,2,Referral,2024-06-13
2842,3,Naukri,2025-09-23
2843,1,Referral,2025-04-29
2844,1,Naukri,2023-06-10
2844,2,LinkedIn,2024-06-14
2845,1,CareerSite,2023-10-06
2845,2,LinkedIn,2024-03-24
2846,1,Referral,2024-09-27
2847,1,LinkedIn,2023-08-27
2848,1,Referral,2023-02-06
2848,2,LinkedIn,2024-09-07
2848,3,Naukri,2025-09-10
2849,1,LinkedIn,2023-07-15
2849,2,LinkedIn,2025-09-13
2850,1,LinkedIn,2024-05-16
2850,2,LinkedIn,2025-03-10
2850,3,Agency,2025-10-22
2851,1,Referral,2025-06-01
2852,1,Referral,2024-07-04
2852,2,LinkedIn,2025-09-03
2853,1,CareerSite,2024-09-09
2853,2,LinkedIn,2025-02-09
2854,1,Naukri,2023-11-01
2855,1,LinkedIn,2023-08-07
2855,2,Referral,2025-08-29
2856,1,Referral,2023-01-15
2856,2,Naukri,2023-08-01
2856,3,Referral,2024-04-07
2857,1,LinkedIn,2023-05-11
2858,1,LinkedIn,2023-10-01
2859,1,Referral,2023-07-30
2859,2,LinkedIn,2023-09-28
2860,1,LinkedIn,2025-08-07
2861,1,LinkedIn,2024-01-08
2862,1,Referral,2025-05-24
2863,1,CareerSite,2023-05-13
2863,2,Referral,2025-04-24
2864,1,Referral,2025-07-28
2865,1,Naukri,2023-07-28
2866,1,Referral,2024-03-04
2867,1,LinkedIn,2023-09-03
2868,1,Naukri,2025-01-26
2868,2,Naukri,2025-08-17
2869,1,Referral,2023-01-08
2869,2,LinkedIn,2024-12-02
2870,1,CareerSite,2024-07-07
2870,2,LinkedIn,2024-10-12
2870,3,LinkedIn,2025-03-10
2871,1,LinkedIn,2024-05-26
2871,2,Naukri,2025-09-09
2872,1,LinkedIn,2023-01-06
2872,2,LinkedIn,2025-03-01
2872,3,Naukri,2025-09-03
2873,1,Agency,2023-03-16
2873,2,Referral,2023-10-02
2873,3,Naukri,2023-12-28
2874,1,LinkedIn,2023-03-26
2874,2,LinkedIn,2023-11-28
2874,3,Naukri,2025-07-25
2875,1,LinkedIn,2023-09-20
2875,2,LinkedIn,2025-09-26
2876,1,LinkedIn,2023-09-10
2877,1,LinkedIn,2025-11-27
2878,1,LinkedIn,2023-09-03
2879,1,LinkedIn,2025-01-30
2879,2,Naukri,2025-04-16
2880,1,LinkedIn,2023-06-06
2881,1,Naukri,2023-08-07
2881,2,Naukri,2025-06-26
2882,1,LinkedIn,2023-02-17
2882,2,LinkedIn,2023-03-08
2882,3,Naukri,2024-03-17
2883,1,Naukri,2024-12-13
2884,1,LinkedIn,2025-02-04
2884,2,Referral,2025-11-02
2885,1,Agency,2024-12-27
2885,2,Referral,2025-01-03
2885,3,Naukri,2025-06-12
2886,1,LinkedIn,2023-05-11
2886,2,LinkedIn,2025-04-16
2887,1,Referral,2025-02-07
2888,1,LinkedIn,2025-12-30
2889,1,LinkedIn,2024-07-06
2889,2,LinkedIn,2025-09-22
2890,1,Agency,2023-04-21
2890,2,Referral,2025-04-05
2891,1,LinkedIn,2024-12-10
2892,1,Referral,2024-05-19
2893,1,LinkedIn,2023-01-15
2894,1,Naukri,2024-04-07
2895,1,Referral,2024-08-30
2895,2,Referral,2024-11-06
2896,1,LinkedIn,2023-04-05
2896,2,LinkedIn,2025-05-22
2897,1,Naukri,2024-03-03
2898,1,Naukri,2023-04-23
2898,2,LinkedIn,2023-08-28
2899,1,Referral,2025-03-31
2900,1,CareerSite,2023-08-01
2900,2,Agency,2025-02-04
2901,1,Naukri,2024-05-16
2901,2,Naukri,2024-09-13
2902,1,Naukri,2024-07-03
2903,1,LinkedIn,2024-03-01
2904,1,LinkedIn,2023-01-11
2904,2,LinkedIn,2025-02-21
2905,1,Referral,2023-08-31
2906,1,LinkedIn,2025-02-08
2907,1,LinkedIn,2024-07-04
2907,2,Referral,2024-08-01
2908,1,Referral,2024-10-27
2909,1,Referral,2023-11-22
2910,1,Referral,2024-11-27
2911,1,LinkedIn,2025-11-28
2912,1,Naukri,2023-08-13
2913,1,Referral,2024-07-21
2913,2,LinkedIn,2025-03-15
2913,3,Naukri,2025-05-31
2914,1,LinkedIn,2024-03-28
2914,2,Naukri,2024-04-19
2915,1,Referral,2023-08-20
2915,2,LinkedIn,2025-09-18
2916,1,LinkedIn,2023-07-27
2917,1,CareerSite,2023-02-21
2917,2,Referral,2024-05-08
2917,3,LinkedIn,2024-07-19
2918,1,Naukri,2023-09-19
2919,1,Naukri,2024-11-10
2920,1,Naukri,2025-01-25
2921,1,LinkedIn,2025-06-20
2922,1,Referral,2024-09-07
2922,2,Agency,2025-01-27
2923,1,CareerSite,2023-08-22
2923,2,LinkedIn,2024-02-16
2924,1,LinkedIn,2023-11-12
2925,1,LinkedIn,2025-11-11
2925,2,LinkedIn,2025-12-01
2926,1,Referral,2024-01-19
2927,1,LinkedIn,2023-01-22
2927,2,Agency,2023-11-16
2928,1,LinkedIn,2023-11-10
2929,1,Naukri,2023-12-20
2930,1,Naukri,2025-01-07
2931,1,LinkedIn,2024-07-12
2932,1,Naukri,2023-03-04
2933,1,LinkedIn,2023-09-21
2933,2,Naukri,2023-12-05
2934,1,LinkedIn,2024-08-07
2935,1,Naukri,2023-07-21
2936,1,LinkedIn,2024-02-24
2936,2,LinkedIn,2024-05-21
2936,3,CareerSite,2025-02-12
2937,1,LinkedIn,2024-12-11
2938,1,LinkedIn,2025-04-26
2939,1,LinkedIn,2025-09-29
2939,2,Naukri,2025-10-20
2940,1,Referral,2023-05-13
2940,2,Naukri,2024-06-16
2940,3,LinkedIn,2025-02-03
2941,1,Naukri,2024-07-28
2942,1,CareerSite,2023-06-23
2942,2,LinkedIn,2023-09-21
2943,1,Naukri,2024-08-06
2944,1,CareerSite,2023-06-30
2944,2,LinkedIn,2025-04-14
2945,1,Naukri,2023-09-26
2945,2,Naukri,2024-05-15
2946,1,Naukri,2023-02-13
2947,1,Naukri,2024-12-08
2948,1,Naukri,2025-06-27
2949,1,Naukri,2023-03-15
2950,1,CareerSite,2023-08-14
2950,2,LinkedIn,2024-03-04
2950,3,LinkedIn,2025-05-28
2951,1,Naukri,2024-03-26
2952,1,Referral,2024-01-14
2952,2,LinkedIn,2024-02-17
2953,1,LinkedIn,2023-12-11
2954,1,Naukri,2024-05-06
2955,1,LinkedIn,2023-03-31
2956,1,Referral,2024-03-04
2957,1,Referral,2023-11-05
2958,1,Naukri,2023-07-27
2959,1,LinkedIn,2024-01-15
2960,1,LinkedIn,2025-11-05
2961,1,LinkedIn,2023-07-07
2962,1,CareerSite,2023-10-20
2962,2,Referral,2025-06-01
2963,1,Referral,2024-08-03
2964,1,CareerSite,2023-09-06
2964,2,Naukri,2024-04-20
2964,3,Naukri,2024-09-05
2965,1,LinkedIn,2024-03-12
2965,2,LinkedIn,2024-05-21
2965,3,Referral,2024-05-29
2966,1,CareerSite,2023-04-24
2967,1,LinkedIn,2025-01-02
2968,1,Naukri,2024-07-11
2968,2,LinkedIn,2025-02-11
2969,1,Referral,2025-05-24
2970,1,CareerSite,2024-10-09
2970,2,Naukri,2025-06-22
2971,1,LinkedIn,2023-11-15
2971,2,Agency,2024-07-01
2971,3,CareerSite,2025-11-13
2972,1,LinkedIn,2023-12-11
2972,2,Referral,2024-01-24
2972,3,Referral,2025-11-21
2973,1,Referral,2025-03-25
2974,1,Referral,2023-03-14
2975,1,LinkedIn,2023-07-18
2976,1,LinkedIn,2023-02-01
2976,2,LinkedIn,2024-08-01
2977,1,Referral,2023-08-10
2977,2,Naukri,2023-09-24
2978,1,Naukri,2024-02-19
2979,1,Naukri,2025-11-21
2980,1,LinkedIn,2023-02-12
2981,1,Referral,2023-06-29
2981,2,Referral,2023-12-13
2981,3,LinkedIn,2024-06-30
2982,1,LinkedIn,2025-11-03
2983,1,LinkedIn,2024-02-28
2983,2,Naukri,2025-06-15
2984,1,Naukri,2023-05-11
2985,1,LinkedIn,2023-09-27
2986,1,Naukri,2025-09-20
2987,1,LinkedIn,2024-09-03
2988,1,Referral,2023-08-20
2989,1,Naukri,2024-10-10
2990,1,LinkedIn,2023-12-21
2990,2,CareerSite,2023-12-24
2990,3,LinkedIn,2024-09-10
2991,1,Naukri,2023-01-26
2991,2,Naukri,2025-05-28
2991,3,LinkedIn,2025-06-19
2992,1,Naukri,2025-04-09
2993,1,LinkedIn,2025-12-19
2994,1,CareerSite,2023-01-08
2994,2,Referral,2023-07-02
2994,3,Agency,2025-06-11
2995,1,LinkedIn,2025-11-28
2996,1,Naukri,2023-12-05
2996,2,Naukri,2024-05-06
2997,1,LinkedIn,2023-06-08
2997,2,LinkedIn,2023-12-23
2998,1,LinkedIn,2025-10-03
2999,1,Naukri,2023-05-02
2999,2,Naukri,2023-07-16
3000,1,Referral,2024-11-14
3001,1,Naukri,2024-04-02
3001,2,Referral,2024-06-21
3002,1,LinkedIn,2023-02-11
3003,1,Naukri,2023-06-02
3004,1,LinkedIn,2025-10-21
3005,1,Naukri,2023-05-01
3005,2,Naukri,2025-01-18
3006,1,LinkedIn,2023-01-14
3007,1,Naukri,2023-05-20
3008,1,LinkedIn,2024-01-31
3009,1,Referral,2023-10-11
3010,1,Referral,2023-12-12
3011,1,LinkedIn,2024-08-11
3011,2,Referral,2024-09-08
3012,1,Naukri,2023-12-22
3013,1,Agency,2023-02-27
3013,2,Referral,2024-09-26
3014,1,Referral,2023-10-10
3014,2,Agency,2024-02-20
3014,3,LinkedIn,2025-05-21
3015,1,LinkedIn,2023-09-29
3015,2,LinkedIn,2025-07-07
3016,1,Naukri,2025-08-22
3017,1,Referral,2023-01-20
3018,1,LinkedIn,2023-08-07
3019,1,Referral,2024-02-02
3020,1,Naukri,2024-06-01
3020,2,Naukri,2025-09-21
3021,1,CareerSite,2023-09-01
3021,2,Referral,2024-01-06
3022,1,Agency,2023-12-18
3022,2,LinkedIn,2025-02-15
3023,1,Naukri,2024-03-16
3024,1,LinkedIn,2025-04-17
3025,1,Naukri,2025-08-08
3026,1,Referral,2023-09-06
3026,2,LinkedIn,2023-09-14
3027,1,LinkedIn,2023-10-14
3027,2,Referral,2023-12-07
3027,3,CareerSite,2024-01-12
3028,1,LinkedIn,2024-08-16
3029,1,LinkedIn,2023-04-04
3030,1,Naukri,2025-07-31
3030,2,Naukri,2025-11-22
3031,1,LinkedIn,2025-08-28
3032,1,LinkedIn,2023-03-03
3032,2,LinkedIn,2023-07-06
3032,3,Referral,2025-06-10
3033,1,Referral,2024-04-15
3034,1,LinkedIn,2025-11-01
3035,1,CareerSite,2025-01-01
3036,1,LinkedIn,2024-07-17
3036,2,LinkedIn,2025-09-13
3037,1,LinkedIn,2025-05-09
3038,1,CareerSite,2023-02-05
3038,2,LinkedIn,2024-06-29
3039,1,Naukri,2024-06-28
3040,1,Referral,2023-05-12
3040,2,Naukri,2024-08-12
3040,3,Naukri,2025-04-23
3041,1,LinkedIn,2025-12-31
3042,1,LinkedIn,2023-12-01
3043,1,LinkedIn,2024-02-06
3043,2,LinkedIn,2024-02-09
3043,3,Naukri,2025-06-26
3044,1,LinkedIn,2023-10-20
3045,1,Agency,2023-02-20
3045,2,LinkedIn,2025-05-02
3046,1,Naukri,2024-09-27
3047,1,Naukri,2025-01-07
3048,1,CareerSite,2023-08-15
3049,1,LinkedIn,2023-04-30
3049,2,Naukri,2025-01-14
3050,1,LinkedIn,2024-07-02
3051,1,LinkedIn,2023-06-01
3051,2,LinkedIn,2025-07-26
3052,1,Referral,2023-05-10
3053,1,LinkedIn,2023-08-25
3054,1,Naukri,2024-10-12
3055,1,Referral,2023-08-02
3055,2,Referral,2024-08-23
3056,1,Referral,2025-04-28
3056,2,Naukri,2025-11-01
3057,1,LinkedIn,2023-06-25
3057,2,Referral,2025-02-03
3057,3,LinkedIn,2025-08-15
3058,1,Naukri,2024-05-06
3058,2,LinkedIn,2025-11-19
3059,1,Naukri,2023-12-08
3060,1,LinkedIn,2023-05-06
3061,1,Naukri,2025-03-08
3062,1,LinkedIn,2023-11-29
3063,1,Naukri,2025-09-20
3064,1,Referral,2024-01-05
3064,2,Referral,2025-06-14
3065,1,LinkedIn,2024-09-21
3065,2,LinkedIn,2025-12-16
3066,1,Referral,2023-01-04
3066,2,LinkedIn,2023-05-22
3066,3,Referral,2024-03-19
3067,1,Referral,2025-04-01
3068,1,Referral,2023-01-21
3069,1,Naukri,2023-08-20
3069,2,LinkedIn,2025-04-18
3070,1,CareerSite,2025-03-08
3071,1,Naukri,2024-06-28
3072,1,Naukri,2023-06-30
3073,1,CareerSite,2023-08-07
3074,1,Naukri,2023-04-23
3075,1,LinkedIn,2023-06-07
3075,2,Naukri,2023-09-13
3075,3,Referral,2025-01-15
3076,1,Naukri,2023-05-25
3076,2,Naukri,2024-03-04
3076,3,LinkedIn,2024-04-16
3077,1,LinkedIn,2024-09-11
3077,2,Naukri,2024-11-27
3078,1,LinkedIn,2024-09-05
3079,1,Referral,2023-11-13
3080,1,LinkedIn,2024-09-09
3081,1,CareerSite,2024-03-03
3081,2,Referral,2025-11-06
3082,1,Referral,2023-02-22
3082,2,LinkedIn,2024-05-15
3083,1,Referral,2024-10-07
3084,1,LinkedIn,2025-06-11
3085,1,Referral,2023-11-05
3086,1,LinkedIn,2024-06-19
3086,2,LinkedIn,2025-09-29
3087,1,Naukri,2025-01-01
3088,1,LinkedIn,2024-01-10
3088,2,Naukri,2025-06-25
3089,1,Referral,2023-06-07
3089,2,LinkedIn,2023-10-16
3089,3,Referral,2023-12-20
3090,1,Referral,2023-02-05
3090,2,CareerSite,2023-06-02
3091,1,Naukri,2024-12-11
3092,1,Naukri,2023-03-20
3093,1,LinkedIn,2023-07-11
3093,2,LinkedIn,2024-06-17
3094,1,Referral,2025-07-12
3095,1,Naukri,2025-08-07
3096,1,CareerSite,2024-11-13
3097,1,LinkedIn,2025-06-07
3098,1,LinkedIn,2024-11-12
3099,1,LinkedIn,2023-08-27
3100,1,Agency,2023-07-22
3101,1,Naukri,2025-02-23
3102,1,Naukri,2023-12-20
3103,1,CareerSite,2023-03-07
3104,1,LinkedIn,2023-06-25
3104,2,LinkedIn,2023-10-08
3104,3,Naukri,2024-11-01
3105,1,Referral,2023-01-30
3106,1,Referral,2025-01-25
3106,2,LinkedIn,2025-09-07
3107,1,LinkedIn,2024-12-18
3108,1,Naukri,2023-06-20
3109,1,LinkedIn,2023-05-09
3109,2,Naukri,2023-11-22
3110,1,LinkedIn,2023-12-31
3110,2,Naukri,2025-05-28
3111,1,Referral,2023-01-27
3111,2,Referral,2023-05-22
3112,1,CareerSite,2023-07-22
3112,2,LinkedIn,2023-11-09
3113,1,Naukri,2025-05-31
3114,1,LinkedIn,2023-02-05
3114,2,LinkedIn,2025-01-27
3114,3,Agency,2025-03-21
3115,1,Referral,2024-12-09
3115,2,Naukri,2025-04-19
3116,1,LinkedIn,2023-07-03
3116,2,LinkedIn,2024-02-06
3117,1,LinkedIn,2023-05-07
3117,2,LinkedIn,2023-05-08
3118,1,Referral,2024-07-14
3119,1,Naukri,2023-09-27
3119,2,LinkedIn,2024-01-27
3119,3,Referral,2025-10-09
3120,1,LinkedIn,2024-04-04
3121,1,LinkedIn,2024-06-25
3121,2,LinkedIn,2025-09-08
3122,1,Agency,2025-02-14
3123,1,LinkedIn,2023-11-17
3123,2,Naukri,2024-08-23
3124,1,LinkedIn,2024-12-09
3125,1,Naukri,2023-03-07
3126,1,Naukri,2024-02-15
3127,1,Referral,2023-12-07
3128,1,Referral,2025-03-15
3129,1,Referral,2024-05-27
3130,1,LinkedIn,2025-02-08
3131,1,Agency,2023-12-31
3131,2,LinkedIn,2025-10-20
3132,1,Naukri,2023-05-07
3132,2,LinkedIn,2023-07-15
3132,3,Naukri,2025-07-08
3133,1,LinkedIn,2023-12-17
3134,1,LinkedIn,2024-03-13
3135,1,LinkedIn,2023-02-03
3135,2,Naukri,2023-09-18
3136,1,LinkedIn,2023-10-23
3137,1,Naukri,2024-03-02
3137,2,CareerSite,2025-06-27
3138,1,Referral,2024-11-26
3138,2,Naukri,2025-09-04
3138,3,CareerSite,2025-10-22
3139,1,Referral,2023-08-03
3139,2,Naukri,2024-03-23
3140,1,Naukri,2024-08-24
3140,2,CareerSite,2024-09-04
3141,1,Naukri,2023-09-02
3142,1,LinkedIn,2023-04-27
3143,1,Referral,2025-02-13
3144,1,LinkedIn,2024-06-15
3145,1,LinkedIn,2025-10-04
3145,2,Referral,2025-12-26
3146,1,Naukri,2023-10-01
3146,2,LinkedIn,2025-05-29
3147,1,LinkedIn,2024-01-01
3148,1,Agency,2025-01-28
3149,1,LinkedIn,2023-04-05
3149,2,Naukri,2024-11-08
3150,1,LinkedIn,2025-08-26
3151,1,Referral,2024-05-19
3152,1,LinkedIn,2023-09-01
3152,2,LinkedIn,2023-09-12
3152,3,LinkedIn,2025-02-23
3153,1,LinkedIn,2024-06-15
3153,2,Naukri,2024-12-26
3154,1,LinkedIn,2024-04-02
3154,2,CareerSite,2024-05-19
3154,3,Naukri,2024-10-08
3155,1,LinkedIn,2024-09-16
3155,2,Naukri,2024-12-20
3156,1,Naukri,2023-03-25
3156,2,Referral,2024-09-07
3156,3,LinkedIn,2025-06-23
3157,1,Naukri,2023-05-31
3157,2,LinkedIn,2023-10-13
3158,1,Referral,2023-04-01
3159,1,Naukri,2023-09-28
3159,2,Naukri,2024-10-31
3160,1,LinkedIn,2023-05-30
3160,2,LinkedIn,2024-10-05
3161,1,Naukri,2025-09-23
3162,1,Naukri,2023-07-04
3163,1,LinkedIn,2025-02-19
3163,2,LinkedIn,2025-05-11
3164,1,Naukri,2024-09-27
3164,2,LinkedIn,2025-02-26
3165,1,CareerSite,2023-10-21
3165,2,Referral,2023-11-27
3166,1,LinkedIn,2024-12-02
3166,2,CareerSite,2025-02-23
3167,1,Naukri,2023-09-12
3167,2,CareerSite,2024-05-01
3168,1,CareerSite,2025-06-08
3169,1,LinkedIn,2023-01-09
3170,1,Naukri,2023-09-10
3170,2,LinkedIn,2025-09-28
3171,1,Referral,2025-12-24
3172,1,Referral,2025-12-01
3173,1,LinkedIn,2024-12-20
3174,1,LinkedIn,2024-01-02
3174,2,Referral,2024-02-17
3175,1,LinkedIn,2023-07-27
3175,2,LinkedIn,2025-03-12
3176,1,Referral,2025-08-07
3177,1,Referral,2025-08-01
3177,2,LinkedIn,2025-11-12
3178,1,LinkedIn,2024-11-14
3179,1,Naukri,2024-09-03
3180,1,LinkedIn,2023-01-17
3180,2,LinkedIn,2023-01-18
3181,1,LinkedIn,2025-03-27
3182,1,LinkedIn,2025-12-24
3183,1,Naukri,2023-06-18
3184,1,Naukri,2025-02-07
3184,2,LinkedIn,2025-07-16
3185,1,Naukri,2024-08-09
3186,1,LinkedIn,2023-01-09
3187,1,LinkedIn,2023-02-05
3187,2,LinkedIn,2025-02-19
3187,3,Referral,2025-10-27
3188,1,Naukri,2023-07-13
3189,1,Naukri,2024-09-01
3190,1,LinkedIn,2023-09-11
3191,1,CareerSite,2023-04-10
3191,2,Referral,2024-10-13
3191,3,CareerSite,2025-10-04
3192,1,LinkedIn,2025-01-26
3193,1,LinkedIn,2025-01-13
3193,2,Referral,2025-02-11
3194,1,LinkedIn,2025-09-19
3195,1,LinkedIn,2023-06-17
3196,1,Naukri,2023-10-04
3197,1,LinkedIn,2023-03-12
3197,2,LinkedIn,2023-04-26
3198,1,LinkedIn,2024-12-01
3199,1,LinkedIn,2023-05-10
3200,1,Referral,2024-02-07
3200,2,Referral,2024-04-02
3200,3,Naukri,2025-12-07
3201,1,Referral,2023-07-19
3201,2,LinkedIn,2025-11-27
3202,1,Naukri,2023-10-03
3202,2,LinkedIn,2025-02-24
3203,1,Naukri,2023-05-23
3204,1,Naukri,2024-08-04
3205,1,Naukri,2025-10-19
3206,1,Naukri,2024-01-08
3207,1,CareerSite,2024-09-23
3207,2,LinkedIn,2025-12-05
3208,1,LinkedIn,2023-04-11
3208,2,CareerSite,2025-03-30
3209,1,LinkedIn,2023-03-03
3209,2,Naukri,2024-07-09
3210,1,CareerSite,2023-07-20
3210,2,Agency,2024-04-05
3211,1,LinkedIn,2025-07-31
3211,2,Referral,2025-10-26
3212,1,Referral,2024-10-28
3213,1,LinkedIn,2024-04-07
3213,2,Naukri,2024-09-19
3214,1,LinkedIn,2024-08-14
3215,1,Agency,2024-11-21
3216,1,LinkedIn,2024-09-17
3217,1,Referral,2023-04-21
3218,1,LinkedIn,2024-07-03
3219,1,Referral,2025-05-02
3220,1,Referral,2023-02-16
3220,2,Referral,2023-11-23
3221,1,LinkedIn,2023-12-07
3221,2,LinkedIn,2024-06-04
3222,1,LinkedIn,2025-03-25
3223,1,LinkedIn,2023-11-06
3223,2,LinkedIn,2024-10-20
3224,1,Naukri,2023-05-08
3224,2,CareerSite,2023-08-24
3225,1,Naukri,2025-07-23
3226,1,LinkedIn,2025-03-11
3226,2,Naukri,2025-07-05
3227,1,LinkedIn,2023-03-15
3228,1,LinkedIn,2023-02-19
3229,1,CareerSite,2023-06-14
3229,2,LinkedIn,2025-12-01
3230,1,Agency,2023-12-20
3231,1,LinkedIn,2024-07-15
3232,1,Naukri,2024-02-24
3233,1,Referral,2024-11-17
3234,1,LinkedIn,2023-12-09
3234,2,LinkedIn,2025-07-05
3235,1,Naukri,2025-02-16
3236,1,Naukri,2023-06-26
3236,2,Naukri,2023-10-02
3236,3,Naukri,2024-05-21
3237,1,LinkedIn,2023-06-17
3238,1,Naukri,2023-04-23
3239,1,LinkedIn,2025-03-31
3240,1,LinkedIn,2024-08-26
3240,2,LinkedIn,2025-09-16
3240,3,LinkedIn,2025-12-23
3241,1,Referral,2024-10-10
3242,1,Referral,2023-06-06
3242,2,LinkedIn,2024-10-02
3243,1,Naukri,2025-11-21
3244,1,Referral,2024-05-16
3245,1,LinkedIn,2024-02-05
3246,1,Naukri,2024-04-10
3246,2,CareerSite,2025-03-08
3247,1,LinkedIn,2024-09-01
3248,1,Naukri,2023-06-28
3249,1,CareerSite,2024-02-07
3250,1,CareerSite,2024-12-01
3251,1,Naukri,2025-09-28
3252,1,Agency,2023-06-16
3253,1,LinkedIn,2025-09-01
3254,1,Referral,2024-04-20
3255,1,Referral,2023-08-05
3255,2,CareerSite,2024-02-15
3256,1,LinkedIn,2023-11-25
3256,2,Naukri,2024-10-25
3257,1,LinkedIn,2025-05-01
3257,2,Naukri,2025-07-15
3258,1,LinkedIn,2024-09-05
3258,2,CareerSite,2025-11-12
3259,1,Naukri,2023-08-02
3259,2,Referral,2024-07-07
3260,1,Naukri,2023-05-04
3260,2,Referral,2023-05-19
3260,3,LinkedIn,2025-10-03
3261,1,LinkedIn,2023-12-07
3262,1,Referral,2023-09-01
3262,2,Naukri,2025-10-13
3263,1,LinkedIn,2024-01-30
3263,2,Referral,2025-01-27
3263,3,Referral,2025-12-31
3264,1,Naukri,2023-07-04
3265,1,Naukri,2023-03-25
3265,2,Referral,2024-02-01
3266,1,LinkedIn,2023-07-22
3266,2,LinkedIn,2025-01-31
3266,3,LinkedIn,2025-11-23
3267,1,Referral,2024-12-12
3268,1,Referral,2025-08-18
3268,2,LinkedIn,2025-10-25
3269,1,Naukri,2023-06-07
3270,1,LinkedIn,2024-09-24
3271,1,Referral,2023-09-09
3272,1,LinkedIn,2023-04-27
3273,1,Referral,2023-10-30
3274,1,LinkedIn,2023-01-07
3275,1,LinkedIn,2023-09-16
3276,1,LinkedIn,2023-03-31
3277,1,Naukri,2023-06-10
3278,1,LinkedIn,2023-01-16
3278,2,Referral,2025-01-16
3278,3,Agency,2025-08-22
3279,1,LinkedIn,2023-08-22
3280,1,Referral,2024-12-03
3281,1,LinkedIn,2023-12-03
3282,1,LinkedIn,2023-12-14
3283,1,Agency,2024-01-13
3283,2,LinkedIn,2024-10-04
3284,1,Naukri,2024-04-07
3284,2,LinkedIn,2025-09-08
3285,1,Referral,2024-06-24
3286,1,LinkedIn,2023-12-28
3287,1,Naukri,2025-04-23
3287,2,Referral,2025-11-28
3288,1,Referral,2024-07-21
3289,1,LinkedIn,2023-05-30
3289,2,LinkedIn,2024-05-03
3289,3,LinkedIn,2025-03-08
3290,1,Naukri,2023-06-23
3290,2,LinkedIn,2025-10-18
3291,1,Naukri,2024-06-11
3292,1,Referral,2023-05-31
3292,2,Naukri,2023-12-02
3292,3,Agency,2024-12-16
3293,1,CareerSite,2024-09-28
3294,1,CareerSite,2023-10-14
3294,2,Naukri,2023-10-15
3295,1,CareerSite,2023-12-08
3295,2,Naukri,2024-07-14
3296,1,LinkedIn,2023-01-08
3296,2,CareerSite,2023-02-26
3297,1,LinkedIn,2023-01-22
3297,2,LinkedIn,2024-03-04
3298,1,CareerSite,2025-11-10
3299,1,LinkedIn,2023-03-09
3300,1,LinkedIn,2023-06-27
3301,1,LinkedIn,2024-07-16
3302,1,Naukri,2023-06-22
3303,1,LinkedIn,2024-10-13
3303,2,Naukri,2025-09-01
3304,1,CareerSite,2025-12-14
3305,1,LinkedIn,2023-08-17
3305,2,Agency,2025-05-18
3306,1,LinkedIn,2024-03-05
3307,1,Agency,2023-07-22
3308,1,Naukri,2023-12-08
3309,1,Naukri,2025-08-31
3310,1,LinkedIn,2023-01-06
3311,1,LinkedIn,2023-11-11
3311,2,Referral,2025-01-23
3312,1,CareerSite,2024-12-24
3313,1,CareerSite,2024-10-25
3313,2,Referral,2025-04-21
3313,3,CareerSite,2025-11-21
3314,1,LinkedIn,2024-05-20
3314,2,Agency,2024-06-05
3314,3,Referral,2025-10-04
3315,1,Referral,2023-04-20
3316,1,Referral,2024-09-05
3317,1,Referral,2023-10-10
3317,2,LinkedIn,2024-11-29
3318,1,Referral,2025-09-01
3319,1,Naukri,2025-03-23
3319,2,Referral,2025-07-23
3320,1,Naukri,2025-07-01
3321,1,LinkedIn,2023-11-25
3322,1,CareerSite,2023-02-26
3322,2,Agency,2024-10-08
3323,1,Referral,2024-10-01
3324,1,LinkedIn,2024-09-12
3324,2,Naukri,2024-10-03
3325,1,Referral,2023-12-23
3326,1,LinkedIn,2023-02-07
3327,1,LinkedIn,2025-03-01
3328,1,Naukri,2024-12-23
3329,1,LinkedIn,2024-03-03
3330,1,Agency,2023-09-18
3331,1,LinkedIn,2023-05-18
3331,2,LinkedIn,2025-11-01
3332,1,LinkedIn,2024-02-29
3332,2,LinkedIn,2024-08-24
3332,3,LinkedIn,2025-03-21
3333,1,CareerSite,2024-01-15
3333,2,LinkedIn,2024-07-18
3334,1,LinkedIn,2023-07-13
3334,2,Naukri,2024-02-22
3334,3,CareerSite,2025-06-24
3335,1,Referral,2023-08-29
3336,1,Naukri,2024-12-23
3337,1,Naukri,2024-11-26
3338,1,Naukri,2023-08-19
3338,2,LinkedIn,2024-06-09
3338,3,Naukri,2024-12-30
3339,1,Referral,2024-07-06
3340,1,Naukri,2023-06-09
3340,2,CareerSite,2024-11-03
3341,1,Naukri,2023-11-28
3342,1,LinkedIn,2025-05-30
3343,1,Naukri,2024-10-27
3343,2,LinkedIn,2025-08-02
3344,1,Naukri,2023-09-20
3344,2,LinkedIn,2023-12-21
3345,1,CareerSite,2023-03-18
3346,1,Referral,2024-08-10
3346,2,Referral,2025-09-14
3347,1,Referral,2024-05-10
3348,1,Referral,2025-11-27
3349,1,Naukri,2023-02-06
3350,1,Referral,2025-08-02
3351,1,Referral,2023-01-13
3352,1,CareerSite,2024-06-14
3353,1,CareerSite,2023-03-27
3354,1,LinkedIn,2023-01-15
3355,1,Referral,2023-05-22
3355,2,Agency,2024-07-31
3355,3,Naukri,2025-06-07
3356,1,LinkedIn,2024-11-23
3356,2,Referral,2025-09-23
3357,1,CareerSite,2023-12-03
3357,2,LinkedIn,2024-12-04
3358,1,Referral,2025-04-05
3358,2,LinkedIn,2025-09-27
3359,1,Naukri,2024-02-03
3360,1,LinkedIn,2024-01-15
3361,1,CareerSite,2025-01-08
3362,1,Naukri,2024-11-23
3363,1,Naukri,2025-06-23
3364,1,Referral,2023-07-24
3364,2,Naukri,2023-12-15
3365,1,LinkedIn,2023-09-12
3365,2,Naukri,2025-07-18
3366,1,LinkedIn,2024-09-05
3367,1,LinkedIn,2024-07-30
3368,1,LinkedIn,2024-09-29
3369,1,CareerSite,2024-01-22
3369,2,LinkedIn,2024-10-14
3370,1,Agency,2025-10-17
3371,1,Naukri,2024-03-21
3371,2,Referral,2024-06-24
3372,1,Referral,2023-02-03
3372,2,Referral,2025-12-23
3373,1,Naukri,2023-11-11
3374,1,Referral,2023-03-17
3374,2,LinkedIn,2024-09-03
3374,3,Referral,2025-07-27
3375,1,LinkedIn,2025-05-24
3376,1,LinkedIn,2025-09-16
3377,1,Referral,2023-11-02
3377,2,Naukri,2023-11-25
3377,3,Referral,2025-12-02
3378,1,Naukri,2023-03-19
3379,1,LinkedIn,2023-10-13
3380,1,Naukri,2023-12-12
3381,1,LinkedIn,2023-01-15
3381,2,Naukri,2025-09-11
3381,3,Referral,2025-10-16
3382,1,LinkedIn,2023-01-29
3382,2,LinkedIn,2025-05-17
3382,3,CareerSite,2025-06-30
3383,1,Naukri,2025-08-14
3384,1,LinkedIn,2024-08-31
3385,1,Naukri,2023-05-01
3385,2,LinkedIn,2024-11-25
3386,1,LinkedIn,2023-07-10
3386,2,LinkedIn,2023-10-26
3386,3,Naukri,2024-07-26
3387,1,Referral,2023-03-29
3388,1,Naukri,2025-11-01
3389,1,CareerSite,2024-04-04
3390,1,Referral,2024-11-26
3390,2,LinkedIn,2025-10-06
3391,1,LinkedIn,2025-06-27
3392,1,Referral,2025-09-02
3393,1,CareerSite,2024-02-19
3393,2,Referral,2025-12-17
3394,1,LinkedIn,2023-06-27
3395,1,CareerSite,2024-07-22
3395,2,Naukri,2025-09-17
3396,1,LinkedIn,2023-12-31
3397,1,Naukri,2025-06-29
3398,1,Naukri,2025-02-10
3399,1,CareerSite,2025-08-06
3399,2,LinkedIn,2025-08-15
3400,1,LinkedIn,2024-12-18
3401,1,LinkedIn,2025-02-26
3402,1,Naukri,2023-07-18
3403,1,LinkedIn,2024-02-28
3404,1,Referral,2023-10-14
3404,2,LinkedIn,2025-06-18
3405,1,Referral,2025-12-14
3406,1,LinkedIn,2023-04-06
3407,1,Agency,2024-06-19
3408,1,Naukri,2025-04-18
3409,1,LinkedIn,2023-10-02
3409,2,Naukri,2024-04-27
3409,3,CareerSite,2024-09-18
3410,1,Naukri,2024-10-02
3411,1,CareerSite,2024-10-10
3411,2,LinkedIn,2025-01-28
3412,1,LinkedIn,2024-09-10
3413,1,Naukri,2023-12-31
3414,1,Naukri,2023-03-04
3414,2,Referral,2023-05-13
3415,1,CareerSite,2023-04-25
3415,2,LinkedIn,2025-08-30
3416,1,Naukri,2025-09-23
3417,1,Referral,2025-01-22
3418,1,Referral,2025-05-27
3419,1,Naukri,2023-08-28
3419,2,Referral,2024-02-12
3420,1,LinkedIn,2025-10-10
3421,1,Referral,2025-12-03
3422,1,Naukri,2023-05-16
3422,2,CareerSite,2023-09-03
3423,1,Referral,2023-09-20
3423,2,Agency,2024-03-29
3423,3,Naukri,2025-04-26
3424,1,Naukri,2023-02-14
3425,1,Agency,2025-08-21
3426,1,LinkedIn,2023-09-19
3426,2,CareerSite,2024-11-27
3426,3,Naukri,2025-02-01
3427,1,LinkedIn,2023-03-05
3428,1,CareerSite,2025-02-10
3429,1,LinkedIn,2023-10-22
3429,2,LinkedIn,2025-06-08
3430,1,LinkedIn,2023-01-10
3430,2,Referral,2024-10-14
3431,1,Naukri,2023-01-04
3431,2,CareerSite,2024-11-14
3431,3,LinkedIn,2025-05-23
3432,1,LinkedIn,2023-09-25
3432,2,LinkedIn,2024-10-23
3433,1,Naukri,2023-05-08
3433,2,Referral,2024-09-25
3433,3,LinkedIn,2025-05-02
3434,1,Naukri,2025-10-22
3435,1,CareerSite,2025-04-18
3436,1,LinkedIn,2024-04-21
3437,1,Naukri,2024-08-18
3438,1,Referral,2023-03-25
3438,2,LinkedIn,2024-02-03
3439,1,Naukri,2023-06-25
3439,2,CareerSite,2025-10-31
3440,1,LinkedIn,2023-04-08
3441,1,CareerSite,2024-03-30
3441,2,Naukri,2024-06-29
3441,3,LinkedIn,2025-08-27
3442,1,CareerSite,2023-09-11
3442,2,LinkedIn,2025-09-08
3442,3,Referral,2025-12-11
3443,1,LinkedIn,2023-11-12
3444,1,LinkedIn,2024-01-21
3444,2,CareerSite,2024-12-03
3445,1,Naukri,2025-07-29
3446,1,Naukri,2025-08-13
3446,2,CareerSite,2025-09-11
3447,1,Naukri,2025-01-20
3447,2,LinkedIn,2025-06-28
3448,1,Agency,2023-11-19
3448,2,CareerSite,2025-02-10
3448,3,LinkedIn,2025-08-10
3449,1,LinkedIn,2024-04-06
3449,2,LinkedIn,2024-07-01
3450,1,LinkedIn,2023-08-11
3451,1,LinkedIn,2025-10-14
3452,1,Naukri,2025-03-13
3453,1,LinkedIn,2023-03-22
3454,1,Naukri,2024-02-26
3454,2,LinkedIn,2025-08-20
3455,1,Naukri,2025-05-11
3455,2,LinkedIn,2025-06-18
3456,1,LinkedIn,2025-12-20
3457,1,Naukri,2023-06-07
3457,2,Naukri,2024-01-20
3458,1,LinkedIn,2023-09-04
3459,1,Naukri,2024-04-07
3459,2,Naukri,2025-06-08
3460,1,LinkedIn,2024-07-20
3460,2,CareerSite,2025-10-30
3461,1,Referral,2024-01-23
3462,1,LinkedIn,2024-04-02
3463,1,Naukri,2023-07-16
3463,2,Naukri,2024-06-06
3464,1,Referral,2025-12-27
3465,1,Referral,2025-12-02
3466,1,LinkedIn,2023-03-27
3466,2,CareerSite,2023-12-16
3467,1,CareerSite,2025-01-19
3467,2,Naukri,2025-04-15
3468,1,Referral,2025-12-21
3469,1,CareerSite,2023-05-23
3470,1,Agency,2024-07-21
3471,1,Naukri,2025-11-13
3472,1,Referral,2023-07-30
3472,2,CareerSite,2025-01-14
3472,3,LinkedIn,2025-03-26
3473,1,Naukri,2024-09-05
3474,1,Referral,2024-06-29
3475,1,LinkedIn,2024-06-03
3476,1,Referral,2024-08-11
3477,1,Naukri,2024-06-22
3477,2,Naukri,2025-02-26
3477,3,LinkedIn,2025-04-22
3478,1,Referral,2024-02-15
3478,2,LinkedIn,2025-08-11
3479,1,Naukri,2023-01-21
3479,2,CareerSite,2025-05-03
3480,1,LinkedIn,2024-03-21
3480,2,Naukri,2025-02-15
3481,1,CareerSite,2025-10-06
3482,1,Naukri,2023-05-12
3482,2,Naukri,2024-07-16
3483,1,Agency,2024-08-23
3484,1,LinkedIn,2025-10-01
3485,1,Referral,2023-07-05
3485,2,Referral,2025-05-30
3486,1,Referral,2024-05-09
3486,2,Referral,2025-01-15
3487,1,Naukri,2025-05-20
3488,1,CareerSite,2024-04-20
3489,1,Referral,2023-10-03
3489,2,Naukri,2025-05-09
3490,1,Naukri,2023-02-04
3490,2,Naukri,2023-02-12
3490,3,Referral,2024-02-07
3491,1,Naukri,2023-02-14
3492,1,Naukri,2023-01-13
3493,1,Naukri,2024-06-26
3493,2,Naukri,2025-06-18
3494,1,LinkedIn,2025-02-02
3495,1,CareerSite,2023-02-16
3495,2,Referral,2025-07-25
3495,3,CareerSite,2025-11-30
3496,1,LinkedIn,2025-09-29
3497,1,Naukri,2023-01-24
3498,1,LinkedIn,2024-11-06
3499,1,LinkedIn,2025-12-21
3500,1,CareerSite,2024-12-23
3501,1,LinkedIn,2023-07-09
3502,1,CareerSite,2025-11-02
3503,1,LinkedIn,2024-08-02
3503,2,CareerSite,2025-05-05
3504,1,Referral,2025-11-10
3505,1,Naukri,2024-10-17
3505,2,Naukri,2025-07-19
3506,1,LinkedIn,2025-07-21
3507,1,Referral,2024-03-04
3508,1,CareerSite,2024-07-22
3509,1,Naukri,2023-09-25
3509,2,Naukri,2025-06-05
3509,3,Referral,2025-11-13
3510,1,LinkedIn,2023-01-05
3511,1,LinkedIn,2024-08-13
3512,1,CareerSite,2023-12-04
3512,2,CareerSite,2025-08-31
3513,1,CareerSite,2023-06-08
3514,1,CareerSite,2025-09-15
3515,1,LinkedIn,2024-03-25
3515,2,LinkedIn,2024-07-21
3515,3,LinkedIn,2025-02-03
3516,1,LinkedIn,2024-05-14
3516,2,LinkedIn,2024-08-21
3516,3,Naukri,2024-11-11
3517,1,Naukri,2023-03-17
3517,2,LinkedIn,2025-07-14
3517,3,Referral,2025-07-15
3518,1,Naukri,2025-05-15
3519,1,LinkedIn,2024-09-29
3520,1,LinkedIn,2025-02-22
3521,1,CareerSite,2023-01-15
3522,1,LinkedIn,2023-11-12
3523,1,LinkedIn,2024-10-14
3524,1,Referral,2023-05-01
3525,1,LinkedIn,2023-07-04
3526,1,LinkedIn,2024-12-18
3527,1,Naukri,2024-03-09
3527,2,Referral,2025-02-24
3527,3,LinkedIn,2025-12-13
3528,1,Naukri,2023-05-26
3528,2,Naukri,2025-02-21
3528,3,LinkedIn,2025-08-25
3529,1,Agency,2023-09-20
3529,2,Agency,2024-08-15
3530,1,Naukri,2025-10-30
3531,1,Naukri,2023-03-26
3531,2,LinkedIn,2024-10-27
3532,1,Referral,2023-03-25
3532,2,LinkedIn,2024-06-10
3533,1,LinkedIn,2023-04-01
3533,2,Referral,2025-09-09
3534,1,Referral,2024-05-08
3535,1,Referral,2023-11-23
3536,1,Referral,2023-09-30
3537,1,Agency,2023-03-28
3537,2,CareerSite,2025-03-19
3538,1,LinkedIn,2025-10-28
3539,1,LinkedIn,2023-01-01
3539,2,Referral,2023-04-21
3539,3,LinkedIn,2025-12-13
3540,1,LinkedIn,2023-11-09
3541,1,CareerSite,2025-03-25
3542,1,LinkedIn,2024-09-02
3542,2,Referral,2025-09-24
3543,1,Referral,2023-08-25
3544,1,LinkedIn,2023-05-23
3545,1,LinkedIn,2023-09-29
3546,1,Agency,2024-06-01
3547,1,Referral,2023-01-06
3547,2,Referral,2024-04-06
3548,1,Naukri,2023-11-15
3548,2,LinkedIn,2024-03-01
3549,1,Naukri,2025-12-02
3550,1,CareerSite,2023-12-08
3551,1,Naukri,2023-09-10
3551,2,LinkedIn,2024-05-13
3551,3,LinkedIn,2025-08-05
3552,1,LinkedIn,2024-12-23
3552,2,LinkedIn,2025-05-06
3553,1,Naukri,2023-03-07
3553,2,Referral,2024-11-27
3553,3,LinkedIn,2025-11-19
3554,1,CareerSite,2024-09-15
3554,2,LinkedIn,2025-03-12
3555,1,Naukri,2024-12-30
3556,1,LinkedIn,2024-09-05
3557,1,LinkedIn,2024-04-02
3557,2,Referral,2024-11-27
3557,3,Naukri,2025-01-24
3558,1,CareerSite,2025-12-23
3559,1,Naukri,2024-05-18
3560,1,Naukri,2023-12-02
3561,1,Naukri,2025-03-05
3562,1,Referral,2023-09-16
3562,2,LinkedIn,2024-11-03
3563,1,LinkedIn,2023-05-09
3564,1,CareerSite,2023-09-02
3565,1,Referral,2024-06-10
3566,1,LinkedIn,2025-11-10
3567,1,LinkedIn,2025-11-24
3568,1,LinkedIn,2025-05-16
3569,1,LinkedIn,2023-10-23
3570,1,LinkedIn,2024-10-03
3571,1,LinkedIn,2023-05-26
3571,2,LinkedIn,2024-01-22
3571,3,LinkedIn,2025-08-11
3572,1,Referral,2023-12-13
3572,2,Naukri,2024-05-22
3572,3,CareerSite,2025-04-25
3573,1,LinkedIn,2023-06-05
3573,2,Naukri,2024-10-18
3573,3,Naukri,2025-04-03
3574,1,Naukri,2024-02-15
3575,1,Naukri,2024-02-15
3576,1,Naukri,2024-03-06
3577,1,Naukri,2023-04-05
3578,1,Naukri,2023-05-19
3578,2,LinkedIn,2023-10-14
3578,3,LinkedIn,2023-10-19
3579,1,Naukri,2025-02-02
3580,1,LinkedIn,2024-10-11
3580,2,Agency,2025-05-11
3580,3,LinkedIn,2025-07-26
3581,1,LinkedIn,2025-11-08
3582,1,LinkedIn,2025-10-24
3583,1,LinkedIn,2025-06-30
3584,1,LinkedIn,2023-07-17
3584,2,Referral,2025-10-14
3585,1,LinkedIn,2025-02-04
3586,1,LinkedIn,2023-03-27
3587,1,LinkedIn,2023-01-22
3587,2,Referral,2024-02-18
3588,1,LinkedIn,2023-03-07
3589,1,Naukri,2025-05-13
3590,1,Agency,2023-06-06
3591,1,LinkedIn,2023-01-05
3592,1,LinkedIn,2023-08-20
3593,1,LinkedIn,2025-08-13
3593,2,CareerSite,2025-10-09
3593,3,Agency,2025-12-10
3594,1,Naukri,2024-10-08
3595,1,Naukri,2024-02-14
3596,1,LinkedIn,2023-05-19
3597,1,Naukri,2025-12-31
3598,1,Referral,2024-11-13
3599,1,LinkedIn,2023-12-21
3599,2,LinkedIn,2025-09-01
3600,1,LinkedIn,2024-11-27
3601,1,LinkedIn,2023-11-25
3602,1,Agency,2024-04-13
3603,1,LinkedIn,2023-04-11
3603,2,Naukri,2025-11-23
3604,1,LinkedIn,2025-02-12
3605,1,CareerSite,2025-08-22
3605,2,LinkedIn,2025-10-22
3606,1,LinkedIn,2023-08-21
3607,1,CareerSite,2023-12-17
3608,1,CareerSite,2023-02-13
3608,2,Agency,2024-05-04
3608,3,Naukri,2025-10-03
3609,1,LinkedIn,2023-01-28
3609,2,Referral,2023-10-09
3610,1,Referral,2023-10-31
3611,1,CareerSite,2024-03-27
3611,2,Naukri,2025-01-14
3612,1,Naukri,2024-03-30
3612,2,LinkedIn,2024-09-17
3613,1,Referral,2025-06-25
3614,1,Referral,2024-01-01
3614,2,Referral,2024-12-04
3614,3,Naukri,2025-01-17
3615,1,LinkedIn,2023-12-08
3616,1,LinkedIn,2024-04-21
3616,2,Naukri,2025-08-17
3617,1,Referral,2025-03-04
3618,1,CareerSite,2023-05-23
3618,2,Naukri,2024-03-09
3619,1,LinkedIn,2023-01-17
3619,2,Naukri,2025-06-02
3620,1,CareerSite,2024-11-20
3621,1,Referral,2023-02-14
3622,1,Referral,2023-04-04
3623,1,Referral,2023-04-09
3623,2,LinkedIn,2023-04-11
3624,1,Referral,2024-11-05
3624,2,CareerSite,2025-06-29
3625,1,LinkedIn,2024-10-10
3626,1,LinkedIn,2023-04-25
3626,2,LinkedIn,2024-08-20
3626,3,LinkedIn,2025-06-28
3627,1,Agency,2023-11-30
3628,1,Naukri,2023-01-04
3629,1,LinkedIn,2025-08-20
3630,1,Referral,2023-09-22
3631,1,CareerSite,2024-11-13
3632,1,Referral,2025-04-24
3632,2,LinkedIn,2025-12-26
3633,1,Naukri,2024-09-27
3634,1,Naukri,2023-06-11
3634,2,Referral,2024-10-17
3635,1,CareerSite,2025-04-09
3636,1,Referral,2023-02-13
3637,1,Referral,2023-09-06
3637,2,CareerSite,2024-05-16
3638,1,Naukri,2024-04-24
3638,2,Naukri,2024-08-08
3638,3,Naukri,2025-04-12
3639,1,LinkedIn,2024-11-01
3639,2,Naukri,2024-12-18
3639,3,Referral,2025-05-28
3640,1,Referral,2025-12-21
3641,1,CareerSite,2023-08-08
3642,1,Referral,2023-11-30
3642,2,Referral,2024-06-03
3643,1,Naukri,2024-08-14
3644,1,Agency,2025-12-02
3645,1,LinkedIn,2025-10-19
3646,1,LinkedIn,2024-05-10
3647,1,Naukri,2023-08-07
3647,2,Naukri,2024-03-25
3648,1,Naukri,2024-09-19
3649,1,LinkedIn,2024-02-17
3650,1,LinkedIn,2025-01-02
3651,1,Referral,2024-08-12
3652,1,LinkedIn,2025-11-10
3653,1,LinkedIn,2024-01-30
3654,1,Naukri,2023-09-20
3655,1,LinkedIn,2025-06-07
3656,1,Agency,2023-04-06
3657,1,Naukri,2023-01-22
3658,1,Agency,2023-09-10
3658,2,LinkedIn,2024-05-20
3658,3,Referral,2024-09-30
3659,1,LinkedIn,2024-07-06
3660,1,Agency,2023-08-29
3660,2,Naukri,2024-12-30
3660,3,LinkedIn,2025-07-02
3661,1,Agency,2023-07-19
3662,1,Referral,2023-08-18
3663,1,LinkedIn,2023-09-11
3664,1,Naukri,2023-04-28
3664,2,LinkedIn,2023-05-15
3665,1,LinkedIn,2023-02-01
3666,1,LinkedIn,2024-03-05
3666,2,Referral,2025-07-26
3666,3,LinkedIn,2025-08-29
3667,1,Referral,2023-11-13
3668,1,LinkedIn,2023-10-31
3669,1,Referral,2024-01-24
3670,1,Referral,2023-10-13
3671,1,LinkedIn,2023-11-17
3672,1,LinkedIn,2023-12-01
3673,1,LinkedIn,2024-09-13
3674,1,Naukri,2023-08-23
3674,2,Naukri,2025-01-20
3675,1,Naukri,2023-04-15
3676,1,Naukri,2023-12-13
3676,2,Naukri,2024-05-18
3676,3,Naukri,2024-06-05
3677,1,CareerSite,2024-03-16
3678,1,LinkedIn,2025-07-12
3679,1,CareerSite,2023-11-06
3679,2,LinkedIn,2024-08-31
3680,1,Referral,2025-05-14
3681,1,Referral,2025-01-11
3681,2,Naukri,2025-12-27
3682,1,Agency,2025-01-03
3683,1,Referral,2024-03-12
3683,2,LinkedIn,2025-09-25
3684,1,LinkedIn,2024-02-20
3685,1,LinkedIn,2023-01-08
3685,2,LinkedIn,2023-11-20
3685,3,CareerSite,2025-04-21
3686,1,Naukri,2025-01-24
3686,2,Naukri,2025-04-15
3687,1,Referral,2025-09-10
3688,1,Referral,2025-02-19
3689,1,LinkedIn,2025-07-20
3690,1,Agency,2023-01-26
3691,1,Naukri,2025-05-16
3692,1,LinkedIn,2023-02-11
3692,2,LinkedIn,2023-11-19
3692,3,Referral,2025-11-03
3693,1,Naukri,2025-05-02
3694,1,Naukri,2023-02-15
3694,2,Naukri,2024-10-10
3695,1,CareerSite,2023-08-21
3695,2,LinkedIn,2024-01-27
3695,3,LinkedIn,2025-01-14
3696,1,LinkedIn,2023-04-18
3696,2,Referral,2025-05-24
3697,1,LinkedIn,2023-10-27
3697,2,Referral,2025-01-20
3698,1,LinkedIn,2023-03-14
3698,2,LinkedIn,2024-09-09
3699,1,LinkedIn,2025-04-17
3700,1,Referral,2023-03-22
3701,1,CareerSite,2024-05-10
3702,1,LinkedIn,2025-08-23
3703,1,CareerSite,2025-05-28
3704,1,Naukri,2023-02-10
3705,1,CareerSite,2025-12-15
3706,1,Naukri,2025-06-30
3707,1,Referral,2024-11-03
3708,1,Naukri,2025-08-31
3709,1,Referral,2025-06-19
3709,2,Naukri,2025-07-05
3710,1,LinkedIn,2024-08-27
3711,1,LinkedIn,2025-01-13
3712,1,CareerSite,2025-06-28
3713,1,LinkedIn,2025-01-19
3713,2,LinkedIn,2025-05-11
3714,1,Naukri,2025-07-20
3715,1,Referral,2024-06-28
3715,2,LinkedIn,2024-07-02
3715,3,Agency,2025-07-29
3716,1,Naukri,2023-03-21
3716,2,LinkedIn,2025-04-24
3717,1,LinkedIn,2023-11-04
3717,2,Referral,2024-03-13
3717,3,CareerSite,2025-02-01
3718,1,LinkedIn,2023-08-19
3718,2,Agency,2025-05-17
3719,1,LinkedIn,2023-11-22
3719,2,Agency,2025-02-10
3720,1,Referral,2024-08-29
3720,2,LinkedIn,2025-12-09
3721,1,LinkedIn,2024-11-22
3722,1,LinkedIn,2023-07-21
3722,2,LinkedIn,2023-08-22
3723,1,Naukri,2024-07-04
3723,2,LinkedIn,2025-08-14
3723,3,Naukri,2025-09-19
3724,1,LinkedIn,2025-10-28
3725,1,Naukri,2024-07-11
3726,1,CareerSite,2024-06-22
3726,2,CareerSite,2024-12-18
3727,1,LinkedIn,2024-07-09
3727,2,Referral,2024-10-01
3728,1,CareerSite,2024-02-08
3729,1,LinkedIn,2025-08-06
3730,1,Naukri,2025-08-26
3731,1,LinkedIn,2023-04-03
3731,2,LinkedIn,2024-07-19
3731,3,Naukri,2024-09-10
3732,1,Referral,2024-01-01
3733,1,Referral,2023-01-16
3733,2,Naukri,2024-08-12
3734,1,Referral,2025-10-05
3735,1,LinkedIn,2023-06-16
3735,2,LinkedIn,2024-11-02
3736,1,Referral,2023-03-02
3736,2,LinkedIn,2025-05-23
3737,1,Naukri,2024-01-11
3737,2,Referral,2024-01-18
3738,1,LinkedIn,2023-10-04
3738,2,CareerSite,2023-12-06
3739,1,Naukri,2025-04-10
3740,1,Naukri,2023-08-06
3740,2,Referral,2025-06-30
3741,1,Referral,2025-03-03
3742,1,LinkedIn,2025-12-23
3743,1,LinkedIn,2024-01-15
3744,1,Naukri,2024-11-28
3745,1,Referral,2023-07-02
3746,1,LinkedIn,2025-11-30
3747,1,Naukri,2024-11-25
3747,2,Naukri,2025-09-30
3748,1,Referral,2025-05-14
3749,1,LinkedIn,2023-06-30
3749,2,CareerSite,2023-12-06
3750,1,LinkedIn,2023-08-19
3751,1,Referral,2025-02-05
3752,1,LinkedIn,2024-02-27
3753,1,LinkedIn,2024-04-09
3754,1,Referral,2024-07-16
3755,1,LinkedIn,2023-07-15
3755,2,Naukri,2023-11-09
3755,3,Naukri,2024-08-25
3756,1,CareerSite,2023-07-29
3757,1,Naukri,2023-08-12
3758,1,Referral,2023-03-27
3759,1,LinkedIn,2023-12-03
3759,2,LinkedIn,2024-08-20
3760,1,Agency,2023-10-29
3761,1,LinkedIn,2023-05-11
3762,1,Naukri,2025-05-18
3763,1,Naukri,2024-12-29
3764,1,Referral,2024-02-15
3764,2,Agency,2024-09-29
3765,1,Referral,2023-07-19
3765,2,CareerSite,2024-06-24
3766,1,Referral,2025-05-04
3767,1,Naukri,2024-06-18
3768,1,Naukri,2023-03-22
3768,2,CareerSite,2023-11-11
3769,1,Naukri,2024-11-24
3769,2,Referral,2025-05-29
3770,1,Referral,2023-11-21
3770,2,Naukri,2025-08-21
3771,1,LinkedIn,2023-06-28
3771,2,Naukri,2024-06-30
3771,3,Referral,2024-10-26
3772,1,Referral,2025-08-10
3773,1,Referral,2023-03-10
3774,1,LinkedIn,2023-01-30
3775,1,CareerSite,2025-02-17
3776,1,LinkedIn,2024-05-18
3777,1,LinkedIn,2024-10-17
3778,1,Naukri,2024-03-27
3779,1,LinkedIn,2023-08-28
3779,2,Naukri,2025-09-01
3780,1,Agency,2023-09-16
3780,2,LinkedIn,2023-10-15
3780,3,Agency,2025-09-09
3781,1,LinkedIn,2024-07-06
3782,1,Naukri,2023-04-08
3783,1,LinkedIn,2025-08-11
3783,2,LinkedIn,2025-11-22
3784,1,Naukri,2023-07-14
3785,1,Naukri,2023-08-20
3786,1,LinkedIn,2023-10-25
3786,2,LinkedIn,2025-06-11
3787,1,LinkedIn,2023-02-02
3788,1,Referral,2023-07-15
3789,1,LinkedIn,2023-08-05
3789,2,LinkedIn,2024-09-08
3790,1,LinkedIn,2023-03-30
3790,2,LinkedIn,2024-08-16
3790,3,LinkedIn,2025-03-23
3791,1,LinkedIn,2023-05-21
3791,2,LinkedIn,2023-12-04
3791,3,Naukri,2025-07-21
3792,1,Agency,2023-03-27
3793,1,LinkedIn,2023-01-28
3794,1,Agency,2023-08-08
3795,1,Agency,2025-03-15
3796,1,LinkedIn,2024-03-13
3796,2,LinkedIn,2025-03-12
3797,1,Naukri,2025-05-14
3798,1,LinkedIn,2023-08-15
3798,2,LinkedIn,2024-03-27
3799,1,Referral,2025-09-19
3800,1,Agency,2024-07-26
3801,1,Naukri,2024-10-29
3802,1,LinkedIn,2023-05-30
3802,2,Naukri,2023-12-04
3803,1,Agency,2024-04-03
3803,2,Agency,2025-01-14
3803,3,LinkedIn,2025-11-05
3804,1,LinkedIn,2023-10-28
3805,1,LinkedIn,2023-05-21
3805,2,Naukri,2025-05-26
3806,1,Naukri,2024-08-17
3806,2,LinkedIn,2024-10-08
3807,1,Naukri,2024-10-31
3808,1,Naukri,2023-04-05
3808,2,LinkedIn,2024-11-24
3808,3,Naukri,2025-12-24
3809,1,LinkedIn,2024-12-08
3809,2,LinkedIn,2025-08-22
3810,1,Referral,2024-07-02
3811,1,Referral,2025-08-25
3812,1,Referral,2025-09-26
3813,1,LinkedIn,2024-10-07
3814,1,Naukri,2024-01-01
3814,2,Naukri,2024-06-10
3814,3,LinkedIn,2025-07-26
3815,1,CareerSite,2025-01-11
3816,1,LinkedIn,2025-01-12
3817,1,Referral,2025-09-09
3818,1,LinkedIn,2023-06-25
3819,1,LinkedIn,2025-06-25
3820,1,LinkedIn,2024-09-18
3820,2,Naukri,2025-01-27
3821,1,LinkedIn,2025-12-13
3822,1,CareerSite,2024-05-11
3822,2,Agency,2025-06-08
3823,1,Naukri,2025-01-09
3824,1,LinkedIn,2025-04-18
3824,2,Naukri,2025-12-22
3825,1,Referral,2024-03-27
3826,1,Agency,2023-12-05
3827,1,Naukri,2025-05-01
3827,2,LinkedIn,2025-11-15
3828,1,LinkedIn,2025-06-27
3829,1,Referral,2025-06-20
3830,1,Referral,2025-03-09
3831,1,Agency,2024-11-22
3832,1,Referral,2023-02-23
3832,2,LinkedIn,2023-06-25
3832,3,Agency,2025-05-14
3833,1,Referral,2023-09-18
3833,2,CareerSite,2024-08-10
3834,1,Naukri,2025-03-06
3834,2,LinkedIn,2025-11-09
3835,1,Naukri,2023-02-04
3835,2,Agency,2025-12-18
3836,1,LinkedIn,2023-12-31
3836,2,LinkedIn,2024-10-30
3836,3,Naukri,2025-03-02
3837,1,Referral,2024-10-19
3837,2,LinkedIn,2024-11-26
3838,1,CareerSite,2023-10-25
3839,1,Naukri,2025-03-21
3840,1,Referral,2023-04-28
3840,2,LinkedIn,2023-07-04
3840,3,Agency,2025-05-25
3841,1,LinkedIn,2023-11-11
3841,2,LinkedIn,2024-02-28
3842,1,CareerSite,2024-10-11
3842,2,LinkedIn,2025-08-19
3843,1,Naukri,2024-08-22
3844,1,LinkedIn,2023-07-27
3844,2,LinkedIn,2024-12-24
3845,1,Referral,2023-01-11
3845,2,Referral,2025-02-17
3846,1,Naukri,2025-09-01
3847,1,Naukri,2025-12-20
3848,1,Referral,2024-01-19
3848,2,Naukri,2024-06-13
3849,1,LinkedIn,2025-08-19
3850,1,Naukri,2025-09-12
3851,1,LinkedIn,2024-06-14
3851,2,Naukri,2024-07-08
3851,3,Naukri,2025-04-25
3852,1,LinkedIn,2024-09-18
3853,1,Naukri,2024-03-22
3853,2,Naukri,2024-08-14
3854,1,CareerSite,2023-05-14
3855,1,Referral,2025-11-18
3856,1,Referral,2023-06-14
3857,1,LinkedIn,2024-10-15
3858,1,LinkedIn,2023-12-30
3859,1,Naukri,2024-09-05
3859,2,Naukri,2025-01-25
3860,1,LinkedIn,2023-08-16
3860,2,Agency,2023-12-26
3860,3,Naukri,2024-10-10
3861,1,LinkedIn,2024-05-11
3862,1,Naukri,2025-04-03
3863,1,Agency,2025-09-17
3864,1,Agency,2023-11-14
3865,1,Agency,2025-10-06
3866,1,LinkedIn,2024-09-11
3867,1,Referral,2024-04-13
3868,1,Agency,2025-03-13
3869,1,Naukri,2025-02-27
3870,1,Naukri,2023-10-29
3871,1,LinkedIn,2023-12-27
3872,1,Agency,2023-08-28
3872,2,LinkedIn,2023-12-06
3873,1,LinkedIn,2025-11-06
3874,1,Naukri,2024-03-29
3875,1,Naukri,2025-04-07
3876,1,Naukri,2023-06-06
3876,2,CareerSite,2023-09-22
3877,1,Naukri,2023-05-14
3877,2,LinkedIn,2024-03-16
3877,3,Naukri,2025-06-28
3878,1,Naukri,2025-08-26
3878,2,LinkedIn,2025-10-03
3879,1,Naukri,2023-01-28
3880,1,Naukri,2023-01-22
3880,2,Agency,2025-11-09
3881,1,Naukri,2025-04-02
3881,2,LinkedIn,2025-12-04
3882,1,LinkedIn,2023-09-15
3882,2,Naukri,2025-07-21
3883,1,LinkedIn,2024-05-26
3884,1,LinkedIn,2024-02-18
3885,1,Naukri,2023-05-25
3886,1,LinkedIn,2023-07-18
3886,2,CareerSite,2025-07-11
3887,1,Naukri,2023-04-10
3887,2,Referral,2025-11-25
3888,1,LinkedIn,2024-07-06
3889,1,LinkedIn,2023-10-31
3890,1,Naukri,2025-03-24
3890,2,Naukri,2025-11-11
3891,1,LinkedIn,2023-01-17
3891,2,LinkedIn,2023-03-21
3891,3,LinkedIn,2025-06-20
3892,1,Referral,2023-08-21
3892,2,LinkedIn,2023-11-25
3892,3,LinkedIn,2025-07-25
3893,1,LinkedIn,2024-01-22
3893,2,LinkedIn,2024-07-08
3894,1,LinkedIn,2023-01-22
3894,2,Referral,2023-03-29
3894,3,Referral,2025-11-16
3895,1,LinkedIn,2023-02-23
3896,1,LinkedIn,2024-11-26
3897,1,Naukri,2025-06-09
3898,1,Agency,2023-06-26
3898,2,LinkedIn,2025-02-08
3899,1,Naukri,2023-02-08
3900,1,Naukri,2024-11-09
3901,1,Naukri,2023-11-19
3902,1,Referral,2023-01-08
3903,1,LinkedIn,2024-04-20
3904,1,Referral,2025-06-02
3905,1,LinkedIn,2023-12-01
3905,2,Naukri,2025-05-19
3905,3,Referral,2025-07-06
3906,1,CareerSite,2025-02-04
3907,1,LinkedIn,2023-02-28
3908,1,Naukri,2024-01-15
3909,1,CareerSite,2024-08-07
3910,1,LinkedIn,2023-02-23
3910,2,LinkedIn,2023-05-26
3910,3,LinkedIn,2023-06-18
3911,1,LinkedIn,2024-02-11
3912,1,Naukri,2023-01-21
3912,2,Referral,2023-02-07
3913,1,Referral,2023-01-17
3913,2,LinkedIn,2025-02-17
3914,1,CareerSite,2024-08-26
3915,1,CareerSite,2024-08-29
3915,2,LinkedIn,2025-05-19
3916,1,LinkedIn,2023-12-01
3916,2,Referral,2024-10-27
3916,3,LinkedIn,2025-05-30
3917,1,CareerSite,2023-08-16
3917,2,LinkedIn,2024-11-10
3918,1,Referral,2023-06-12
3918,2,CareerSite,2025-11-11
3919,1,Referral,2024-02-20
3919,2,LinkedIn,2025-02-15
3920,1,LinkedIn,2023-12-31
3921,1,Naukri,2023-12-28
3921,2,CareerSite,2025-06-06
3922,1,LinkedIn,2023-01-01
3922,2,Naukri,2024-04-26
3923,1,Naukri,2025-04-01
3924,1,Referral,2024-06-22
3925,1,LinkedIn,2024-05-22
3925,2,CareerSite,2024-07-04
3926,1,Referral,2025-01-04
3927,1,Naukri,2023-05-16
3927,2,CareerSite,2025-07-29
3928,1,LinkedIn,2023-09-11
3928,2,Agency,2023-10-10
3929,1,Agency,2024-06-23
3930,1,Referral,2025-03-09
3931,1,CareerSite,2024-02-27
3932,1,LinkedIn,2024-06-07
3933,1,Referral,2025-04-02
3934,1,Naukri,2025-03-19
3935,1,LinkedIn,2024-06-18
3936,1,Referral,2025-01-07
3937,1,Referral,2023-06-25
3937,2,Naukri,2024-09-09
3937,3,Naukri,2025-03-11
3938,1,Naukri,2023-11-20
3938,2,LinkedIn,2025-10-24
3939,1,LinkedIn,2023-06-08
3940,1,LinkedIn,2025-11-03
3941,1,Referral,2023-08-05
3942,1,CareerSite,2023-05-19
3942,2,Referral,2024-01-24
3943,1,Naukri,2023-01-25
3943,2,LinkedIn,2023-09-20
3943,3,LinkedIn,2024-05-05
3944,1,LinkedIn,2024-10-28
3945,1,Referral,2023-02-17
3946,1,Referral,2023-07-20
3946,2,Agency,2025-11-10
3947,1,CareerSite,2023-05-12
3947,2,Referral,2023-12-11
3947,3,LinkedIn,2024-08-18
3948,1,LinkedIn,2024-01-18
3948,2,Naukri,2024-02-04
3949,1,Referral,2025-10-23
3950,1,Naukri,2024-10-07
3951,1,CareerSite,2024-05-04
3951,2,Referral,2025-03-03
3952,1,Agency,2024-11-07
3952,2,LinkedIn,2025-10-12
3953,1,Referral,2023-10-07
3953,2,CareerSite,2024-06-19
3954,1,Referral,2023-02-09
3955,1,Naukri,2023-11-20
3956,1,Referral,2024-10-01
3956,2,CareerSite,2025-08-30
3957,1,LinkedIn,2023-08-31
3958,1,LinkedIn,2025-01-11
3959,1,LinkedIn,2023-10-29
3960,1,LinkedIn,2025-07-07
3961,1,LinkedIn,2023-08-25
3962,1,Referral,2024-10-13
3963,1,LinkedIn,2025-09-13
3964,1,Naukri,2023-10-27
3964,2,LinkedIn,2024-05-10
3965,1,Referral,2024-10-04
3966,1,CareerSite,2024-09-05
3966,2,Agency,2024-12-26
3967,1,Agency,2023-01-26
3967,2,CareerSite,2025-04-04
3967,3,Referral,2025-06-09
3968,1,LinkedIn,2024-12-03
3969,1,LinkedIn,2023-04-21
3970,1,Naukri,2023-10-24
3971,1,Agency,2025-04-25
3972,1,Naukri,2023-01-21
3972,2,CareerSite,2024-08-22
3973,1,LinkedIn,2023-08-07
3973,2,Naukri,2023-10-09
3974,1,LinkedIn,2024-02-24
3975,1,LinkedIn,2024-05-13
3976,1,CareerSite,2024-08-29
3976,2,LinkedIn,2025-01-25
3976,3,LinkedIn,2025-10-15
3977,1,Referral,2023-09-20
3977,2,LinkedIn,2023-12-02
3977,3,LinkedIn,2025-03-25
3978,1,Referral,2025-10-05
3979,1,Naukri,2025-07-31
3980,1,Agency,2025-07-13
3981,1,Referral,2023-08-27
3981,2,CareerSite,2024-08-18
3982,1,CareerSite,2023-01-05
3982,2,LinkedIn,2024-03-13
3983,1,Naukri,2025-08-02
3984,1,Naukri,2025-06-26
3985,1,Referral,2023-05-03
3986,1,Referral,2023-04-15
3987,1,LinkedIn,2024-02-18
3987,2,CareerSite,2024-03-16
3987,3,Naukri,2025-02-12
3988,1,LinkedIn,2024-09-11
3989,1,LinkedIn,2025-06-08
3990,1,LinkedIn,2023-06-09
3991,1,LinkedIn,2024-08-05
3992,1,Referral,2023-07-08
3993,1,Referral,2023-07-07
3993,2,Naukri,2023-08-15
3994,1,Naukri,2023-08-02
3994,2,Referral,2025-12-07
3995,1,Naukri,2023-03-19
3995,2,Naukri,2025-06-10
3996,1,LinkedIn,2024-04-15
3997,1,Referral,2024-04-15
3997,2,CareerSite,2024-08-04
3998,1,LinkedIn,2024-05-04
3999,1,Naukri,2025-02-24
4000,1,LinkedIn,2023-09-29
4000,2,Naukri,2024-10-13
4001,1,CareerSite,2023-03-11
4002,1,Naukri,2023-05-13
4002,2,LinkedIn,2023-10-06
4002,3,Referral,2025-04-05
4003,1,LinkedIn,2025-11-10
4004,1,CareerSite,2023-03-03
4004,2,LinkedIn,2023-07-26
4005,1,Naukri,2025-08-26
4006,1,LinkedIn,2023-11-18
4006,2,Naukri,2025-08-28
4007,1,Referral,2024-02-14
4007,2,Referral,2024-05-04
4007,3,Naukri,2024-10-27
4008,1,LinkedIn,2024-01-30
4008,2,Naukri,2024-11-13
4009,1,LinkedIn,2025-03-26
4010,1,LinkedIn,2023-12-29
4011,1,Referral,2024-12-28
4011,2,LinkedIn,2025-03-08
4012,1,Naukri,2024-06-16
4012,2,CareerSite,2024-08-30
4013,1,Naukri,2023-02-24
4013,2,LinkedIn,2024-09-03
4013,3,LinkedIn,2025-05-09
4014,1,LinkedIn,2025-02-22
4014,2,LinkedIn,2025-06-24
4015,1,Naukri,2024-07-22
4015,2,Naukri,2024-11-15
4015,3,Referral,2025-01-26
4016,1,LinkedIn,2023-08-28
4016,2,Agency,2023-09-08
4016,3,LinkedIn,2024-06-11
4017,1,Referral,2025-07-07
4017,2,LinkedIn,2025-12-23
4018,1,Naukri,2023-04-10
4019,1,LinkedIn,2025-03-26
4019,2,LinkedIn,2025-05-18
4020,1,LinkedIn,2023-03-21
4021,1,LinkedIn,2023-03-29
4022,1,LinkedIn,2023-08-20
4023,1,LinkedIn,2023-10-17
4023,2,Naukri,2024-03-26
4023,3,Naukri,2024-08-16
4024,1,Naukri,2024-10-22
4024,2,Naukri,2025-05-31
4025,1,LinkedIn,2024-06-07
4026,1,LinkedIn,2024-09-17
4026,2,Referral,2025-11-02
4027,1,LinkedIn,2024-06-13
4027,2,LinkedIn,2025-01-02
4028,1,Naukri,2023-10-19
4028,2,LinkedIn,2025-09-23
4029,1,Referral,2023-09-02
4029,2,CareerSite,2025-06-29
4030,1,LinkedIn,2023-09-15
4030,2,CareerSite,2024-08-13
4030,3,LinkedIn,2025-12-04
4031,1,LinkedIn,2024-05-21
4032,1,LinkedIn,2025-05-02
4033,1,Naukri,2023-02-04
4033,2,Naukri,2025-09-22
4034,1,Agency,2023-09-04
4034,2,Referral,2024-06-12
4034,3,LinkedIn,2025-08-01
4035,1,Referral,2023-03-16
4035,2,LinkedIn,2024-05-26
4036,1,Referral,2025-07-15
4037,1,Naukri,2024-10-10
4038,1,LinkedIn,2024-05-03
4038,2,LinkedIn,2025-08-20
4039,1,LinkedIn,2024-01-15
4039,2,LinkedIn,2025-11-27
4040,1,LinkedIn,2024-09-05
4041,1,LinkedIn,2023-04-22
4042,1,Agency,2023-08-05
4042,2,Referral,2025-01-13
4043,1,LinkedIn,2023-04-16
4043,2,LinkedIn,2025-04-19
4044,1,LinkedIn,2024-08-08
4044,2,Naukri,2025-05-12
4045,1,Agency,2023-01-21
4046,1,Naukri,2023-04-27
4046,2,LinkedIn,2025-09-12
4046,3,Naukri,2025-11-06
4047,1,Naukri,2023-10-23
4048,1,LinkedIn,2023-07-06
4048,2,Naukri,2024-09-21
4049,1,LinkedIn,2024-04-01
4050,1,LinkedIn,2025-06-26
4050,2,LinkedIn,2025-09-13
4051,1,Referral,2023-01-09
4051,2,Naukri,2023-02-27
4052,1,LinkedIn,2025-11-02
4053,1,Referral,2023-02-07
4053,2,Referral,2023-04-20
4054,1,LinkedIn,2023-06-11
4055,1,Referral,2025-11-02
4056,1,Naukri,2025-08-22
4057,1,LinkedIn,2024-10-26
4058,1,CareerSite,2024-03-23
4058,2,Naukri,2025-08-16
4059,1,Referral,2023-07-20
4059,2,Referral,2023-08-01
4059,3,LinkedIn,2024-12-10
4060,1,LinkedIn,2023-12-24
4060,2,Naukri,2024-05-09
4060,3,Naukri,2025-07-25
4061,1,Referral,2023-09-09
4062,1,CareerSite,2025-04-26
4063,1,LinkedIn,2025-10-11
4064,1,LinkedIn,2024-01-20
4065,1,Naukri,2025-12-27
4066,1,Naukri,2023-08-15
4066,2,CareerSite,2025-08-13
4067,1,Referral,2023-05-19
4068,1,Referral,2024-12-04
4068,2,LinkedIn,2025-11-18
4069,1,LinkedIn,2025-10-07
4070,1,LinkedIn,2023-09-18
4071,1,CareerSite,2023-11-28
4072,1,Naukri,2023-05-26
4073,1,Naukri,2025-04-05
4073,2,LinkedIn,2025-09-10
4074,1,Agency,2023-06-26
4074,2,Naukri,2025-01-17
4074,3,CareerSite,2025-02-19
4075,1,LinkedIn,2024-07-28
4076,1,Agency,2025-08-22
4077,1,Naukri,2023-12-26
4078,1,Naukri,2025-08-23
4079,1,Referral,2023-09-28
4080,1,Agency,2025-01-28
4080,2,Naukri,2025-04-09
4081,1,LinkedIn,2023-10-31
4082,1,LinkedIn,2024-07-11
4083,1,LinkedIn,2024-02-01
4084,1,CareerSite,2023-05-28
4085,1,Referral,2023-06-25
4086,1,Referral,2023-12-13
4087,1,LinkedIn,2025-09-25
4087,2,Agency,2025-10-05
4088,1,Naukri,2023-08-01
4088,2,Agency,2024-11-17
4088,3,LinkedIn,2025-08-07
4089,1,Naukri,2023-09-03
4090,1,Referral,2024-09-17
4090,2,Referral,2025-10-29
4091,1,Naukri,2023-08-20
4091,2,Referral,2023-10-04
4092,1,Naukri,2023-02-16
4093,1,Naukri,2023-05-24
4093,2,LinkedIn,2023-08-03
4094,1,Agency,2023-03-04
4094,2,LinkedIn,2023-03-07
4094,3,LinkedIn,2024-08-30
4095,1,Naukri,2024-10-22
4096,1,Naukri,2023-05-19
4096,2,LinkedIn,2025-07-19
4097,1,CareerSite,2023-07-22
4097,2,Referral,2025-09-05
4097,3,Referral,2025-11-30
4098,1,LinkedIn,2023-04-26
4098,2,Naukri,2024-02-02
4099,1,CareerSite,2024-12-24
4100,1,Referral,2025-11-02
4101,1,Naukri,2023-11-22
4102,1,LinkedIn,2025-08-20
4102,2,CareerSite,2025-08-23
4103,1,Referral,2024-10-06
4104,1,Referral,2025-01-25
4104,2,Naukri,2025-04-01
4105,1,LinkedIn,2024-06-20
4106,1,LinkedIn,2025-02-22
4107,1,Naukri,2023-05-31
4107,2,Naukri,2023-11-05
4108,1,LinkedIn,2024-08-09
4109,1,Referral,2025-11-21
4110,1,LinkedIn,2024-11-30
4111,1,CareerSite,2024-06-11
4111,2,LinkedIn,2025-04-27
4112,1,LinkedIn,2023-01-13
4113,1,CareerSite,2025-05-22
4114,1,LinkedIn,2024-09-14
4114,2,LinkedIn,2024-10-17
4115,1,Referral,2023-08-17
4116,1,LinkedIn,2024-03-27
4116,2,LinkedIn,2025-09-25
4117,1,Naukri,2025-05-07
4117,2,Naukri,2025-10-24
4118,1,LinkedIn,2023-02-12
4118,2,Agency,2025-04-28
4119,1,CareerSite,2025-07-21
4119,2,LinkedIn,2025-10-18
4120,1,Referral,2023-01-08
4120,2,Referral,2024-07-15
4121,1,LinkedIn,2024-01-07
4122,1,LinkedIn,2025-07-03
4123,1,LinkedIn,2023-06-07
4124,1,Referral,2024-04-01
4124,2,Naukri,2024-07-16
4125,1,LinkedIn,2023-08-17
4125,2,Naukri,2023-11-27
4125,3,Referral,2025-07-13
4126,1,LinkedIn,2025-01-28
4126,2,Referral,2025-07-25
4127,1,LinkedIn,2025-05-26
4128,1,LinkedIn,2025-05-08
4129,1,Naukri,2023-11-03
4129,2,LinkedIn,2023-12-11
4129,3,Agency,2025-09-29
4130,1,LinkedIn,2025-01-13
4131,1,CareerSite,2025-10-06
4132,1,LinkedIn,2025-01-10
4133,1,CareerSite,2024-07-14
4134,1,Referral,2023-05-07
4135,1,CareerSite,2023-04-11
4136,1,LinkedIn,2025-12-13
4137,1,Naukri,2023-01-11
4137,2,LinkedIn,2025-06-12
4138,1,CareerSite,2023-08-17
4139,1,LinkedIn,2025-12-30
4140,1,LinkedIn,2025-03-13
4141,1,LinkedIn,2025-09-27
4142,1,Referral,2024-06-06
4143,1,Naukri,2023-03-09
4143,2,Naukri,2024-03-01
4144,1,LinkedIn,2025-10-07
4145,1,LinkedIn,2025-04-26
4146,1,Referral,2025-12-31
4147,1,Naukri,2024-08-13
4148,1,CareerSite,2024-08-17
4149,1,Referral,2025-03-02
4150,1,Naukri,2025-12-14
4151,1,Naukri,2025-02-25
4151,2,LinkedIn,2025-04-22
4151,3,Naukri,2025-10-28
4152,1,CareerSite,2023-04-29
4152,2,CareerSite,2024-02-01
4153,1,Naukri,2024-08-06
4154,1,LinkedIn,2025-01-21
4155,1,Referral,2025-11-09
4156,1,Naukri,2024-06-11
4157,1,Naukri,2025-11-22
4158,1,Naukri,2023-01-22
4158,2,Naukri,2024-02-10
4159,1,Referral,2024-02-25
4160,1,LinkedIn,2025-12-06
4161,1,CareerSite,2025-05-29
4162,1,Naukri,2023-10-11
4163,1,LinkedIn,2024-10-17
4164,1,Referral,2023-09-09
4165,1,LinkedIn,2024-07-30
4166,1,LinkedIn,2024-01-19
4167,1,Naukri,2024-09-13
4167,2,Referral,2025-08-22
4168,1,CareerSite,2023-03-24
4168,2,CareerSite,2023-06-08
4169,1,Naukri,2023-04-19
4170,1,LinkedIn,2024-07-15
4171,1,LinkedIn,2023-01-11
4172,1,LinkedIn,2025-03-24
4173,1,Referral,2025-08-04
4174,1,Referral,2025-07-16
4175,1,LinkedIn,2025-10-05
4176,1,LinkedIn,2023-05-22
4176,2,LinkedIn,2023-11-15
4176,3,LinkedIn,2025-06-21
4177,1,LinkedIn,2025-10-04
4178,1,Referral,2025-08-10
4179,1,Naukri,2023-11-05
4180,1,LinkedIn,2023-02-17
4180,2,Naukri,2024-09-24
4180,3,CareerSite,2025-12-13
4181,1,LinkedIn,2023-02-28
4182,1,LinkedIn,2023-04-12
4183,1,Naukri,2023-04-08
4183,2,LinkedIn,2023-08-23
4183,3,Naukri,2025-03-11
4184,1,LinkedIn,2024-04-02
4185,1,LinkedIn,2024-09-19
4186,1,Naukri,2023-08-07
4187,1,CareerSite,2023-08-25
4188,1,LinkedIn,2024-06-19
4189,1,Referral,2023-09-06
4190,1,LinkedIn,2023-12-30
4191,1,LinkedIn,2024-05-10
4192,1,Referral,2023-02-25
4193,1,Naukri,2024-01-01
4194,1,Referral,2024-02-20
4194,2,LinkedIn,2024-10-08
4195,1,LinkedIn,2023-02-05
4196,1,Referral,2023-07-21
4196,2,CareerSite,2025-05-10
4197,1,LinkedIn,2025-08-19
4198,1,LinkedIn,2024-02-21
4199,1,CareerSite,2024-01-27
4200,1,CareerSite,2025-12-13
4201,1,LinkedIn,2023-01-13
4202,1,LinkedIn,2024-01-08
4203,1,Naukri,2025-12-19
4204,1,LinkedIn,2025-04-23
4204,2,Naukri,2025-08-31
4205,1,LinkedIn,2023-09-07
4206,1,LinkedIn,2025-01-09
4207,1,LinkedIn,2025-04-13
4208,1,LinkedIn,2024-05-02
4208,2,CareerSite,2025-05-16
4209,1,Referral,2024-02-28
4209,2,Referral,2025-01-20
4209,3,Naukri,2025-06-21
4210,1,CareerSite,2024-12-02
4210,2,LinkedIn,2024-12-12
4211,1,LinkedIn,2023-03-24
4211,2,Naukri,2023-11-19
4212,1,LinkedIn,2025-01-12
4213,1,Naukri,2023-01-11
4213,2,Agency,2024-05-29
4214,1,LinkedIn,2023-11-29
4215,1,LinkedIn,2025-04-21
4215,2,LinkedIn,2025-09-12
4216,1,Naukri,2024-07-12
4217,1,Agency,2023-05-14
4217,2,CareerSite,2023-08-19
4218,1,Naukri,2024-03-18
4219,1,Naukri,2023-03-20
4219,2,LinkedIn,2023-11-02
4220,1,Referral,2023-10-04
4221,1,LinkedIn,2025-06-16
4221,2,Naukri,2025-06-21
4222,1,CareerSite,2025-01-14
4223,1,Naukri,2024-01-17
4224,1,LinkedIn,2025-01-29
4225,1,CareerSite,2024-03-15
4225,2,LinkedIn,2025-04-03
4226,1,Referral,2025-11-08
4227,1,CareerSite,2025-03-19
4228,1,Referral,2023-11-09
4228,2,CareerSite,2025-03-28
4229,1,LinkedIn,2025-10-04
4230,1,Naukri,2024-07-05
4231,1,CareerSite,2023-06-05
4232,1,LinkedIn,2025-10-27
4233,1,CareerSite,2025-09-16
4234,1,LinkedIn,2024-09-14
4235,1,LinkedIn,2025-07-19
4236,1,Referral,2023-06-24
4236,2,LinkedIn,2024-05-30
4237,1,LinkedIn,2023-09-13
4238,1,Referral,2024-11-15
4239,1,Referral,2024-01-05
4239,2,LinkedIn,2024-02-25
4240,1,LinkedIn,2023-01-20
4240,2,LinkedIn,2025-05-31
4241,1,Referral,2025-03-14
4242,1,LinkedIn,2023-11-28
4242,2,Referral,2024-04-09
4243,1,Naukri,2023-08-24
4244,1,LinkedIn,2024-08-17
4245,1,Naukri,2024-11-07
4245,2,Naukri,2025-06-02
4246,1,Referral,2024-06-03
4246,2,Naukri,2025-04-18
4247,1,LinkedIn,2025-04-14
4248,1,LinkedIn,2025-07-19
4248,2,Agency,2025-10-24
4249,1,LinkedIn,2025-04-29
4250,1,LinkedIn,2024-02-02
4250,2,Naukri,2025-05-08
4251,1,CareerSite,2023-09-23
4251,2,Naukri,2024-10-17
4251,3,LinkedIn,2025-02-21
4252,1,LinkedIn,2025-06-09
4253,1,LinkedIn,2023-09-26
4253,2,Referral,2024-09-07
4253,3,LinkedIn,2025-07-22
4254,1,LinkedIn,2025-07-05
4255,1,Naukri,2025-11-13
4256,1,CareerSite,2023-08-21
4257,1,Naukri,2024-11-11
4257,2,CareerSite,2025-02-07
4258,1,LinkedIn,2023-10-22
4258,2,LinkedIn,2024-01-03
4258,3,LinkedIn,2024-04-07
4259,1,Referral,2023-09-20
4260,1,Referral,2023-11-17
4260,2,Referral,2024-04-02
4261,1,Referral,2024-11-15
4262,1,LinkedIn,2024-09-03
4262,2,Referral,2025-01-30
4263,1,LinkedIn,2024-05-12
4264,1,Naukri,2024-08-27
4265,1,LinkedIn,2025-01-03
4266,1,CareerSite,2024-04-07
4267,1,LinkedIn,2023-11-03
4268,1,LinkedIn,2024-08-07
4269,1,LinkedIn,2025-08-07
4270,1,Referral,2024-10-09
4271,1,CareerSite,2023-10-16
4272,1,Naukri,2023-09-21
4273,1,LinkedIn,2023-04-20
4274,1,CareerSite,2023-06-24
4274,2,LinkedIn,2023-08-24
4275,1,LinkedIn,2024-12-28
4275,2,Naukri,2025-08-05
4276,1,Agency,2023-06-23
4277,1,Naukri,2023-08-13
4278,1,CareerSite,2025-12-21
4279,1,CareerSite,2024-07-30
4280,1,Referral,2023-06-07
4281,1,Referral,2025-03-01
4282,1,LinkedIn,2023-10-19
4283,1,Naukri,2024-06-18
4283,2,Referral,2024-11-14
4284,1,CareerSite,2025-10-03
4285,1,LinkedIn,2025-10-26
4286,1,Referral,2023-03-16
4286,2,LinkedIn,2023-06-22
4286,3,Referral,2023-10-18
4287,1,LinkedIn,2023-02-17
4287,2,Referral,2024-07-01
4288,1,Naukri,2023-07-04
4288,2,Referral,2024-09-19
4289,1,LinkedIn,2023-06-02
4289,2,CareerSite,2025-01-16
4290,1,Naukri,2025-03-07
4291,1,LinkedIn,2023-09-25
4292,1,Referral,2025-12-14
4293,1,LinkedIn,2025-10-19
4294,1,CareerSite,2025-11-10
4295,1,CareerSite,2025-08-20
4296,1,Agency,2023-05-22
4296,2,Naukri,2024-07-30
4296,3,LinkedIn,2025-06-02
4297,1,Naukri,2024-07-04
4298,1,LinkedIn,2023-01-21
4299,1,Agency,2024-02-05
4299,2,Naukri,2024-02-13
4299,3,LinkedIn,2024-06-14
4300,1,Naukri,2025-12-12
4301,1,CareerSite,2025-12-31
4302,1,Referral,2023-04-25
4302,2,Naukri,2023-05-13
4303,1,Referral,2023-01-05
4303,2,CareerSite,2024-04-19
4303,3,Naukri,2025-09-16
4304,1,LinkedIn,2024-02-13
4304,2,Naukri,2024-12-09
4305,1,Referral,2025-05-23
4306,1,Referral,2024-12-30
4307,1,LinkedIn,2024-09-19
4308,1,LinkedIn,2024-12-22
4308,2,LinkedIn,2025-11-17
4309,1,LinkedIn,2023-03-09
4309,2,Naukri,2023-04-27
4310,1,Naukri,2023-06-22
4311,1,Naukri,2023-02-07
4311,2,LinkedIn,2023-02-16
4311,3,Agency,2025-02-24
4312,1,Referral,2024-10-31
4313,1,Naukri,2023-02-16
4313,2,CareerSite,2023-08-22
4314,1,LinkedIn,2025-03-27
4315,1,LinkedIn,2023-05-12
4315,2,LinkedIn,2023-12-28
4316,1,Referral,2023-08-23
4316,2,CareerSite,2025-11-23
4317,1,Naukri,2024-08-12
4317,2,CareerSite,2025-03-04
4318,1,Naukri,2025-08-30
4319,1,CareerSite,2024-11-18
4320,1,Naukri,2024-02-15
4321,1,LinkedIn,2024-06-27
4321,2,LinkedIn,2025-05-05
4322,1,CareerSite,2025-12-30
4323,1,Agency,2024-12-13
4324,1,Agency,2023-01-04
4324,2,CareerSite,2024-05-24
4325,1,Referral,2025-05-09
4326,1,Referral,2023-10-24
4327,1,LinkedIn,2023-09-20
4328,1,Naukri,2024-06-09
4329,1,LinkedIn,2023-05-14
4329,2,LinkedIn,2025-02-08
4330,1,LinkedIn,2023-03-22
4331,1,Naukri,2023-03-12
4332,1,LinkedIn,2025-01-01
4333,1,Naukri,2024-10-14
4334,1,LinkedIn,2025-03-26
4335,1,LinkedIn,2023-10-23
4336,1,Naukri,2024-06-28
4336,2,LinkedIn,2025-08-15
4337,1,CareerSite,2023-03-10
4337,2,LinkedIn,2024-05-28
4338,1,Naukri,2023-01-01
4338,2,Referral,2024-11-01
4339,1,CareerSite,2025-02-28
4339,2,CareerSite,2025-08-28
4340,1,Referral,2025-01-19
4341,1,Naukri,2023-08-08
4341,2,LinkedIn,2023-08-14
4342,1,Naukri,2023-09-18
4343,1,Referral,2023-12-02
4344,1,Naukri,2024-07-22
4345,1,Naukri,2023-12-02
4346,1,LinkedIn,2024-02-04
4347,1,Referral,2023-11-13
4347,2,Naukri,2024-06-06
4348,1,LinkedIn,2023-08-04
4348,2,Referral,2025-03-18
4349,1,Referral,2025-03-24
4349,2,Naukri,2025-04-28
4349,3,Referral,2025-05-15
4350,1,Agency,2024-07-24
4351,1,Referral,2025-11-07
4352,1,LinkedIn,2023-03-15
4353,1,CareerSite,2023-04-25
4354,1,Naukri,2023-01-01
4355,1,LinkedIn,2025-02-25
4355,2,Naukri,2025-02-26
4356,1,Referral,2025-11-01
4357,1,Naukri,2024-04-13
4358,1,Naukri,2025-02-17
4359,1,LinkedIn,2024-05-10
4360,1,LinkedIn,2023-01-18
4361,1,Naukri,2023-11-04
4362,1,LinkedIn,2025-10-09
4363,1,LinkedIn,2025-08-03
4363,2,Naukri,2025-08-06
4364,1,Naukri,2025-10-03
4365,1,LinkedIn,2023-02-28
4365,2,LinkedIn,2024-03-21
4365,3,LinkedIn,2024-10-22
4366,1,LinkedIn,2023-11-07
4366,2,LinkedIn,2023-12-15
4367,1,LinkedIn,2023-04-01
4368,1,Referral,2025-02-07
4369,1,LinkedIn,2024-02-29
4370,1,CareerSite,2023-12-08
4370,2,LinkedIn,2024-08-21
4371,1,LinkedIn,2025-11-19
4372,1,LinkedIn,2024-05-05
4372,2,Naukri,2025-05-01
4373,1,Referral,2024-02-05
4374,1,Referral,2024-05-28
4374,2,Naukri,2024-09-20
4375,1,Referral,2025-02-21
4375,2,LinkedIn,2025-07-18
4375,3,Naukri,2025-09-11
4376,1,LinkedIn,2024-06-06
4376,2,Referral,2025-07-14
4377,1,Naukri,2023-02-23
4378,1,Referral,2024-04-28
4379,1,Agency,2023-02-06
4379,2,Referral,2023-02-21
4380,1,LinkedIn,2024-06-06
4380,2,LinkedIn,2024-08-14
4380,3,LinkedIn,2025-04-19
4381,1,LinkedIn,2023-01-08
4382,1,Naukri,2024-12-04
4383,1,Referral,2023-04-04
4384,1,LinkedIn,2023-12-27
4384,2,CareerSite,2024-10-04
4385,1,LinkedIn,2023-04-27
4386,1,LinkedIn,2025-05-19
4387,1,Referral,2024-04-27
4388,1,LinkedIn,2025-07-24
4389,1,LinkedIn,2023-09-12
4389,2,LinkedIn,2024-04-04
4390,1,Naukri,2023-12-10
4390,2,LinkedIn,2024-12-17
4390,3,Referral,2025-02-10
4391,1,LinkedIn,2023-07-02
4392,1,LinkedIn,2025-06-18
4393,1,LinkedIn,2025-10-07
4394,1,Naukri,2024-02-28
4395,1,LinkedIn,2025-07-27
4396,1,LinkedIn,2023-03-13
4396,2,Naukri,2024-12-24
4396,3,Referral,2025-05-01
4397,1,LinkedIn,2023-05-27
4397,2,LinkedIn,2025-09-24
4398,1,LinkedIn,2023-07-05
4398,2,Referral,2025-11-14
4399,1,Referral,2024-06-19
4400,1,Referral,2024-07-11
4400,2,CareerSite,2024-09-06
4401,1,LinkedIn,2024-06-19
4402,1,Naukri,2024-05-09
4403,1,Naukri,2024-02-07
4403,2,CareerSite,2024-02-15
4403,3,Naukri,2025-07-04
4404,1,LinkedIn,2023-06-18
4405,1,Naukri,2023-01-04
4406,1,CareerSite,2023-07-09
4406,2,Referral,2024-05-04
4407,1,CareerSite,2025-04-30
4408,1,Referral,2024-02-09
4408,2,Naukri,2024-12-23
4408,3,LinkedIn,2025-09-21
4409,1,LinkedIn,2024-05-13
4410,1,Naukri,2024-10-15
4411,1,Naukri,2025-04-16
4412,1,Agency,2023-12-03
4413,1,LinkedIn,2025-05-23
4414,1,Naukri,2023-10-18
4414,2,LinkedIn,2024-06-26
4415,1,Naukri,2024-09-18
4415,2,Naukri,2025-08-18
4416,1,Naukri,2025-04-01
4416,2,Naukri,2025-06-27
4417,1,Referral,2025-04-04
4417,2,CareerSite,2025-08-08
4418,1,LinkedIn,2024-09-02
4419,1,LinkedIn,2023-05-12
4419,2,LinkedIn,2024-03-04
4419,3,LinkedIn,2025-08-06
4420,1,Referral,2024-06-29
4420,2,LinkedIn,2025-08-16
4421,1,LinkedIn,2023-03-15
4422,1,LinkedIn,2024-08-24
4423,1,LinkedIn,2023-02-26
4423,2,CareerSite,2024-07-11
4423,3,Naukri,2025-12-25
4424,1,LinkedIn,2023-05-06
4424,2,CareerSite,2024-05-08
4425,1,LinkedIn,2023-01-05
4426,1,LinkedIn,2024-06-13
4426,2,Referral,2024-09-15
4426,3,LinkedIn,2025-08-10
4427,1,Naukri,2025-09-19
4428,1,Referral,2024-11-13
4428,2,LinkedIn,2024-11-19
4429,1,CareerSite,2024-01-09
4430,1,LinkedIn,2023-10-23
4430,2,LinkedIn,2025-08-31
4431,1,LinkedIn,2024-11-19
4431,2,LinkedIn,2024-11-25
4432,1,LinkedIn,2023-08-29
4432,2,LinkedIn,2024-03-25
4433,1,Referral,2024-05-25
4434,1,LinkedIn,2023-08-15
4434,2,LinkedIn,2024-03-02
4434,3,Naukri,2025-05-27
4435,1,CareerSite,2023-03-18
4436,1,LinkedIn,2025-07-03
4437,1,Naukri,2023-11-29
4438,1,LinkedIn,2024-10-19
4438,2,LinkedIn,2024-11-16
4439,1,Referral,2024-07-08
4439,2,LinkedIn,2024-10-25
4440,1,Naukri,2023-04-21
4440,2,LinkedIn,2024-03-22
4440,3,LinkedIn,2024-10-26
4441,1,CareerSite,2025-09-29
4442,1,LinkedIn,2024-03-16
4442,2,LinkedIn,2024-09-04
4442,3,LinkedIn,2025-01-20
4443,1,Naukri,2024-01-30
4443,2,LinkedIn,2024-09-13
4444,1,Referral,2023-12-13
4444,2,Referral,2024-09-13
4445,1,LinkedIn,2024-09-16
4445,2,Naukri,2025-04-15
4446,1,LinkedIn,2023-03-15
4447,1,LinkedIn,2024-09-28
4448,1,LinkedIn,2024-03-11
4448,2,LinkedIn,2025-02-18
4449,1,LinkedIn,2023-08-13
4450,1,LinkedIn,2023-08-18
4451,1,Naukri,2024-06-06
4451,2,LinkedIn,2025-02-04
4452,1,LinkedIn,2024-02-06
4452,2,Agency,2024-09-03
4452,3,Naukri,2024-09-13
4453,1,CareerSite,2024-06-28
4454,1,LinkedIn,2024-10-28
4455,1,Naukri,2024-06-07
4455,2,LinkedIn,2025-07-28
4456,1,Referral,2023-01-10
4456,2,Agency,2023-01-15
4457,1,LinkedIn,2025-02-07
4457,2,LinkedIn,2025-04-25
4458,1,Referral,2023-07-11
4458,2,Referral,2024-05-21
4459,1,CareerSite,2023-01-20
4460,1,Naukri,2024-11-26
4460,2,LinkedIn,2025-09-03
4461,1,LinkedIn,2024-06-24
4461,2,LinkedIn,2025-04-12
4462,1,LinkedIn,2023-10-13
4462,2,Referral,2025-01-01
4463,1,Referral,2024-11-01
4463,2,LinkedIn,2025-02-27
4464,1,LinkedIn,2025-12-26
4465,1,LinkedIn,2023-03-07
4465,2,LinkedIn,2023-09-21
4465,3,LinkedIn,2025-02-03
4466,1,Referral,2023-01-16
4466,2,Agency,2023-02-08
4466,3,Referral,2023-07-21
4467,1,Referral,2024-12-29
4468,1,LinkedIn,2024-01-15
4468,2,Naukri,2024-09-09
4469,1,LinkedIn,2024-06-19
4470,1,CareerSite,2024-12-29
4470,2,Referral,2025-08-03
4470,3,Naukri,2025-08-28
4471,1,Referral,2024-11-21
4472,1,Referral,2024-01-20
4473,1,Referral,2024-12-07
4474,1,LinkedIn,2023-03-30
4474,2,CareerSite,2025-11-23
4475,1,Naukri,2023-02-26
4475,2,Naukri,2024-10-16
4476,1,LinkedIn,2025-10-27
4477,1,LinkedIn,2023-07-28
4477,2,LinkedIn,2024-06-12
4478,1,Referral,2024-03-15
4478,2,CareerSite,2024-07-07
4478,3,Naukri,2025-04-02
4479,1,Referral,2024-05-04
4480,1,LinkedIn,2024-06-18
4481,1,LinkedIn,2024-03-14
4482,1,Naukri,2025-02-11
4483,1,Referral,2024-08-22
4484,1,Agency,2023-08-18
4484,2,LinkedIn,2024-05-14
4485,1,CareerSite,2024-04-29
4485,2,LinkedIn,2025-02-14
4485,3,LinkedIn,2025-04-29
4486,1,Naukri,2023-03-19
4487,1,Naukri,2023-08-10
4488,1,LinkedIn,2025-07-23
4489,1,LinkedIn,2024-11-07
4490,1,LinkedIn,2024-05-13
4490,2,Naukri,2024-07-06
4491,1,LinkedIn,2024-03-18
4492,1,Naukri,2024-09-25
4493,1,Naukri,2024-04-14
4494,1,Referral,2023-08-03
4495,1,Naukri,2024-03-02
4495,2,Naukri,2024-10-27
4496,1,LinkedIn,2025-05-12
4497,1,CareerSite,2024-11-20
4497,2,LinkedIn,2025-03-09
4498,1,LinkedIn,2025-10-24
4499,1,LinkedIn,2023-12-31
4500,1,LinkedIn,2024-06-09
4500,2,LinkedIn,2024-06-21
4501,1,Naukri,2024-01-16
4502,1,Naukri,2025-12-17
4503,1,CareerSite,2023-06-20
4504,1,Referral,2023-09-07
4505,1,Naukri,2024-11-19
4506,1,Referral,2023-07-07
4507,1,Naukri,2023-09-05
4508,1,CareerSite,2025-10-17
4509,1,LinkedIn,2023-03-18
4509,2,LinkedIn,2024-10-10
4510,1,CareerSite,2025-06-30
4511,1,LinkedIn,2023-11-01
4512,1,LinkedIn,2025-02-01
4513,1,LinkedIn,2023-03-08
4514,1,LinkedIn,2023-11-23
4515,1,Naukri,2023-06-15
4515,2,LinkedIn,2025-10-13
4516,1,Naukri,2025-04-07
4517,1,Referral,2025-01-11
4518,1,Agency,2023-02-20
4518,2,LinkedIn,2025-12-25
4519,1,Referral,2024-11-23
4520,1,Naukri,2025-01-26
4521,1,LinkedIn,2023-02-19
4522,1,LinkedIn,2024-07-02
4523,1,LinkedIn,2025-11-19
4524,1,Naukri,2024-04-13
4525,1,Referral,2025-12-12
4526,1,Referral,2024-04-12
4527,1,LinkedIn,2023-07-22
4527,2,Naukri,2025-08-02
4528,1,LinkedIn,2025-07-05
4529,1,CareerSite,2023-02-05
4529,2,LinkedIn,2024-10-15
4530,1,Naukri,2023-03-12
4530,2,Naukri,2024-11-21
4531,1,Referral,2024-02-12
4532,1,CareerSite,2023-02-21
4533,1,Naukri,2024-01-14
4534,1,LinkedIn,2024-01-16
4535,1,Naukri,2025-08-23
4536,1,LinkedIn,2024-05-01
4536,2,Referral,2024-09-13
4536,3,Naukri,2025-08-16
4537,1,Referral,2023-02-13
4537,2,LinkedIn,2025-12-01
4538,1,Naukri,2023-03-27
4539,1,Naukri,2023-10-09
4540,1,Referral,2024-10-01
4541,1,LinkedIn,2025-07-15
4542,1,Naukri,2025-11-07
4543,1,Referral,2024-10-31
4544,1,Referral,2023-01-28
4544,2,CareerSite,2024-03-25
4544,3,CareerSite,2024-04-04
4545,1,Naukri,2023-10-24
4546,1,LinkedIn,2025-01-27
4547,1,Referral,2025-09-23
4547,2,CareerSite,2025-11-04
4548,1,CareerSite,2023-07-16
4548,2,CareerSite,2025-12-17
4549,1,CareerSite,2024-03-12
4550,1,LinkedIn,2024-09-12
4550,2,LinkedIn,2025-12-20
4551,1,Referral,2025-01-14
4552,1,LinkedIn,2025-04-17
4553,1,Referral,2025-07-23
4554,1,Referral,2023-09-28
4554,2,LinkedIn,2024-02-15
4555,1,LinkedIn,2023-09-02
4555,2,LinkedIn,2025-07-28
4556,1,Naukri,2024-12-11
4557,1,LinkedIn,2023-01-23
4558,1,CareerSite,2025-02-16
4559,1,LinkedIn,2023-03-02
4560,1,Naukri,2025-02-24
4560,2,Naukri,2025-10-24
4560,3,Referral,2025-12-25
4561,1,Naukri,2024-02-13
4561,2,CareerSite,2025-08-01
4562,1,CareerSite,2025-03-16
4563,1,LinkedIn,2025-09-30
4564,1,Referral,2023-08-24
4564,2,Naukri,2023-09-23
4564,3,LinkedIn,2023-09-24
4565,1,Agency,2023-08-02
4566,1,Referral,2024-02-18
4567,1,LinkedIn,2025-11-23
4568,1,Naukri,2025-03-03
4569,1,Naukri,2025-07-24
4570,1,Naukri,2024-12-22
4570,2,LinkedIn,2025-09-17
4571,1,Referral,2024-10-03
4572,1,Naukri,2025-09-02
4573,1,Referral,2023-07-05
4573,2,Naukri,2025-12-28
4574,1,LinkedIn,2023-08-31
4574,2,Referral,2023-11-20
4575,1,Referral,2025-01-14
4576,1,Naukri,2023-11-20
4576,2,LinkedIn,2023-11-30
4577,1,Referral,2024-07-15
4577,2,Naukri,2024-11-02
4578,1,LinkedIn,2024-02-26
4579,1,LinkedIn,2025-12-15
4580,1,Referral,2024-03-31
4581,1,Referral,2025-11-30
4582,1,LinkedIn,2025-04-16
4583,1,Referral,2023-01-16
4583,2,Naukri,2025-08-29
4584,1,LinkedIn,2024-09-02
4585,1,CareerSite,2025-08-06
4586,1,LinkedIn,2023-02-13
4586,2,LinkedIn,2024-02-08
4586,3,CareerSite,2024-11-30
4587,1,Referral,2025-02-03
4587,2,CareerSite,2025-03-11
4588,1,LinkedIn,2023-04-13
4588,2,Referral,2025-11-01
4589,1,Referral,2023-09-20
4590,1,Naukri,2023-02-06
4590,2,Naukri,2023-05-30
4591,1,LinkedIn,2024-12-09
4591,2,LinkedIn,2025-06-02
4592,1,Naukri,2023-03-08
4592,2,Referral,2024-01-22
4593,1,Naukri,2024-08-27
4594,1,LinkedIn,2024-03-12
4594,2,Naukri,2025-09-03
4595,1,LinkedIn,2024-08-09
4595,2,Referral,2025-12-15
4596,1,Naukri,2025-09-06
4597,1,CareerSite,2025-07-28
4598,1,Naukri,2023-04-24
4598,2,LinkedIn,2024-05-08
4598,3,LinkedIn,2025-12-14
4599,1,Naukri,2024-06-21
4600,1,Naukri,2024-08-13
4600,2,Referral,2025-10-06
4601,1,LinkedIn,2024-08-07
4602,1,Referral,2024-12-23
4603,1,Naukri,2023-01-15
4604,1,Referral,2024-01-26
4604,2,Referral,2025-01-14
4605,1,Referral,2023-10-12
4606,1,Naukri,2023-10-23
4606,2,LinkedIn,2024-12-15
4607,1,CareerSite,2023-09-18
4608,1,Naukri,2024-09-08
4608,2,Referral,2025-04-12
4609,1,Referral,2023-12-30
4609,2,LinkedIn,2024-08-20
4610,1,LinkedIn,2025-05-12
4610,2,Naukri,2025-07-06
4611,1,Referral,2023-12-10
4612,1,LinkedIn,2023-12-08
4613,1,LinkedIn,2025-11-21
4614,1,Naukri,2024-11-26
4615,1,LinkedIn,2025-08-07
4616,1,LinkedIn,2025-01-02
4617,1,Agency,2023-05-30
4617,2,LinkedIn,2024-01-22
4617,3,LinkedIn,2024-09-01
4618,1,LinkedIn,2024-08-02
4618,2,Referral,2025-04-20
4619,1,Referral,2024-07-24
4620,1,CareerSite,2024-05-16
4620,2,Referral,2025-06-08
4621,1,Naukri,2024-04-12
4622,1,Referral,2023-12-22
4623,1,LinkedIn,2024-09-22
4624,1,CareerSite,2024-11-13
4624,2,CareerSite,2025-03-20
4625,1,Referral,2024-02-19
4625,2,LinkedIn,2025-10-30
4626,1,Referral,2024-06-23
4627,1,Agency,2023-12-06
4627,2,Referral,2024-03-02
4627,3,Referral,2024-08-18
4628,1,Referral,2025-12-22
4629,1,CareerSite,2023-08-22
4630,1,CareerSite,2024-10-06
4631,1,Referral,2025-02-07
4632,1,Referral,2024-08-18
4632,2,CareerSite,2024-12-29
4632,3,CareerSite,2025-02-25
4633,1,Naukri,2023-01-01
4633,2,Agency,2025-11-08
4634,1,LinkedIn,2024-03-02
4634,2,Agency,2024-09-26
4635,1,Referral,2024-12-20
4635,2,LinkedIn,2025-08-18
4636,1,LinkedIn,2024-01-23
4636,2,LinkedIn,2024-02-11
4637,1,Agency,2025-09-04
4638,1,Agency,2025-03-04
4638,2,LinkedIn,2025-10-17
4639,1,Naukri,2023-01-22
4639,2,Naukri,2023-12-12
4639,3,LinkedIn,2024-09-26
4640,1,LinkedIn,2025-04-29
4640,2,CareerSite,2025-12-05
4641,1,Naukri,2023-06-19
4641,2,Naukri,2025-08-16
4641,3,CareerSite,2025-09-11
4642,1,CareerSite,2023-11-17
4643,1,Naukri,2023-04-10
4643,2,Referral,2024-12-27
4644,1,Naukri,2023-02-24
4645,1,LinkedIn,2024-09-27
4645,2,LinkedIn,2025-10-01
4645,3,Naukri,2025-10-13
4646,1,CareerSite,2024-04-06
4646,2,Naukri,2024-12-11
4646,3,Naukri,2025-09-19
4647,1,LinkedIn,2023-04-26
4648,1,Naukri,2024-08-31
4649,1,LinkedIn,2023-01-04
4649,2,Naukri,2023-02-18
4650,1,Referral,2023-12-21
4651,1,Referral,2024-02-15
4651,2,Agency,2025-02-02
4652,1,Naukri,2023-04-11
4652,2,LinkedIn,2025-01-01
4653,1,Referral,2025-05-05
4654,1,LinkedIn,2024-08-21
4655,1,Referral,2025-09-19
4656,1,LinkedIn,2025-06-28
4657,1,Referral,2023-10-21
4657,2,LinkedIn,2024-11-18
4658,1,CareerSite,2025-06-05
4659,1,Agency,2023-05-12
4659,2,LinkedIn,2025-10-09
4660,1,LinkedIn,2023-05-25
4660,2,LinkedIn,2023-11-18
4661,1,Referral,2024-02-24
4662,1,LinkedIn,2025-07-08
4663,1,Referral,2025-03-08
4664,1,LinkedIn,2023-05-03
4664,2,LinkedIn,2023-09-02
4664,3,LinkedIn,2024-02-22
4665,1,CareerSite,2024-05-20
4665,2,CareerSite,2024-10-24
4666,1,LinkedIn,2024-02-03
4666,2,CareerSite,2025-11-09
4667,1,Agency,2023-05-12
4667,2,LinkedIn,2025-06-09
4668,1,CareerSite,2024-02-28
4668,2,CareerSite,2024-11-03
4669,1,Naukri,2023-02-12
4670,1,Naukri,2024-01-02
4671,1,LinkedIn,2024-01-25
4672,1,CareerSite,2023-03-04
4672,2,Referral,2024-03-28
4672,3,LinkedIn,2025-06-10
4673,1,Naukri,2024-04-08
4674,1,CareerSite,2024-01-05
4674,2,Agency,2025-03-11
4674,3,LinkedIn,2025-10-23
4675,1,Referral,2023-10-09
4676,1,Naukri,2023-12-04
4677,1,Naukri,2023-01-21
4677,2,LinkedIn,2025-06-29
4678,1,LinkedIn,2024-08-28
4679,1,LinkedIn,2025-02-26
4680,1,Referral,2023-06-24
4681,1,Referral,2023-12-07
4681,2,LinkedIn,2024-03-07
4682,1,CareerSite,2023-03-19
4683,1,LinkedIn,2025-09-28
4684,1,LinkedIn,2025-02-18
4684,2,LinkedIn,2025-08-31
4684,3,LinkedIn,2025-12-31
4685,1,Referral,2025-10-15
4686,1,LinkedIn,2023-12-25
4687,1,LinkedIn,2024-11-03
4688,1,LinkedIn,2023-05-15
4688,2,Referral,2023-07-20
4689,1,Naukri,2025-02-10
4690,1,CareerSite,2023-07-17
4691,1,LinkedIn,2023-11-10
4692,1,Referral,2024-03-21
4692,2,Naukri,2024-12-19
4693,1,LinkedIn,2023-02-02
4693,2,Naukri,2024-09-03
4694,1,Naukri,2023-05-05
4694,2,Naukri,2025-04-04
4695,1,Referral,2024-01-28
4696,1,LinkedIn,2024-09-13
4696,2,Referral,2025-12-24
4697,1,CareerSite,2023-12-28
4698,1,LinkedIn,2023-08-13
4698,2,LinkedIn,2024-11-11
4698,3,Naukri,2025-04-03
4699,1,LinkedIn,2025-04-07
4700,1,LinkedIn,2025-06-18
4701,1,Referral,2023-03-18
4702,1,LinkedIn,2023-12-26
4702,2,LinkedIn,2025-07-15
4703,1,LinkedIn,2023-08-03
4704,1,CareerSite,2024-12-09
4704,2,LinkedIn,2025-09-20
4705,1,LinkedIn,2024-11-06
4706,1,Naukri,2023-05-18
4707,1,LinkedIn,2024-12-23
4707,2,Naukri,2025-06-07
4707,3,Naukri,2025-11-05
4708,1,LinkedIn,2025-06-09
4709,1,Referral,2025-12-16
4710,1,CareerSite,2025-04-19
4711,1,Naukri,2023-04-27
4711,2,Agency,2023-09-13
4712,1,Naukri,2023-08-02
4713,1,Naukri,2024-12-03
4714,1,LinkedIn,2023-11-21
4714,2,CareerSite,2025-07-24
4715,1,Agency,2024-09-24
4716,1,Referral,2025-09-02
4717,1,Naukri,2024-12-03
4718,1,Naukri,2024-04-21
4718,2,Referral,2025-07-24
4719,1,LinkedIn,2023-02-02
4720,1,Referral,2025-11-25
4721,1,LinkedIn,2025-02-12
4722,1,Referral,2023-06-20
4722,2,Naukri,2024-11-20
4723,1,Naukri,2023-07-22
4724,1,Referral,2025-10-27
4725,1,LinkedIn,2025-06-25
4725,2,LinkedIn,2025-08-24
4726,1,Naukri,2023-02-16
4726,2,LinkedIn,2023-12-30
4727,1,LinkedIn,2024-10-30
4727,2,LinkedIn,2025-01-08
4728,1,LinkedIn,2023-04-27
4729,1,CareerSite,2023-07-18
4730,1,Agency,2025-09-08
4731,1,LinkedIn,2023-09-24
4731,2,LinkedIn,2025-08-12
4732,1,LinkedIn,2023-02-04
4732,2,CareerSite,2024-08-03
4732,3,LinkedIn,2025-10-06
4733,1,LinkedIn,2024-07-30
4733,2,CareerSite,2025-01-06
4734,1,Naukri,2025-05-12
4735,1,Naukri,2024-01-17
4736,1,Naukri,2023-11-30
4736,2,Referral,2025-04-11
4737,1,Referral,2023-03-22
4738,1,LinkedIn,2023-10-14
4738,2,Referral,2025-02-22
4739,1,LinkedIn,2025-09-15
4740,1,Referral,2023-07-02
4741,1,Naukri,2023-08-11
4741,2,LinkedIn,2025-04-12
4742,1,Referral,2025-02-26
4743,1,Referral,2024-07-11
4743,2,LinkedIn,2025-03-23
4744,1,Referral,2024-08-17
4744,2,Agency,2025-01-05
4745,1,Referral,2023-07-31
4746,1,LinkedIn,2024-09-11
4747,1,Referral,2023-05-27
4748,1,CareerSite,2025-05-06
4749,1,Naukri,2023-07-31
4749,2,LinkedIn,2025-09-14
4750,1,LinkedIn,2024-08-12
4751,1,LinkedIn,2025-09-06
4752,1,LinkedIn,2024-05-30
4753,1,LinkedIn,2023-01-02
4753,2,Naukri,2023-08-28
4753,3,Naukri,2025-08-16
4754,1,LinkedIn,2023-09-27
4755,1,LinkedIn,2024-04-01
4755,2,CareerSite,2024-09-01
4755,3,Referral,2025-03-03
4756,1,Naukri,2025-09-15
4757,1,CareerSite,2024-07-06
4757,2,LinkedIn,2024-08-21
4758,1,Naukri,2024-11-27
4759,1,Referral,2023-01-04
4759,2,LinkedIn,2023-03-16
4760,1,Naukri,2025-10-08
4761,1,LinkedIn,2023-09-19
4762,1,Naukri,2023-12-24
4763,1,Naukri,2025-06-25
4764,1,Referral,2023-03-25
4764,2,Referral,2023-07-30
4764,3,Referral,2025-12-31
4765,1,CareerSite,2025-03-09
4766,1,Naukri,2024-08-29
4767,1,CareerSite,2023-07-01
4767,2,Naukri,2023-07-28
4767,3,LinkedIn,2024-08-15
4768,1,LinkedIn,2025-12-01
4769,1,LinkedIn,2023-12-10
4770,1,LinkedIn,2023-10-08
4770,2,Naukri,2024-02-21
4770,3,Referral,2025-03-26
4771,1,Naukri,2025-04-08
4772,1,Naukri,2024-04-07
4773,1,CareerSite,2024-07-10
4774,1,Referral,2024-10-19
4774,2,Naukri,2024-12-15
4774,3,LinkedIn,2025-02-01
4775,1,Naukri,2023-08-01
4775,2,Referral,2024-10-12
4775,3,Referral,2025-08-04
4776,1,Referral,2025-05-29
4777,1,Referral,2025-08-29
4778,1,Naukri,2025-04-23
4779,1,Naukri,2023-02-01
4779,2,LinkedIn,2023-10-12
4780,1,LinkedIn,2023-04-20
4781,1,Naukri,2024-06-25
4782,1,LinkedIn,2024-07-02
4783,1,Naukri,2024-07-25
4784,1,Referral,2024-03-21
4785,1,Naukri,2024-08-07
4785,2,Referral,2024-08-24
4786,1,LinkedIn,2024-02-09
4786,2,LinkedIn,2025-12-20
4787,1,Naukri,2024-08-20
4788,1,CareerSite,2023-07-04
4789,1,CareerSite,2023-09-17
4789,2,Referral,2024-03-21
4790,1,Naukri,2023-10-15
4791,1,Naukri,2023-05-17
4791,2,LinkedIn,2024-10-04
4792,1,LinkedIn,2024-04-19
4792,2,Naukri,2024-10-03
4792,3,Naukri,2024-10-12
4793,1,Naukri,2025-05-08
4794,1,LinkedIn,2023-03-05
4794,2,LinkedIn,2023-09-22
4795,1,LinkedIn,2025-02-06
4796,1,LinkedIn,2024-03-31
4797,1,LinkedIn,2024-03-27
4798,1,LinkedIn,2023-03-02
4799,1,Referral,2024-09-10
4799,2,Referral,2024-10-24
4799,3,Naukri,2025-02-07
4800,1,LinkedIn,2024-10-26
4801,1,Naukri,2024-06-19
4802,1,CareerSite,2023-06-14
4802,2,Referral,2024-11-13
4802,3,LinkedIn,2025-04-25
4803,1,Naukri,2023-12-26
4803,2,Naukri,2024-10-19
4804,1,LinkedIn,2023-01-14
4804,2,LinkedIn,2023-01-19
4804,3,CareerSite,2025-09-05
4805,1,Referral,2023-07-26
4805,2,LinkedIn,2023-08-12
4805,3,CareerSite,2024-05-08
4806,1,CareerSite,2023-11-04
4807,1,LinkedIn,2023-09-29
4807,2,Naukri,2024-04-26
4808,1,Referral,2023-11-12
4808,2,LinkedIn,2024-10-30
4808,3,Referral,2025-12-16
4809,1,CareerSite,2025-04-23
4810,1,LinkedIn,2023-02-05
4811,1,LinkedIn,2024-07-18
4811,2,Naukri,2025-01-31
4811,3,Naukri,2025-03-24
4812,1,LinkedIn,2023-04-05
4813,1,Referral,2023-02-19
4814,1,Naukri,2025-12-12
4815,1,Referral,2025-12-18
4816,1,Referral,2024-01-04
4817,1,Naukri,2024-10-31
4818,1,Referral,2024-06-29
4819,1,LinkedIn,2025-09-09
4820,1,CareerSite,2024-08-24
4821,1,CareerSite,2024-06-02
4822,1,Naukri,2024-06-23
4822,2,LinkedIn,2025-04-30
4823,1,Referral,2024-01-31
4824,1,LinkedIn,2025-05-16
4825,1,LinkedIn,2025-05-08
4826,1,LinkedIn,2025-10-15
4827,1,LinkedIn,2024-11-08
4827,2,LinkedIn,2025-09-09
4827,3,Naukri,2025-09-28
4828,1,CareerSite,2023-03-09
4829,1,LinkedIn,2024-07-23
4829,2,CareerSite,2025-08-29
4829,3,Naukri,2025-11-01
4830,1,LinkedIn,2024-04-10
4831,1,LinkedIn,2024-03-09
4832,1,Referral,2024-06-16
4833,1,LinkedIn,2023-01-14
4833,2,Naukri,2025-07-26
4834,1,Referral,2024-11-01
4834,2,LinkedIn,2025-03-28
4835,1,LinkedIn,2025-09-07
4836,1,LinkedIn,2025-11-21
4837,1,Naukri,2023-10-07
4838,1,Naukri,2025-01-05
4839,1,Referral,2024-05-04
4840,1,Referral,2023-07-31
4841,1,LinkedIn,2024-05-17
4842,1,Naukri,2024-08-12
4843,1,LinkedIn,2023-06-12
4843,2,Referral,2024-08-23
4843,3,Naukri,2025-11-09
4844,1,CareerSite,2023-10-23
4845,1,LinkedIn,2025-07-12
4846,1,Naukri,2024-11-06
4847,1,LinkedIn,2024-10-14
4848,1,Naukri,2025-01-19
4849,1,LinkedIn,2024-01-09
4850,1,LinkedIn,2024-12-28
4851,1,CareerSite,2023-03-30
4851,2,Referral,2025-06-28
4852,1,Naukri,2023-12-29
4852,2,Naukri,2024-08-23
4853,1,Naukri,2023-09-13
4853,2,Agency,2023-09-28
4853,3,LinkedIn,2025-08-03
4854,1,Referral,2025-05-03
4855,1,Referral,2024-08-27
4856,1,LinkedIn,2023-03-05
4857,1,Referral,2025-11-20
4858,1,LinkedIn,2024-03-11
4858,2,Referral,2025-05-11
4858,3,Referral,2025-07-19
4859,1,Naukri,2025-01-23
4860,1,Referral,2024-04-24
4860,2,Naukri,2024-05-07
4861,1,LinkedIn,2023-07-21
4861,2,LinkedIn,2025-08-26
4862,1,Agency,2023-12-20
4862,2,Referral,2025-06-10
4863,1,Naukri,2025-05-08
4864,1,LinkedIn,2024-06-05
4864,2,LinkedIn,2024-09-07
4865,1,LinkedIn,2023-08-31
4865,2,CareerSite,2024-09-11
4866,1,Referral,2024-08-28
4866,2,Agency,2025-03-03
4867,1,Naukri,2024-03-30
4867,2,Naukri,2024-05-03
4867,3,Referral,2025-08-05
4868,1,LinkedIn,2023-07-25
4868,2,Naukri,2024-03-19
4869,1,LinkedIn,2023-11-11
4869,2,CareerSite,2024-02-29
4869,3,Naukri,2025-03-06
4870,1,LinkedIn,2023-05-17
4870,2,Referral,2024-10-26
4870,3,Naukri,2025-10-17
4871,1,Naukri,2023-11-21
4872,1,LinkedIn,2023-03-10
4873,1,Naukri,2025-07-12
4874,1,LinkedIn,2023-06-13
4875,1,Naukri,2023-06-23
4875,2,LinkedIn,2023-11-27
4875,3,LinkedIn,2025-09-29
4876,1,LinkedIn,2023-07-20
4877,1,LinkedIn,2023-05-17
4877,2,Referral,2023-06-29
4877,3,LinkedIn,2025-04-04
4878,1,LinkedIn,2023-11-10
4879,1,Referral,2023-06-08
4879,2,Naukri,2025-04-22
4880,1,Naukri,2025-04-21
4880,2,CareerSite,2025-07-28
4881,1,LinkedIn,2025-07-11
4882,1,LinkedIn,2024-01-11
4883,1,Referral,2023-12-26
4883,2,Referral,2025-02-01
4884,1,Referral,2023-01-30
4884,2,LinkedIn,2024-05-14
4885,1,LinkedIn,2025-05-16
4886,1,Naukri,2023-08-03
4886,2,LinkedIn,2025-06-08
4887,1,Referral,2025-10-15
4887,2,Referral,2025-11-09
4888,1,CareerSite,2023-07-01
4889,1,LinkedIn,2023-04-27
4890,1,Referral,2025-12-13
4891,1,Referral,2023-12-20
4892,1,Referral,2023-03-28
4892,2,Referral,2024-03-01
4893,1,Naukri,2024-03-10
4893,2,Naukri,2025-06-06
4894,1,Naukri,2024-03-28
4895,1,Referral,2025-11-05
4896,1,Referral,2025-08-22
4897,1,Naukri,2024-09-13
4898,1,Agency,2025-05-26
4898,2,LinkedIn,2025-07-16
4899,1,LinkedIn,2023-01-22
4900,1,LinkedIn,2023-12-29
4901,1,Naukri,2024-12-08
4902,1,LinkedIn,2023-03-04
4902,2,Referral,2025-09-23
4903,1,LinkedIn,2023-12-29
4904,1,LinkedIn,2023-08-13
4904,2,CareerSite,2024-12-10
4904,3,Naukri,2025-01-30
4905,1,Naukri,2024-02-02
4906,1,Naukri,2023-03-21
4906,2,LinkedIn,2025-01-05
4907,1,LinkedIn,2024-10-04
4907,2,Referral,2025-02-16
4908,1,Naukri,2025-12-22
4909,1,LinkedIn,2024-03-12
4910,1,Naukri,2024-08-30
4911,1,Agency,2023-09-01
4912,1,LinkedIn,2023-08-11
4912,2,LinkedIn,2025-02-21
4913,1,CareerSite,2023-07-05
4914,1,LinkedIn,2025-02-20
4915,1,Agency,2023-07-01
4916,1,Naukri,2024-10-03
4917,1,Referral,2025-04-24
4918,1,Naukri,2023-08-29
4919,1,LinkedIn,2024-03-03
4919,2,Referral,2024-05-29
4920,1,LinkedIn,2024-09-20
4920,2,CareerSite,2025-04-25
4921,1,CareerSite,2023-06-08
4921,2,Naukri,2024-04-05
4921,3,LinkedIn,2024-07-07
4922,1,CareerSite,2023-03-12
4923,1,LinkedIn,2023-07-03
4923,2,Agency,2023-08-30
4924,1,Agency,2023-09-22
4925,1,LinkedIn,2024-12-09
4926,1,Referral,2023-06-04
4926,2,Referral,2023-07-04
4927,1,Referral,2024-10-13
4928,1,LinkedIn,2025-05-20
4929,1,LinkedIn,2024-08-14
4929,2,LinkedIn,2025-11-06
4930,1,Naukri,2025-06-25
4930,2,Naukri,2025-07-05
4931,1,LinkedIn,2024-06-05
4931,2,LinkedIn,2024-12-16
4932,1,LinkedIn,2023-01-21
4932,2,Naukri,2023-02-17
4932,3,LinkedIn,2024-12-03
4933,1,LinkedIn,2024-06-01
4934,1,LinkedIn,2024-04-16
4935,1,Naukri,2023-05-14
4936,1,LinkedIn,2024-08-28
4936,2,Naukri,2025-03-18
4936,3,Agency,2025-07-19
4937,1,LinkedIn,2023-10-29
4937,2,Referral,2023-12-15
4937,3,LinkedIn,2024-12-02
4938,1,LinkedIn,2024-03-27
4938,2,Naukri,2025-12-25
4939,1,LinkedIn,2025-09-26
4940,1,LinkedIn,2023-01-02
4940,2,LinkedIn,2025-03-22
4941,1,Naukri,2024-07-05
4941,2,Referral,2025-01-15
4941,3,Referral,2025-02-21
4942,1,CareerSite,2025-05-31
4943,1,LinkedIn,2025-03-30
4943,2,Referral,2025-10-16
4944,1,Naukri,2023-05-05
4944,2,LinkedIn,2023-07-26
4945,1,Naukri,2023-05-26
4946,1,CareerSite,2023-04-18
4947,1,LinkedIn,2023-07-16
4947,2,Referral,2025-01-28
4948,1,Referral,2023-05-04
4948,2,Referral,2024-04-07
4948,3,LinkedIn,2025-04-30
4949,1,Naukri,2023-02-02
4950,1,Referral,2023-11-08
4951,1,LinkedIn,2024-11-03
4952,1,LinkedIn,2025-12-17
4953,1,LinkedIn,2023-11-05
4953,2,Referral,2025-06-17
4953,3,LinkedIn,2025-12-11
4954,1,LinkedIn,2023-05-10
4955,1,CareerSite,2024-03-18
4955,2,Naukri,2024-06-07
4956,1,Naukri,2024-08-23
4957,1,Naukri,2023-01-09
4957,2,Referral,2023-03-31
4957,3,Naukri,2023-11-23
4958,1,Naukri,2023-10-31
4958,2,LinkedIn,2025-07-29
4959,1,Agency,2024-09-06
4960,1,LinkedIn,2023-06-09
4960,2,LinkedIn,2023-11-01
4961,1,Referral,2025-10-24
4962,1,Referral,2023-01-12
4963,1,Naukri,2024-07-08
4964,1,Naukri,2023-11-06
4965,1,LinkedIn,2024-01-23
4966,1,LinkedIn,2024-04-12
4967,1,CareerSite,2023-09-17
4968,1,LinkedIn,2024-01-17
4969,1,LinkedIn,2024-06-05
4970,1,Naukri,2025-01-13
4970,2,Referral,2025-11-06
4971,1,Naukri,2025-03-13
4972,1,Referral,2023-03-26
4972,2,Referral,2023-10-18
4973,1,Naukri,2023-08-25
4974,1,Naukri,2023-09-01
4974,2,Referral,2024-07-28
4975,1,Referral,2024-08-14
4976,1,Naukri,2024-04-11
4976,2,Naukri,2025-12-16
4977,1,Referral,2025-10-09
4978,1,Naukri,2024-10-24
4978,2,Referral,2025-12-13
4979,1,Referral,2024-04-21
4979,2,Naukri,2024-08-20
4980,1,LinkedIn,2023-02-03
4981,1,Referral,2023-03-06
4981,2,LinkedIn,2024-03-02
4982,1,Naukri,2023-06-13
4983,1,LinkedIn,2024-02-05
4984,1,Naukri,2024-02-24
4985,1,Naukri,2024-08-30
4985,2,Naukri,2024-10-25
4986,1,LinkedIn,2023-10-15
4986,2,LinkedIn,2025-03-04
4987,1,Naukri,2023-10-07
4987,2,Referral,2025-11-10
4988,1,LinkedIn,2023-10-20
4988,2,Referral,2024-09-17
4989,1,Naukri,2025-02-12
4990,1,Naukri,2024-04-24
4991,1,Naukri,2023-12-18
4991,2,Agency,2025-09-01
4992,1,CareerSite,2025-02-20
4992,2,Naukri,2025-04-08
4993,1,LinkedIn,2023-05-19
4994,1,LinkedIn,2024-09-14
4995,1,Referral,2023-06-19
4995,2,CareerSite,2025-05-10
4996,1,LinkedIn,2023-01-07
4996,2,Naukri,2023-01-16
4997,1,LinkedIn,2023-01-09
4997,2,CareerSite,2024-12-31
4998,1,LinkedIn,2024-11-22
4999,1,Referral,2023-05-16
5000,1,Naukri,2025-10-27
5000,2,Naukri,2025-12-11
5001,1,Naukri,2023-06-01
5001,2,Naukri,2024-07-25
5001,3,Referral,2025-05-11
5002,1,LinkedIn,2023-10-29
5002,2,LinkedIn,2024-07-06
5003,1,Naukri,2025-07-03
5004,1,Naukri,2025-09-23
5005,1,CareerSite,2024-04-29
5006,1,Agency,2023-04-18
5007,1,Naukri,2024-12-27
5008,1,Naukri,2024-04-13
5009,1,LinkedIn,2023-03-15
5010,1,Naukri,2023-08-01
5011,1,Referral,2023-10-14
5011,2,LinkedIn,2025-06-01
5011,3,CareerSite,2025-06-09
5012,1,LinkedIn,2025-09-03
5012,2,Naukri,2025-10-12
5013,1,LinkedIn,2023-02-25
5013,2,LinkedIn,2023-06-07
5014,1,LinkedIn,2025-12-13
5015,1,Referral,2023-08-02
5015,2,CareerSite,2024-11-28
5016,1,LinkedIn,2024-03-30
5016,2,CareerSite,2024-08-24
5017,1,Referral,2025-02-26
5018,1,CareerSite,2025-04-13
5019,1,LinkedIn,2024-04-28
5020,1,Referral,2023-04-06
5020,2,Naukri,2024-05-13
5020,3,Referral,2025-08-10
5021,1,Naukri,2024-03-11
5022,1,Naukri,2024-11-23
5023,1,LinkedIn,2025-11-19
5024,1,Referral,2023-03-16
5024,2,LinkedIn,2024-06-19
5024,3,Naukri,2025-01-22
5025,1,Naukri,2024-01-12
5025,2,Referral,2025-07-11
5026,1,LinkedIn,2023-10-13
5026,2,CareerSite,2024-04-04
5027,1,LinkedIn,2025-05-23
5028,1,LinkedIn,2023-07-07
5028,2,LinkedIn,2024-04-08
5028,3,Naukri,2025-09-08
5029,1,Naukri,2025-12-17
5030,1,CareerSite,2024-04-26
5030,2,Referral,2025-03-08
5030,3,Referral,2025-07-16
5031,1,CareerSite,2025-03-20
5032,1,Agency,2023-05-11
5032,2,CareerSite,2025-03-06
5033,1,Referral,2024-12-13
5034,1,CareerSite,2025-06-29
5035,1,LinkedIn,2024-12-10
5035,2,LinkedIn,2025-04-11
5036,1,Referral,2023-04-18
5037,1,Referral,2024-02-05
5038,1,LinkedIn,2025-06-10
5039,1,LinkedIn,2023-03-03
5040,1,Referral,2025-10-17
5041,1,Naukri,2023-12-12
5041,2,LinkedIn,2024-08-09
5041,3,LinkedIn,2025-05-02
5042,1,LinkedIn,2024-10-06
5043,1,Agency,2023-10-27
5043,2,Referral,2024-02-06
5044,1,LinkedIn,2024-08-06
5045,1,LinkedIn,2023-04-11
5046,1,LinkedIn,2023-04-12
5046,2,Referral,2025-09-17
5047,1,LinkedIn,2025-06-22
5048,1,Agency,2024-01-23
5049,1,Referral,2023-01-06
5049,2,LinkedIn,2024-06-19
5050,1,Naukri,2025-03-22
5051,1,Naukri,2023-10-11
5052,1,LinkedIn,2025-02-20
5053,1,Referral,2024-04-16
5054,1,Naukri,2023-03-03
5054,2,CareerSite,2023-11-08
5055,1,Referral,2024-08-03
5056,1,Agency,2024-11-15
5057,1,Naukri,2024-01-03
5057,2,Referral,2025-03-31
5058,1,LinkedIn,2024-07-23
5058,2,LinkedIn,2025-12-30
5059,1,LinkedIn,2023-09-14
5060,1,LinkedIn,2023-04-20
5061,1,LinkedIn,2025-09-27
5062,1,LinkedIn,2023-09-11
5062,2,LinkedIn,2024-10-08
5063,1,Referral,2023-12-06
5064,1,Referral,2024-04-18
5064,2,Agency,2025-06-04
5065,1,Referral,2023-08-15
5065,2,CareerSite,2024-12-04
5066,1,Agency,2025-06-20
5067,1,Naukri,2023-04-11
5067,2,LinkedIn,2025-07-03
5068,1,LinkedIn,2024-06-12
5069,1,Naukri,2023-01-26
5070,1,LinkedIn,2024-08-07
5071,1,LinkedIn,2025-12-16
5072,1,LinkedIn,2023-04-02
5073,1,LinkedIn,2023-10-29
5073,2,LinkedIn,2024-12-26
5074,1,Referral,2023-12-26
5075,1,LinkedIn,2024-02-09
5075,2,LinkedIn,2025-06-06
5076,1,Naukri,2023-04-02
5076,2,Referral,2025-08-03
5077,1,Agency,2023-02-12
5078,1,LinkedIn,2025-04-29
5079,1,Naukri,2024-07-06
5080,1,LinkedIn,2025-12-27
5081,1,Naukri,2024-12-02
5082,1,LinkedIn,2024-02-04
5083,1,Referral,2023-03-26
5083,2,CareerSite,2023-08-09
5084,1,Naukri,2025-02-16
5085,1,Referral,2025-12-30
5086,1,LinkedIn,2024-04-21
5087,1,Naukri,2024-06-22
5088,1,Agency,2025-09-14
5089,1,LinkedIn,2025-03-20
5090,1,Naukri,2024-09-17
5091,1,Naukri,2025-03-18
5091,2,LinkedIn,2025-07-06
5092,1,Referral,2025-01-06
5093,1,Referral,2025-04-28
5093,2,LinkedIn,2025-07-23
5094,1,LinkedIn,2023-05-04
5094,2,Referral,2024-04-19
5095,1,LinkedIn,2023-07-12
5096,1,LinkedIn,2025-03-23
5097,1,LinkedIn,2023-10-19
5097,2,Naukri,2025-06-08
5097,3,LinkedIn,2025-10-17
5098,1,LinkedIn,2023-04-18
5098,2,LinkedIn,2024-05-08
5098,3,CareerSite,2025-04-19
5099,1,Naukri,2024-07-30
5099,2,LinkedIn,2025-02-01
5100,1,Agency,2023-06-03
5101,1,CareerSite,2025-09-26
5102,1,Referral,2025-02-22
5102,2,Referral,2025-12-24
5103,1,LinkedIn,2024-08-11
5104,1,CareerSite,2023-07-24
5105,1,LinkedIn,2023-07-04
5106,1,CareerSite,2024-07-16
5107,1,LinkedIn,2025-01-19
5108,1,Referral,2023-11-10
5109,1,Referral,2025-05-25
5109,2,Referral,2025-12-24
5110,1,Agency,2023-04-01
5110,2,Naukri,2024-09-26
5111,1,LinkedIn,2025-11-26
5112,1,CareerSite,2024-05-21
5113,1,Naukri,2023-02-23
5114,1,Naukri,2023-03-02
5114,2,Naukri,2025-02-03
5115,1,LinkedIn,2023-09-08
5115,2,LinkedIn,2025-10-28
5116,1,Agency,2023-03-13
5116,2,LinkedIn,2024-03-06
5117,1,Naukri,2023-03-28
5118,1,LinkedIn,2023-07-14
5119,1,Referral,2024-11-12
5120,1,Naukri,2023-02-24
5120,2,Referral,2023-06-28
5120,3,LinkedIn,2023-07-13
5121,1,CareerSite,2024-12-22
5122,1,Naukri,2025-04-22
5123,1,LinkedIn,2024-05-26
5124,1,Referral,2024-06-24
5124,2,Referral,2025-10-12
5125,1,Naukri,2025-01-21
5125,2,LinkedIn,2025-07-08
5126,1,LinkedIn,2023-07-07
5126,2,LinkedIn,2023-07-09
5127,1,Referral,2024-04-23
5127,2,Naukri,2024-12-20
5128,1,Naukri,2023-04-01
5128,2,Referral,2023-12-15
5128,3,LinkedIn,2024-11-12
5129,1,LinkedIn,2024-12-01
5130,1,LinkedIn,2023-05-22
5130,2,Referral,2023-09-20
5131,1,LinkedIn,2025-02-27
5131,2,LinkedIn,2025-06-21
5132,1,LinkedIn,2024-07-31
5133,1,Naukri,2025-03-18
5134,1,LinkedIn,2023-05-05
5135,1,LinkedIn,2023-12-30
5136,1,LinkedIn,2024-04-27
5136,2,Referral,2024-07-20
5136,3,Referral,2024-11-08
5137,1,LinkedIn,2023-08-31
5137,2,LinkedIn,2024-12-29
5137,3,LinkedIn,2025-07-22
5138,1,Referral,2024-08-14
5139,1,LinkedIn,2023-01-20
5140,1,LinkedIn,2023-11-02
5140,2,Referral,2025-06-06
5141,1,LinkedIn,2024-12-25
5142,1,CareerSite,2025-10-01
5143,1,Referral,2025-02-27
5144,1,LinkedIn,2024-02-02
5144,2,LinkedIn,2024-12-26
5144,3,Referral,2024-12-31
5145,1,LinkedIn,2025-08-05
5146,1,Referral,2024-09-11
5147,1,LinkedIn,2023-08-24
5148,1,Referral,2024-01-03
5149,1,LinkedIn,2023-01-13
5149,2,CareerSite,2023-09-13
5150,1,Naukri,2023-10-08
5151,1,LinkedIn,2024-07-23
5151,2,Naukri,2024-09-25
5152,1,Agency,2024-06-21
5152,2,Naukri,2025-05-07
5153,1,Naukri,2024-10-09
5154,1,Naukri,2024-11-19
5155,1,Referral,2025-10-12
5156,1,LinkedIn,2025-02-24
5157,1,LinkedIn,2024-06-06
5157,2,Naukri,2025-02-27
5158,1,LinkedIn,2024-05-31
5159,1,LinkedIn,2023-06-15
5159,2,LinkedIn,2023-09-28
5159,3,Referral,2025-04-04
5160,1,CareerSite,2024-07-04
5161,1,Naukri,2025-09-02
5161,2,Naukri,2025-11-14
5162,1,LinkedIn,2024-09-02
5163,1,Referral,2024-04-27
5164,1,Naukri,2024-07-06
5165,1,LinkedIn,2023-11-13
5165,2,LinkedIn,2025-02-11
5166,1,Naukri,2023-07-11
5167,1,LinkedIn,2023-07-12
5168,1,Referral,2023-10-12
5168,2,LinkedIn,2024-04-08
5168,3,Naukri,2024-09-15
5169,1,Referral,2025-03-03
5169,2,Referral,2025-07-17
5170,1,LinkedIn,2025-07-21
5171,1,Referral,2023-02-02
5172,1,LinkedIn,2024-10-18
5172,2,Referral,2025-12-16
5173,1,LinkedIn,2024-08-19
5173,2,LinkedIn,2025-03-08
5174,1,LinkedIn,2024-10-30
5175,1,LinkedIn,2023-02-11
5175,2,LinkedIn,2024-01-09
5176,1,LinkedIn,2024-07-11
5177,1,Agency,2023-12-31
5177,2,LinkedIn,2025-08-22
5178,1,Referral,2023-07-13
5178,2,Referral,2023-10-21
5179,1,CareerSite,2025-07-27
5180,1,LinkedIn,2025-10-28
5181,1,CareerSite,2023-07-03
5181,2,LinkedIn,2025-06-26
5182,1,LinkedIn,2025-05-08
5183,1,Naukri,2024-10-04
5183,2,Referral,2025-01-14
5184,1,CareerSite,2023-11-19
5185,1,Naukri,2025-10-12
5186,1,LinkedIn,2024-05-02
5186,2,LinkedIn,2024-07-13
5186,3,CareerSite,2024-07-23
5187,1,CareerSite,2025-06-04
5187,2,CareerSite,2025-09-04
5188,1,LinkedIn,2023-04-01
5188,2,Naukri,2023-05-10
5189,1,Agency,2024-06-09
5189,2,Naukri,2024-10-30
5190,1,Referral,2025-09-09
5191,1,Naukri,2024-04-09
5192,1,LinkedIn,2023-06-18
5192,2,Naukri,2025-09-23
5193,1,Naukri,2025-04-23
5194,1,Agency,2024-05-02
5194,2,LinkedIn,2025-05-25
5195,1,LinkedIn,2024-01-23
5195,2,LinkedIn,2025-02-05
5196,1,Naukri,2025-07-06
5197,1,Agency,2025-12-23
5198,1,Referral,2023-05-31
5199,1,CareerSite,2023-07-11
5200,1,Referral,2024-08-19
5200,2,Referral,2025-07-13
5201,1,Naukri,2023-04-18
5201,2,LinkedIn,2023-10-25
5201,3,CareerSite,2025-08-23
5202,1,LinkedIn,2024-04-16
5202,2,LinkedIn,2025-09-14
5203,1,LinkedIn,2023-07-17
5203,2,Naukri,2023-11-23
5204,1,Naukri,2024-02-21
5205,1,LinkedIn,2024-09-16
5206,1,Naukri,2024-06-29
5207,1,Naukri,2025-08-28
5208,1,Referral,2025-02-24
5208,2,Naukri,2025-06-26
5209,1,Naukri,2023-05-26
5210,1,LinkedIn,2023-08-19
5210,2,LinkedIn,2025-09-13
5211,1,Referral,2024-02-07
5212,1,Naukri,2025-10-27
5212,2,LinkedIn,2025-12-22
5213,1,LinkedIn,2023-12-20
5214,1,Agency,2024-04-07
5214,2,LinkedIn,2025-02-14
5215,1,LinkedIn,2024-01-25
5215,2,Referral,2025-08-02
5216,1,Naukri,2023-09-02
5216,2,Referral,2023-10-30
5216,3,LinkedIn,2024-12-02
5217,1,Naukri,2023-03-01
5218,1,LinkedIn,2023-07-27
5219,1,LinkedIn,2023-03-26
5219,2,LinkedIn,2025-12-16
5220,1,LinkedIn,2024-03-21
5221,1,Naukri,2025-01-05
5222,1,Naukri,2025-05-13
5223,1,LinkedIn,2025-11-04
5224,1,LinkedIn,2024-08-30
5225,1,LinkedIn,2024-11-24
5226,1,CareerSite,2023-03-15
5226,2,LinkedIn,2025-05-18
5227,1,LinkedIn,2023-09-21
5228,1,Naukri,2025-10-26
5229,1,CareerSite,2023-12-28
5230,1,LinkedIn,2024-08-15
5231,1,Referral,2023-04-20
5232,1,LinkedIn,2023-11-07
5232,2,LinkedIn,2024-12-26
5232,3,Naukri,2025-09-15
5233,1,Referral,2025-05-08
5234,1,Agency,2025-09-07
5235,1,LinkedIn,2023-11-26
5235,2,LinkedIn,2024-07-20
5236,1,Referral,2023-08-08
5236,2,Referral,2024-08-11
5236,3,Naukri,2025-01-05
5237,1,Referral,2023-07-07
5237,2,Agency,2023-08-18
5238,1,CareerSite,2024-11-21
5238,2,Referral,2025-10-16
5239,1,Naukri,2024-11-30
5240,1,Naukri,2023-09-15
5240,2,Referral,2024-07-20
5240,3,Naukri,2024-09-15
5241,1,LinkedIn,2025-08-16
5242,1,LinkedIn,2025-07-07
5242,2,Referral,2025-10-15
5243,1,LinkedIn,2023-07-15
5244,1,Naukri,2023-01-07
5245,1,LinkedIn,2024-02-07
5246,1,LinkedIn,2023-03-01
5247,1,Agency,2023-10-05
5247,2,Naukri,2025-02-04
5248,1,Referral,2025-05-25
5248,2,LinkedIn,2025-08-16
5249,1,LinkedIn,2023-03-01
5250,1,Agency,2024-07-29
5251,1,LinkedIn,2023-01-01
5251,2,LinkedIn,2023-05-30
5252,1,LinkedIn,2024-07-11
5253,1,LinkedIn,2025-02-16
5254,1,LinkedIn,2025-10-18
5255,1,Naukri,2023-05-26
5256,1,CareerSite,2025-04-01
5256,2,Referral,2025-05-25
5257,1,LinkedIn,2023-02-26
5257,2,LinkedIn,2025-06-18
5258,1,LinkedIn,2024-04-02
5258,2,LinkedIn,2024-07-26
5259,1,Naukri,2023-04-09
5259,2,LinkedIn,2023-10-04
5260,1,Naukri,2023-01-25
5261,1,Naukri,2024-11-06
5262,1,Naukri,2025-08-22
5263,1,Naukri,2024-02-25
5264,1,LinkedIn,2025-02-07
5265,1,CareerSite,2023-09-05
5266,1,LinkedIn,2023-09-19
5266,2,Naukri,2024-03-09
5266,3,Agency,2024-05-02
5267,1,Naukri,2024-08-04
5267,2,LinkedIn,2025-11-29
5268,1,Naukri,2025-04-18
5269,1,LinkedIn,2023-02-10
5269,2,Referral,2023-03-13
5270,1,Agency,2024-04-09
5270,2,CareerSite,2024-04-21
5270,3,LinkedIn,2024-07-05
5271,1,LinkedIn,2023-06-11
5271,2,Referral,2023-10-26
5271,3,LinkedIn,2025-12-11
5272,1,Referral,2023-03-19
5273,1,Referral,2023-01-26
5274,1,Agency,2025-07-09
5275,1,Referral,2023-01-16
5276,1,LinkedIn,2023-03-11
5276,2,Naukri,2024-03-22
5277,1,Referral,2024-11-19
5278,1,Referral,2023-02-16
5279,1,Referral,2024-06-06
5280,1,LinkedIn,2025-11-29
5281,1,LinkedIn,2023-12-04
5281,2,LinkedIn,2025-02-22
5282,1,Naukri,2024-01-24
5282,2,Naukri,2024-10-14
5283,1,LinkedIn,2025-04-30
5283,2,LinkedIn,2025-06-10
5284,1,LinkedIn,2024-12-28
5284,2,Naukri,2025-09-26
5285,1,LinkedIn,2023-03-28
5286,1,Naukri,2024-04-12
5286,2,LinkedIn,2024-06-12
5287,1,Naukri,2023-07-15
5287,2,Referral,2024-07-10
5288,1,CareerSite,2025-03-26
5288,2,CareerSite,2025-07-23
5289,1,LinkedIn,2025-10-27
5290,1,LinkedIn,2025-11-18
5291,1,Referral,2023-12-27
5292,1,Naukri,2024-03-24
5293,1,Agency,2023-11-11
5294,1,LinkedIn,2025-01-20
5294,2,LinkedIn,2025-09-01
5295,1,Referral,2023-08-28
5295,2,LinkedIn,2024-10-03
5296,1,LinkedIn,2024-05-05
5296,2,Naukri,2025-03-18
5297,1,Naukri,2023-09-20
5298,1,Naukri,2023-01-22
5299,1,LinkedIn,2023-12-07
5300,1,LinkedIn,2023-09-20
5301,1,LinkedIn,2023-04-07
5301,2,Referral,2024-06-18
5302,1,LinkedIn,2023-08-14
5302,2,Naukri,2025-08-02
5303,1,Referral,2023-03-31
5304,1,LinkedIn,2023-10-14
5304,2,LinkedIn,2025-09-12
5305,1,Naukri,2025-04-18
5306,1,Naukri,2024-01-24
5307,1,Referral,2025-11-23
5308,1,Naukri,2025-02-13
5309,1,Referral,2023-04-21
5310,1,LinkedIn,2024-08-03
5311,1,LinkedIn,2023-10-13
5312,1,Naukri,2025-03-28
5313,1,LinkedIn,2024-02-16
5313,2,LinkedIn,2024-09-30
5314,1,LinkedIn,2025-07-22
5315,1,Naukri,2023-09-12
5315,2,Referral,2024-10-15
5316,1,Naukri,2024-03-03
5316,2,Naukri,2024-10-19
5317,1,Naukri,2023-04-24
5317,2,Referral,2023-08-30
5317,3,LinkedIn,2025-11-24
5318,1,Referral,2023-05-04
5318,2,LinkedIn,2024-08-14
5319,1,LinkedIn,2024-05-21
5319,2,LinkedIn,2024-11-24
5320,1,Naukri,2023-04-08
5320,2,Referral,2024-04-30
5321,1,Naukri,2025-02-25
5322,1,Agency,2025-03-15
5323,1,LinkedIn,2023-05-13
5324,1,Naukri,2024-04-01
5324,2,CareerSite,2024-06-08
5325,1,Referral,2023-04-08
5325,2,Referral,2024-09-22
5325,3,Naukri,2025-09-01
5326,1,Referral,2023-02-08
5326,2,Agency,2024-06-24
5327,1,Naukri,2025-02-08
5328,1,Naukri,2023-06-23
5329,1,Referral,2023-07-08
5329,2,LinkedIn,2023-12-11
5330,1,Naukri,2024-11-10
5331,1,Naukri,2025-04-20
5332,1,LinkedIn,2024-01-24
5333,1,Naukri,2023-12-18
5334,1,LinkedIn,2023-08-29
5335,1,Referral,2024-08-07
5336,1,LinkedIn,2024-12-26
5337,1,LinkedIn,2025-02-06
5338,1,LinkedIn,2024-10-25
5338,2,LinkedIn,2024-12-28
5339,1,LinkedIn,2023-07-26
5340,1,LinkedIn,2025-06-10
5341,1,LinkedIn,2023-12-16
5342,1,Referral,2024-10-09
5343,1,CareerSite,2024-08-05
5344,1,Referral,2025-02-28
5345,1,CareerSite,2024-09-22
5345,2,CareerSite,2024-09-28
5346,1,LinkedIn,2023-08-03
5346,2,LinkedIn,2024-09-24
5347,1,Referral,2023-02-15
5348,1,LinkedIn,2024-05-02
5349,1,LinkedIn,2023-10-27
5350,1,Referral,2025-10-25
5351,1,Referral,2025-08-03
5352,1,LinkedIn,2023-04-22
5352,2,Referral,2023-05-12
5353,1,LinkedIn,2025-03-05
5354,1,Naukri,2023-08-29
5355,1,Referral,2024-08-06
5355,2,Naukri,2024-09-05
5356,1,LinkedIn,2024-07-05
5357,1,Agency,2023-02-25
5357,2,Naukri,2024-09-18
5357,3,LinkedIn,2025-08-04
5358,1,LinkedIn,2025-12-18
5359,1,Referral,2023-11-06
5359,2,LinkedIn,2023-11-19
5359,3,LinkedIn,2025-11-04
5360,1,Naukri,2025-01-11
5361,1,Naukri,2024-08-12
5361,2,LinkedIn,2025-10-23
5362,1,CareerSite,2024-07-28
5362,2,Referral,2025-11-02
5363,1,Referral,2025-12-04
5364,1,LinkedIn,2024-09-13
5364,2,Naukri,2025-03-17
5365,1,Referral,2023-08-04
5366,1,Naukri,2023-04-16
5366,2,Referral,2025-06-27
5367,1,Agency,2024-09-24
5368,1,LinkedIn,2023-09-14
5368,2,LinkedIn,2023-12-24
5369,1,LinkedIn,2023-03-16
5370,1,Naukri,2024-08-22
5370,2,LinkedIn,2025-01-13
5371,1,Naukri,2023-10-15
5372,1,CareerSite,2024-02-29
5373,1,CareerSite,2025-08-15
5373,2,LinkedIn,2025-10-08
5374,1,Naukri,2025-10-17
5375,1,LinkedIn,2024-11-12
5376,1,CareerSite,2023-06-10
5377,1,LinkedIn,2023-02-12
5378,1,Referral,2023-01-23
5379,1,LinkedIn,2024-02-10
5380,1,Agency,2023-04-10
5380,2,LinkedIn,2025-09-15
5381,1,Referral,2023-12-21
5382,1,LinkedIn,2024-01-28
5383,1,Agency,2024-11-04
5383,2,Naukri,2025-03-07
5384,1,Agency,2024-07-10
5385,1,Naukri,2023-10-21
5386,1,Referral,2024-12-23
5387,1,Naukri,2023-09-02
5387,2,Naukri,2024-11-03
5387,3,LinkedIn,2025-09-21
5388,1,LinkedIn,2025-08-31
5389,1,Referral,2023-07-08
5390,1,LinkedIn,2023-02-04
5390,2,Naukri,2023-11-20
5391,1,Agency,2025-06-09
5392,1,Naukri,2024-03-22
5393,1,Naukri,2025-02-02
5394,1,LinkedIn,2024-05-12
5395,1,Referral,2025-12-03
5396,1,LinkedIn,2023-02-15
5397,1,Naukri,2023-01-29
5397,2,LinkedIn,2025-11-23
5398,1,LinkedIn,2024-03-13
5399,1,Naukri,2025-08-02
5400,1,Naukri,2025-12-25
5401,1,Agency,2025-01-16
5402,1,Referral,2023-01-27
5402,2,Referral,2024-05-02
5402,3,Referral,2024-07-02
5403,1,LinkedIn,2024-05-07
5404,1,CareerSite,2023-07-13
5405,1,LinkedIn,2023-08-07
5406,1,Naukri,2025-04-23
5407,1,Naukri,2025-03-22
5408,1,Naukri,2025-02-25
5408,2,Naukri,2025-04-14
5409,1,CareerSite,2025-07-17
5410,1,LinkedIn,2023-12-18
5411,1,CareerSite,2023-01-21
5411,2,LinkedIn,2023-11-06
5411,3,LinkedIn,2024-07-25
5412,1,LinkedIn,2023-09-29
5412,2,Naukri,2024-05-16
5412,3,Referral,2024-06-11
5413,1,Referral,2023-05-27
5414,1,Agency,2024-12-22
5415,1,Referral,2023-12-27
5416,1,LinkedIn,2023-10-14
5416,2,LinkedIn,2024-01-23
5417,1,LinkedIn,2024-10-20
5418,1,CareerSite,2023-03-02
5419,1,LinkedIn,2023-08-17
5420,1,Referral,2025-03-25
5421,1,Naukri,2024-12-24
5422,1,Agency,2023-09-13
5422,2,CareerSite,2025-10-02
5423,1,CareerSite,2023-07-22
5424,1,LinkedIn,2023-08-10
5424,2,LinkedIn,2025-06-14
5425,1,LinkedIn,2023-09-10
5426,1,Referral,2023-12-16
5426,2,LinkedIn,2025-01-17
5427,1,Referral,2023-08-04
5427,2,LinkedIn,2024-05-22
5427,3,Referral,2025-02-13
5428,1,Referral,2024-12-31
5429,1,LinkedIn,2023-05-31
5429,2,Naukri,2023-09-10
5429,3,Referral,2025-07-18
5430,1,Naukri,2023-07-24
5430,2,Naukri,2024-11-21
5430,3,LinkedIn,2025-02-16
5431,1,Agency,2025-09-05
5432,1,LinkedIn,2025-01-08
5432,2,Referral,2025-02-13
5433,1,Naukri,2023-03-09
5434,1,Naukri,2023-01-30
5435,1,Naukri,2024-11-29
5435,2,CareerSite,2025-01-19
5436,1,Agency,2024-10-15
5437,1,CareerSite,2025-02-22
5438,1,CareerSite,2024-12-13
5438,2,Naukri,2025-06-07
5439,1,LinkedIn,2023-07-07
5439,2,Naukri,2023-11-11
5440,1,LinkedIn,2023-08-23
5441,1,Referral,2023-10-14
5442,1,Referral,2023-03-08
5443,1,LinkedIn,2025-04-11
5444,1,LinkedIn,2025-09-19
5445,1,LinkedIn,2025-08-19
5446,1,Referral,2024-01-03
5447,1,LinkedIn,2025-10-08
5448,1,Naukri,2024-01-07
5449,1,Referral,2025-09-26
5450,1,LinkedIn,2023-08-03
5451,1,LinkedIn,2025-09-16
5452,1,LinkedIn,2024-04-02
5452,2,Naukri,2025-02-27
5453,1,CareerSite,2023-01-31
5453,2,LinkedIn,2024-12-13
5454,1,Agency,2025-08-28
5455,1,LinkedIn,2024-07-06
5455,2,Naukri,2024-11-07
5456,1,CareerSite,2023-12-28
5457,1,Naukri,2025-11-26
5458,1,LinkedIn,2024-09-25
5458,2,LinkedIn,2025-06-05
5459,1,Referral,2023-12-30
5460,1,Naukri,2023-07-18
5461,1,Agency,2023-01-08
5461,2,Referral,2023-06-24
5462,1,Naukri,2024-03-22
5463,1,Naukri,2024-10-20
5464,1,LinkedIn,2025-05-16
5465,1,LinkedIn,2023-07-11
5465,2,CareerSite,2024-08-18
5466,1,LinkedIn,2023-01-16
5466,2,Referral,2023-04-11
5466,3,Referral,2024-04-20
5467,1,LinkedIn,2025-08-05
5468,1,LinkedIn,2023-03-20
5469,1,LinkedIn,2023-07-25
5470,1,LinkedIn,2024-05-24
5471,1,Naukri,2024-06-07
5472,1,LinkedIn,2023-04-13
5473,1,Naukri,2023-12-21
5473,2,Naukri,2024-02-22
5474,1,LinkedIn,2023-01-14
5474,2,LinkedIn,2024-10-05
5475,1,LinkedIn,2023-12-19
5475,2,CareerSite,2025-10-20
5476,1,Naukri,2024-03-07
5477,1,LinkedIn,2024-02-14
5478,1,LinkedIn,2023-09-15
5478,2,Referral,2024-06-07
5478,3,Naukri,2025-12-11
5479,1,Naukri,2023-03-13
5480,1,CareerSite,2024-06-29
5480,2,Referral,2025-01-26
5481,1,LinkedIn,2023-03-27
5482,1,LinkedIn,2023-08-04
5483,1,Naukri,2025-09-09
5484,1,LinkedIn,2023-01-14
5484,2,LinkedIn,2025-09-21
5485,1,LinkedIn,2023-07-05
5486,1,LinkedIn,2024-09-01
5487,1,Referral,2023-10-09
5488,1,LinkedIn,2025-05-01
5489,1,Referral,2023-05-26
5490,1,Referral,2024-02-02
5491,1,Agency,2024-07-30
5492,1,Referral,2024-11-30
5492,2,Naukri,2025-05-05
5493,1,CareerSite,2023-12-10
5494,1,LinkedIn,2024-10-17
5494,2,LinkedIn,2025-05-16
5495,1,Referral,2025-05-03
5495,2,LinkedIn,2025-06-30
5496,1,Naukri,2024-12-11
5496,2,Agency,2025-07-26
5497,1,Referral,2025-02-12
5498,1,Agency,2023-03-30
5498,2,LinkedIn,2023-05-19
5499,1,Naukri,2023-05-09
5499,2,Naukri,2023-05-10
5500,1,LinkedIn,2023-08-06
5500,2,LinkedIn,2024-08-20
